SKU_ID,SKU_Name,Category,ABC_Class,Supplier_ID,Supplier_Name,Warehouse_ID,Warehouse_Location,Batch_ID,Received_Date,Last_Purchase_Date,Expiry_Date,Stock_Age_Days,Quantity_On_Hand,Quantity_Reserved,Quantity_Committed,Damaged_Qty,Returns_Qty,Avg_Daily_Sales,Forecast_Next_30d,Days_of_Inventory,Reorder_Point,Safety_Stock,Lead_Time_Days,Unit_Cost_USD,Last_Purchase_Price_USD,Total_Inventory_Value_USD,SKU_Churn_Rate,Order_Frequency_per_month,Supplier_OnTime_Pct,FIFO_FEFO,Inventory_Status,Count_Variance,Audit_Date,Audit_Variance_Pct,Demand_Forecast_Accuracy_Pct,Notes,Rate_Level,Available_Stock,New_Stock_Status,Stock_Status,Reorder_Flag,Stockout_Risk,Coverage_Gap,Risk_Level,Inventory_Turnover,Turnover_Category,Demand_Supply_Ratio,Supplier_Risk,Supplier_Risk_Level,Inventory_Risk,SC_Risk_Score,Supplier_Class,Warehouse_Stock_Imbalance,Warehouse_Imbalance_Level,Optimization_Score
SKU0001,Pantry Product 13,Pantry,A,S005,PT Agro Raya,WHBDG,Bandung - Rancaekek,BATCH2679,14/07/2025,01/06/2025,25/04/2027,57,359,100,36,0,0,28.57,9710,12.57,28.57,22,1,$5.81,$5.71,"$2,084.25",2.39,5,0.7068,FIFO,In Stock,0,26/06/2025,-7.14%,95.67%,No Notes,Low,223,In Stock,Low,FALSE,FALSE,0,Low Risk,29.04749304,Fast Moving,0.079582173,0.29,Low,0,0.29,A - Good,192.2676003,Moderate Imbalance (~192),0
SKU0002,Fresh Product 112,Fresh Produce,C,S004,PT Nusantara Supplier,WHDPS,Denpasar - Tabanan,BATCH4257,08/04/2025,22/02/2025,11/04/2025,154,314,64,0,0,1,34.99,7960,8.97,489.86,254,14,$1.45,$1.33,$456.71,3.34,12,0.8461,FEFO,Low Stock,4,12/08/2025,2.15%,86.00%,No Notes,Medium,250,In Stock,Critical,TRUE,TRUE,5.03,Medium Risk,40.67308917,Fast Moving,0.111433121,2.15,Medium,5.03,7.18,B - Normal,206.5718724,High Variation (~206),18.06
SKU0003,Meat Product 446,Meat,B,S001,PT Segar Makmur,WHBDG,Bandung - Rancaekek,BATCH6574,15/03/2025,26/02/2025,02/04/2025,178,485,28,62,3,1,36.55,1377,13.27,146.2,79,4,$1.86,$1.69,$902.63,2.26,11,0.8536,FIFO,Expiring Soon,-5,13/08/2025,6.85%,87.64%,No Notes,Low,392,In Stock,Low,FALSE,FALSE,0,Low Risk,27.50670103,Fast Moving,0.075360825,0.59,Low,0,0.59,A - Good,192.2676003,Moderate Imbalance (~192),0
SKU0004,Seafood Product 48,Seafood,A,S007,PT Bakerindo,WHJKT,Jakarta - Cengkareng,BATCH5333,10/06/2025,20/04/2025,18/06/2025,91,281,92,49,0,0,25.49,7160,11.02,101.96,60,4,$14.50,$14.12,"$4,073.15",2.72,10,0.7281,FIFO,Expiring Soon,0,13/07/2025,-6.69%,71.15%,No Notes,Low,140,In Stock,Low,FALSE,FALSE,0,Low Risk,33.10978648,Fast Moving,0.090711744,1.09,Low,0,1.09,A - Good,213.1579776,Very Uneven (~213+),0
SKU0005,Personal Product 194,Personal Care,A,S002,PT Indo Fresh,WHDPS,Denpasar - Tabanan,BATCH6925,26/06/2025,21/05/2025,03/01/2030,75,235,63,33,0,2,17.05,5180,13.78,51.15,29,3,$9.46,$10.31,"$2,222.91",2.18,2,0.7093,FIFO,In Stock,-5,11/06/2025,1.23%,76.25%,High return rate,Low,139,In Stock,Low,FALSE,FALSE,0,Low Risk,26.48191489,Fast Moving,0.072553191,0.87,Low,0,0.87,A - Good,206.5718724,High Variation (~206),0
SKU0006,Beverages Product 41,Beverages,A,S004,PT Nusantara Supplier,WHJKT,Jakarta - Cengkareng,BATCH8428,04/06/2025,25/04/2025,25/12/2027,97,446,66,31,1,1,32.81,1058,13.59,229.67,119,7,$5.16,$5.86,"$2,303.14",2.21,7,0.7644,FEFO,In Stock,-4,20/08/2025,1.98%,71.23%,No Notes,Low,348,In Stock,Low,FALSE,FALSE,0,Low Risk,26.85123318,Fast Moving,0.073565022,1.65,Low,0,1.65,A - Good,213.1579776,Very Uneven (~213+),0
SKU0007,Dairy Product 137,Dairy,C,S002,PT Indo Fresh,WHDPS,Denpasar - Tabanan,BATCH9751,31/03/2025,13/02/2025,12/04/2025,162,368,87,118,0,0,53.35,1521,6.9,106.7,62,2,$2.13,$2.36,$784.87,4.35,13,0.9782,FIFO,Expiring Soon,0,20/08/2025,7.21%,68.44%,No Notes,Medium,163,In Stock,Critical,FALSE,FALSE,0,Medium Risk,52.91508152,Very Fast Moving,0.144972826,0.04,Low,0,0.04,A - Good,206.5718724,High Variation (~206),0
SKU0008,Meat Product 474,Meat,C,S009,PT Beverage Nusantara,WHBDG,Bandung - Rancaekek,BATCH1916,18/03/2025,04/03/2025,02/04/2025,175,135,73,32,0,1,21.71,4690,6.22,43.42,23,2,$4.89,$5.62,$660.64,4.82,9,0.9369,FIFO,Expiring Soon,-5,31/07/2025,-4.66%,73.11%,No Notes,Medium,30,Low,Critical,FALSE,FALSE,0,Medium Risk,58.69740741,Very Fast Moving,0.160814815,0.13,Low,0,0.13,A - Good,192.2676003,Moderate Imbalance (~192),0
SKU0009,Fresh Product 468,Fresh Produce,B,S010,PT DailyDairy,WHSBY,Surabaya - Sidoarjo,BATCH9179,17/07/2025,22/06/2025,30/07/2025,54,1,126,83,0,0,78.76,1975,0.01,236.28,121,3,$1.33,$1.40,"$1,562.93",2.02,22,0.8141,FEFO,Expiring Soon,1,22/08/2025,3.55%,84.52%,No Notes,Low,-208,Out of Stock,Critical,TRUE,TRUE,2.99,High Risk,28747.4,Very Fast Moving,78.76,0.56,Low,2.99,3.55,A - Good,199.2482854,High Variation (~206),13.98
SKU0010,Meat Product 288,Meat,C,S009,PT Beverage Nusantara,WHSBY,Surabaya - Sidoarjo,BATCH7543,13/04/2025,21/03/2025,01/05/2025,149,49,12,16,0,0,7.23,1760,6.78,50.61,34,7,$11.34,$11.67,$555.45,4.43,9,0.8713,FIFO,Low Stock,-3,23/08/2025,-4.78%,70.60%,No Notes,Medium,21,Low,Critical,TRUE,TRUE,0.22,Medium Risk,53.85612245,Very Fast Moving,0.14755102,0.9,Low,0.22,1.12,A - Good,199.2482854,High Variation (~206),8.44
SKU0011,Fresh Product 25,Fresh Produce,C,S002,PT Indo Fresh,WHBDG,Bandung - Rancaekek,BATCH7916,02/04/2025,23/02/2025,07/04/2025,160,711,4,124,2,2,36.155,274,19.67,72.31,80,2,$1.12,$1.07,$795.61,3.19,27,0.8085,FIFO,Expiring Soon,0,22/07/2025,-3.49%,84.99%,No Notes,Medium,581,In Stock,Low,FALSE,FALSE,0,Low Risk,18.56058368,Medium Moving,0.050850914,0.38,Low,0,0.38,A - Good,192.2676003,Moderate Imbalance (~192),0
SKU0012,Personal Product 271,Personal Care,C,S005,PT Agro Raya,WHDPS,Denpasar - Tabanan,BATCH2876,07/09/2025,26/07/2025,01/07/2030,2,66,16,12,1,0,6.86,1790,9.62,48.02,25,7,$6.85,$7.15,$452.13,3.12,5,0.8092,FEFO,Low Stock,2,19/06/2025,-0.15%,60.92%,No Notes,Medium,37,Low,Critical,FALSE,FALSE,0,Medium Risk,37.93787879,Fast Moving,0.103939394,1.34,Low,0,1.34,A - Good,206.5718724,High Variation (~206),0
SKU0013,Meat Product 81,Meat,C,S008,PT Hygienic Supplies,WHJKT,Jakarta - Cengkareng,BATCH3927,04/07/2025,02/06/2025,25/07/2025,67,443,71,24,0,1,37.28,1165,11.88,260.96,133,7,$1.66,$1.57,$736.40,2.52,9,0.9588,FIFO,Expiring Soon,-4,21/06/2025,1.14%,63.69%,No Notes,Low,348,In Stock,Low,FALSE,FALSE,0,Low Risk,30.71602709,Fast Moving,0.084153499,0.29,Low,0,0.29,A - Good,213.1579776,Very Uneven (~213+),0
SKU0014,Pantry Product 312,Pantry,B,S004,PT Nusantara Supplier,WHBDG,Bandung - Rancaekek,BATCH9837,06/06/2025,18/04/2025,02/05/2027,95,130,71,51,0,0,21.21,7840,6.13,148.47,83,7,$11.19,$11.78,"$1,454.61",4.89,10,0.7895,FIFO,Low Stock,-1,25/06/2025,-8.37%,61.05%,No Notes,Medium,8,Low,Critical,TRUE,TRUE,0.87,Medium Risk,59.55115385,Very Fast Moving,0.163153846,1.47,Low,0.87,2.34,A - Good,192.2676003,Moderate Imbalance (~192),9.74
SKU0015,Fresh Product 476,Fresh Produce,C,S006,PT Frozen Express,WHSBY,Surabaya - Sidoarjo,BATCH4946,10/07/2025,15/05/2025,13/07/2025,0,231,81,42,0,0,29.5,8500,7.83,206.5,107,7,$1.48,$1.49,$342.25,3.83,8,0.7707,FIFO,Low Stock,1,30/08/2025,3.99%,88.27%,No Notes,Medium,108,In Stock,Critical,FALSE,FALSE,0,Medium Risk,46.61255411,Fast Moving,0.127705628,1.61,Low,0,1.61,A - Good,199.2482854,High Variation (~206),0
SKU0016,Household Product 390,Household,C,S009,PT Beverage Nusantara,WHBDG,Bandung - Rancaekek,BATCH8787,08/08/2025,09/06/2025,20/04/2030,32,0,11,16,0,0,4.47,1010,0,13.41,14,3,$2.33,$2.13,$109.53,2.85,2,0.7051,FIFO,In Stock,0,07/08/2025,1.32%,71.83%,No Notes,Low,-27,Out of Stock,Critical,TRUE,TRUE,3,High Risk,inf,Very Fast Moving,inf,0.88,Low,3,3.88,A - Good,192.2676003,Moderate Imbalance (~192),14
SKU0017,Pantry Product 494,Pantry,A,S004,PT Nusantara Supplier,WHDPS,Denpasar - Tabanan,BATCH6107,17/03/2025,20/02/2025,02/05/2027,176,197,2,26,0,4,24.4,8890,8.07,244,126,10,$11.52,$10.50,"$2,269.74",3.72,4,0.8728,FEFO,Low Stock,0,15/07/2025,-2.51%,85.03%,No Notes,Medium,169,In Stock,Critical,TRUE,TRUE,1.93,Medium Risk,45.20812183,Fast Moving,0.123857868,1.27,Low,1.93,3.2,A - Good,206.5718724,High Variation (~206),11.86
SKU0018,Frozen Product 127,Frozen,A,S004,PT Nusantara Supplier,WHJKT,Jakarta - Cengkareng,BATCH4770,15/06/2025,09/05/2025,17/12/2025,86,484,22,107,0,0,24.18,7360,20.02,241.8,151,10,$7.58,$8.38,"$3,669.49",1.84,10,0.8028,FIFO,In Stock,-5,09/09/2025,3.03%,74.34%,Seasonal SKU,Low,355,In Stock,Low,FALSE,FALSE,0,Low Risk,18.23491736,Medium Moving,0.049958678,1.97,Low,0,1.97,A - Good,213.1579776,Very Uneven (~213+),0
SKU0019,Meat Product 464,Meat,C,S001,PT Segar Makmur,WHSBY,Surabaya - Sidoarjo,BATCH4899,22/08/2025,05/08/2025,12/09/2025,18,41,6,2,3,0,3.49,950,11.75,13.96,10,4,$11.33,$13.01,$464.73,2.55,3,0.9226,FEFO,Expiring Soon,4,13/08/2025,-1.75%,95.37%,No Notes,Low,30,Low,Low,FALSE,FALSE,0,Low Risk,31.0695122,Fast Moving,0.085121951,0.31,Low,0,0.31,A - Good,199.2482854,High Variation (~206),0
SKU0020,Beverages Product 452,Beverages,B,S010,PT DailyDairy,WHDPS,Denpasar - Tabanan,BATCH8749,11/05/2025,21/03/2025,20/09/2027,121,1,182,197,0,0,90.45,2685,0.01,271.35,145,3,$1.00,$1.12,"$1,382.05",1.97,22,0.8777,FEFO,In Stock,0,16/08/2025,-2.90%,78.73%,Fragile,Low,-378,Out of Stock,Critical,TRUE,TRUE,2.99,High Risk,33014.25,Very Fast Moving,90.45,0.37,Low,2.99,3.36,A - Good,206.5718724,High Variation (~206),13.98
SKU0021,Seafood Product 211,Seafood,B,S008,PT Hygienic Supplies,WHJKT,Jakarta - Cengkareng,BATCH1993,21/03/2025,24/02/2025,25/03/2025,172,123,17,11,0,0,7.17,1620,17.15,50.19,33,7,$9.20,$8.45,"$1,131.37",1.75,6,0.811,FEFO,Expiring Soon,0,27/08/2025,6.44%,97.49%,No Notes,Low,95,In Stock,Low,FALSE,FALSE,0,Low Risk,21.27682927,Fast Moving,0.058292683,1.32,Low,0,1.32,A - Good,213.1579776,Very Uneven (~213+),0
SKU0022,Dairy Product 230,Dairy,C,S003,PT Prima Distribusi,WHMDN,Medan - Deli Serdang,BATCH8579,25/07/2025,10/07/2025,09/08/2025,46,87,87,0,3,1,47.3,149,1.84,141.9,75,3,$1.07,$0.99,$92.85,16.31,15,0.9562,FIFO,Low Stock,0,15/07/2025,-7.65%,96.56%,No Notes,High,-3,Out of Stock,Critical,TRUE,TRUE,1.16,High Risk,198.4425287,Very Fast Moving,0.543678161,0.13,Low,1.16,1.29,A - Good,202.6218382,High Variation (~206),10.32
SKU0023,Household Product 51,Household,B,S001,PT Segar Makmur,WHDPS,Denpasar - Tabanan,BATCH4872,06/09/2025,27/08/2025,16/03/2027,3,0,38,30,1,2,19.3,6610,0,270.2,137,14,$4.86,$4.58,"$1,020.62",2.76,5,0.7501,FEFO,Low Stock,-2,09/07/2025,-5.66%,94.78%,No Notes,Low,-69,Out of Stock,Critical,TRUE,TRUE,14,High Risk,inf,Very Fast Moving,inf,3.5,Medium,14,17.5,B - Normal,206.5718724,High Variation (~206),36
SKU0024,Household Product 463,Household,C,S001,PT Segar Makmur,WHBDG,Bandung - Rancaekek,BATCH7396,04/06/2025,19/05/2025,08/06/2026,97,58,9,1,2,1,8.38,1960,6.92,25.14,14,3,$13.11,$12.72,$760.58,4.33,5,0.9586,FEFO,In Stock,-2,04/08/2025,-1.78%,62.90%,No Notes,Medium,46,Low,Critical,FALSE,FALSE,0,Medium Risk,52.7362069,Very Fast Moving,0.144482759,0.12,Low,0,0.12,A - Good,192.2676003,Moderate Imbalance (~192),0
SKU0025,Personal Product 402,Personal Care,B,S009,PT Beverage Nusantara,WHMDN,Medan - Deli Serdang,BATCH5861,01/08/2025,19/07/2025,24/08/2027,39,77,7,9,0,2,4.96,1410,15.52,14.88,16,3,$13.92,$15.91,"$1,072.16",1.93,1,0.9551,FIFO,In Stock,0,27/06/2025,6.84%,70.39%,No Notes,Low,61,In Stock,Low,FALSE,FALSE,0,Low Risk,23.51168831,Fast Moving,0.064415584,0.13,Low,0,0.13,A - Good,202.6218382,High Variation (~206),0
SKU0026,Fresh Product 161,Fresh Produce,B,S001,PT Segar Makmur,WHJKT,Jakarta - Cengkareng,BATCH9238,13/04/2025,14/02/2025,23/04/2025,149,801,163,83,1,1,79.98,2569,10.02,239.94,121,3,$2.09,$2.38,"$1,672.81",3,20,0.8535,FIFO,Expiring Soon,1,02/09/2025,2.12%,73.61%,No Notes,Low,554,In Stock,Low,FALSE,FALSE,0,Low Risk,36.44531835,Fast Moving,0.099850187,0.44,Low,0,0.44,A - Good,213.1579776,Very Uneven (~213+),0
SKU0027,Fresh Product 96,Fresh Produce,B,S002,PT Indo Fresh,WHDPS,Denpasar - Tabanan,BATCH4853,23/08/2025,29/07/2025,05/09/2025,17,470,138,111,1,1,44.01,1032,10.68,132.03,73,3,$2.00,$2.18,$939.58,2.81,14,0.8157,FIFO,Expiring Soon,0,29/06/2025,2.41%,60.55%,No Notes,Low,220,In Stock,Low,FALSE,FALSE,0,Low Risk,34.17797872,Fast Moving,0.093638298,0.55,Low,0,0.55,A - Good,206.5718724,High Variation (~206),0
SKU0028,Pantry Product 318,Pantry,B,S002,PT Indo Fresh,WHMDN,Medan - Deli Serdang,BATCH9565,25/03/2025,05/03/2025,02/07/2029,168,293,4,27,2,0,27.22,9480,10.76,108.88,57,4,$6.73,$7.23,"$1,972.15",2.79,8,0.8725,FEFO,In Stock,4,14/08/2025,5.93%,62.52%,No Notes,Low,260,In Stock,Low,FALSE,FALSE,0,Low Risk,33.90887372,Fast Moving,0.092901024,0.51,Low,0,0.51,A - Good,202.6218382,High Variation (~206),0
SKU0029,Seafood Product 136,Seafood,B,S007,PT Bakerindo,WHBDG,Bandung - Rancaekek,BATCH8491,22/03/2025,02/03/2025,29/03/2025,171,259,23,53,0,2,21.23,5790,12.2,63.69,34,3,$7.20,$7.57,"$1,865.81",2.46,8,0.8419,FIFO,Expiring Soon,0,08/09/2025,-5.52%,61.21%,No Notes,Low,183,In Stock,Low,FALSE,FALSE,0,Low Risk,29.91872587,Fast Moving,0.081969112,0.47,Low,0,0.47,A - Good,192.2676003,Moderate Imbalance (~192),0
SKU0030,Personal Product 52,Personal Care,B,S002,PT Indo Fresh,WHDPS,Denpasar - Tabanan,BATCH5345,17/07/2025,09/07/2025,18/05/2029,54,112,12,22,0,2,13.275,4580,8.44,185.85,101,14,$17.29,$17.65,"$1,936.29",3.56,6,0.832,FEFO,Low Stock,-2,01/09/2025,2.37%,61.39%,No Notes,Medium,78,In Stock,Critical,TRUE,TRUE,5.56,Medium Risk,43.26227679,Fast Moving,0.118526786,2.35,Medium,5.56,7.91,B - Normal,206.5718724,High Variation (~206),19.12
SKU0031,Bakery Product 81,Bakery,C,S008,PT Hygienic Supplies,WHDPS,Denpasar - Tabanan,BATCH9666,13/03/2025,13/03/2025,17/03/2025,0,134,11,16,3,1,19.25,5700,6.96,19.25,11,1,$2.36,$2.33,$316.80,4.31,10,0.7975,FEFO,Expiring Soon,-3,17/06/2025,-0.52%,82.20%,High return rate,Medium,104,In Stock,Critical,FALSE,FALSE,0,Medium Risk,52.43470149,Very Fast Moving,0.143656716,0.2,Low,0,0.2,A - Good,206.5718724,High Variation (~206),0
SKU0032,Meat Product 456,Meat,C,S002,PT Indo Fresh,WHDPS,Denpasar - Tabanan,BATCH5616,01/08/2025,24/06/2025,14/08/2025,39,17,1,6,4,1,2.29,890,7.42,2.29,9,1,$11.30,$12.71,$192.16,4.04,3,0.941,FIFO,Expiring Soon,0,28/07/2025,-8.40%,64.26%,No Notes,Medium,6,Low,Critical,FALSE,FALSE,0,Medium Risk,49.16764706,Fast Moving,0.134705882,0.06,Low,0,0.06,A - Good,206.5718724,High Variation (~206),0
SKU0033,Pantry Product 136,Pantry,C,S009,PT Beverage Nusantara,WHMDN,Medan - Deli Serdang,BATCH2512,07/07/2025,28/05/2025,19/10/2026,64,72,13,21,1,3,5.96,1510,12.08,11.92,11,2,$4.09,$3.87,$294.57,2.48,3,0.7455,FEFO,In Stock,4,05/08/2025,-3.53%,64.36%,Promotional item,Low,37,Low,Low,FALSE,FALSE,0,Low Risk,30.21388889,Fast Moving,0.082777778,0.51,Low,0,0.51,A - Good,202.6218382,High Variation (~206),0
SKU0034,Beverages Product 327,Beverages,A,S005,PT Agro Raya,WHBDG,Bandung - Rancaekek,BATCH8007,19/05/2025,14/04/2025,21/06/2029,113,509,86,48,3,1,54.19,1242,9.39,270.95,136,5,$3.95,$3.67,"$2,012.03",3.19,22,0.9752,FIFO,In Stock,2,26/08/2025,-0.54%,92.33%,High return rate,Medium,372,In Stock,Critical,FALSE,FALSE,0,Medium Risk,38.85923379,Fast Moving,0.106463654,0.12,Low,0,0.12,A - Good,192.2676003,Moderate Imbalance (~192),0
SKU0035,Pantry Product 428,Pantry,B,S006,PT Frozen Express,WHDPS,Denpasar - Tabanan,BATCH8041,21/04/2025,13/04/2025,18/02/2027,141,88,12,14,1,3,6.95,1910,12.66,48.65,27,7,$14.87,$13.99,"$1,308.27",2.37,4,0.8365,FIFO,In Stock,1,01/08/2025,6.29%,93.33%,No Notes,Low,61,In Stock,Low,FALSE,FALSE,0,Low Risk,28.82670455,Fast Moving,0.078977273,1.14,Low,0,1.14,A - Good,206.5718724,High Variation (~206),0
SKU0036,Personal Product 498,Personal Care,C,S001,PT Segar Makmur,WHSBY,Surabaya - Sidoarjo,BATCH5088,18/07/2025,06/06/2025,14/05/2030,53,0,38,23,3,0,18.94,6470,0,75.76,46,4,$7.74,$7.41,$534.34,8.23,11,0.9106,FIFO,Low Stock,2,26/07/2025,0.86%,86.36%,No Notes,Medium,-64,Out of Stock,Critical,TRUE,TRUE,4,High Risk,inf,Very Fast Moving,inf,0.36,Low,4,4.36,A - Good,199.2482854,High Variation (~206),16
SKU0037,Personal Product 209,Personal Care,A,S010,PT DailyDairy,WHBDG,Bandung - Rancaekek,BATCH3900,11/07/2025,16/05/2025,08/06/2027,0,197,20,13,2,1,19.11,6220,10.31,76.44,46,4,$12.50,$11.72,"$2,462.76",2.91,8,0.9794,FEFO,In Stock,-6,06/09/2025,-5.41%,86.37%,No Notes,Low,162,In Stock,Low,FALSE,FALSE,0,Low Risk,35.40685279,Fast Moving,0.097005076,0.08,Low,0,0.08,A - Good,192.2676003,Moderate Imbalance (~192),0
SKU0038,Personal Product 401,Personal Care,B,S007,PT Bakerindo,WHBDG,Bandung - Rancaekek,BATCH2771,03/07/2025,09/06/2025,25/05/2027,68,298,32,24,0,2,15.07,3350,19.77,75.35,46,5,$4.09,$3.70,"$1,218.16",1.52,5,0.7488,FIFO,In Stock,2,11/07/2025,3.03%,62.94%,No Notes,Low,242,In Stock,Low,FALSE,FALSE,0,Low Risk,18.45822148,Medium Moving,0.05057047,1.26,Low,0,1.26,A - Good,192.2676003,Moderate Imbalance (~192),0
SKU0039,Household Product 236,Household,C,S006,PT Frozen Express,WHSBY,Surabaya - Sidoarjo,BATCH1387,13/07/2025,01/06/2025,12/10/2027,58,85,15,34,2,2,10.575,6350,8.04,31.725,30,3,$4.13,$4.07,$351.33,5.97,6,0.752,FIFO,In Stock,-4,20/07/2025,6.06%,73.16%,No Notes,Medium,34,Low,Critical,FALSE,FALSE,0,Medium Risk,45.41029412,Fast Moving,0.124411765,0.74,Low,0,0.74,A - Good,199.2482854,High Variation (~206),0
SKU0040,Household Product 496,Household,B,S005,PT Agro Raya,WHSBY,Surabaya - Sidoarjo,BATCH7548,29/03/2025,14/02/2025,04/02/2029,164,81,24,30,5,1,8.96,3270,9.04,8.96,9,1,$10.22,$10.51,$827.67,3.32,3,0.8172,FEFO,In Stock,3,06/09/2025,9.51%,80.33%,Promotional item,Medium,22,Low,Critical,FALSE,FALSE,0,Medium Risk,40.37530864,Fast Moving,0.110617284,0.18,Low,0,0.18,A - Good,199.2482854,High Variation (~206),0
SKU0041,Dairy Product 493,Dairy,B,S005,PT Agro Raya,WHJKT,Jakarta - Cengkareng,BATCH8119,13/08/2025,22/07/2025,08/09/2025,27,398,6,3,3,3,48.59,1406,8.19,340.13,173,7,$2.17,$1.98,$861.95,3.66,18,0.7537,FEFO,Low Stock,4,16/07/2025,5.51%,75.23%,No Notes,Medium,386,In Stock,Critical,FALSE,FALSE,0,Medium Risk,44.5611809,Fast Moving,0.122085427,1.72,Low,0,1.72,A - Good,213.1579776,Very Uneven (~213+),0
SKU0042,Frozen Product 198,Frozen,B,S010,PT DailyDairy,WHBDG,Bandung - Rancaekek,BATCH8144,06/07/2025,06/07/2025,13/01/2026,65,207,57,18,2,1,47.41,1163,4.37,47.41,26,1,$7.03,$7.85,"$1,455.73",6.87,18,0.868,FIFO,In Stock,5,25/07/2025,-1.84%,79.21%,No Notes,Medium,130,In Stock,Critical,FALSE,FALSE,0,High Risk,83.597343,Very Fast Moving,0.229033816,0.13,Low,0,0.13,A - Good,192.2676003,Moderate Imbalance (~192),0
SKU0043,Personal Product 472,Personal Care,A,S006,PT Frozen Express,WHDPS,Denpasar - Tabanan,BATCH3041,21/06/2025,06/05/2025,10/03/2030,80,193,37,21,2,0,14.36,3240,13.44,100.52,54,7,$22.22,$25.24,"$4,288.52",2.23,9,0.9434,FEFO,In Stock,0,07/07/2025,-7.18%,84.06%,No Notes,Low,133,In Stock,Low,FALSE,FALSE,0,Low Risk,27.15751295,Fast Moving,0.074404145,0.4,Low,0,0.4,A - Good,206.5718724,High Variation (~206),0
SKU0044,Bakery Product 207,Bakery,C,S005,PT Agro Raya,WHDPS,Denpasar - Tabanan,BATCH7888,08/08/2025,27/06/2025,11/08/2025,0,42,15,4,2,0,5.29,1870,7.94,37.03,22,7,$1.77,$2.01,$74.37,3.78,1,0.7793,FEFO,Low Stock,3,15/06/2025,5.27%,76.16%,No Notes,Medium,21,Low,Critical,FALSE,FALSE,0,Medium Risk,45.97261905,Fast Moving,0.125952381,1.54,Low,0,1.54,A - Good,206.5718724,High Variation (~206),0
SKU0045,Dairy Product 292,Dairy,C,S005,PT Agro Raya,WHMDN,Medan - Deli Serdang,BATCH5978,22/04/2025,04/04/2025,29/04/2025,140,0,61,8,2,1,39.11,1211,0,78.22,45,2,$2.53,$2.86,$742.23,4,18,0.7032,FIFO,Expiring Soon,0,16/07/2025,-7.64%,84.75%,No Notes,Medium,-71,Out of Stock,Critical,TRUE,TRUE,2,High Risk,inf,Very Fast Moving,inf,0.59,Low,2,2.59,A - Good,202.6218382,High Variation (~206),12
SKU0046,Pantry Product 165,Pantry,C,S008,PT Hygienic Supplies,WHMDN,Medan - Deli Serdang,BATCH4501,19/05/2025,17/04/2025,02/03/2030,113,298,80,85,0,0,27.1,6500,11,54.2,28,2,$2.31,$2.32,$689.04,2.73,8,0.8671,FEFO,In Stock,3,19/08/2025,-2.34%,88.05%,No Notes,Low,133,In Stock,Low,FALSE,FALSE,0,Low Risk,33.19295302,Fast Moving,0.090939597,0.27,Low,0,0.27,A - Good,202.6218382,High Variation (~206),0
SKU0047,Meat Product 340,Meat,B,S010,PT DailyDairy,WHSBY,Surabaya - Sidoarjo,BATCH6085,17/08/2025,03/08/2025,29/08/2025,23,282,59,57,2,1,27.22,7740,10.36,27.22,16,1,$6.50,$6.86,"$1,832.58",2.9,5,0.9855,FIFO,Expiring Soon,-4,22/08/2025,-0.52%,86.79%,High return rate,Low,164,In Stock,Low,FALSE,FALSE,0,Low Risk,35.23156028,Fast Moving,0.096524823,0.01,Low,0,0.01,A - Good,199.2482854,High Variation (~206),0
SKU0048,Personal Product 313,Personal Care,C,S002,PT Indo Fresh,WHMDN,Medan - Deli Serdang,BATCH4185,26/05/2025,11/04/2025,05/12/2029,106,48,4,5,2,1,3.47,1130,13.83,3.47,10,1,$0.43,$0.47,$20.63,2.17,4,0.8976,FEFO,In Stock,5,08/07/2025,2.78%,97.26%,No Notes,Low,37,Low,Low,FALSE,FALSE,0,Low Risk,26.38645833,Fast Moving,0.072291667,0.1,Low,0,0.1,A - Good,202.6218382,High Variation (~206),0
SKU0049,Dairy Product 353,Dairy,C,S001,PT Segar Makmur,WHJKT,Jakarta - Cengkareng,BATCH3881,24/05/2025,03/04/2025,07/06/2025,108,80,62,18,2,0,34.93,1322,2.29,69.86,45,2,$0.94,$1.08,$75.30,13.7,17,0.8759,FEFO,Low Stock,-1,03/09/2025,8.89%,72.13%,No Notes,High,-2,Out of Stock,Critical,FALSE,FALSE,0,High Risk,159.368125,Very Fast Moving,0.436625,0.25,Low,0,0.25,A - Good,213.1579776,Very Uneven (~213+),0
SKU0050,Personal Product 63,Personal Care,C,S008,PT Hygienic Supplies,WHBDG,Bandung - Rancaekek,BATCH9702,14/05/2025,09/04/2025,09/02/2030,118,42,5,10,0,1,3.89,1440,10.8,3.89,10,1,$5.98,$6.19,$251.21,2.78,1,0.7072,FEFO,In Stock,-2,15/07/2025,5.81%,83.40%,No Notes,Low,27,Low,Low,FALSE,FALSE,0,Low Risk,33.80595238,Fast Moving,0.092619048,0.29,Low,0,0.29,A - Good,192.2676003,Moderate Imbalance (~192),0
SKU0051,Beverages Product 259,Beverages,C,S007,PT Bakerindo,WHDPS,Denpasar - Tabanan,BATCH8777,18/05/2025,20/04/2025,08/04/2027,114,42,12,4,1,0,4.08,1100,10.29,12.24,15,3,$6.99,$7.30,$293.45,2.91,2,0.8379,FEFO,In Stock,4,09/08/2025,-4.57%,79.86%,No Notes,Low,25,Low,Low,FALSE,FALSE,0,Low Risk,35.45714286,Fast Moving,0.097142857,0.49,Low,0,0.49,A - Good,206.5718724,High Variation (~206),0
SKU0052,Meat Product 399,Meat,B,S009,PT Beverage Nusantara,WHMDN,Medan - Deli Serdang,BATCH5499,02/04/2025,05/03/2025,14/04/2025,0,435,124,67,1,1,34.41,1331,12.64,34.41,18,1,$4.62,$4.61,"$2,009.05",2.37,13,0.9918,FIFO,Expiring Soon,0,04/08/2025,-7.51%,93.60%,No Notes,Low,243,In Stock,Low,FALSE,FALSE,0,Low Risk,28.87275862,Fast Moving,0.079103448,0.01,Low,0,0.01,A - Good,202.6218382,High Variation (~206),0
SKU0053,Seafood Product 458,Seafood,C,S009,PT Beverage Nusantara,WHJKT,Jakarta - Cengkareng,BATCH4788,05/08/2025,12/07/2025,10/08/2025,35,0,4,6,1,2,2.88,720,0,2.88,3,1,$11.66,$11.62,$478.21,2.11,2,0.7768,FIFO,Expiring Soon,-1,11/06/2025,-9.27%,79.69%,No Notes,Low,-11,Out of Stock,Critical,TRUE,TRUE,1,High Risk,inf,Very Fast Moving,inf,0.22,Low,1,1.22,A - Good,213.1579776,Very Uneven (~213+),10
SKU0054,Bakery Product 170,Bakery,B,S009,PT Beverage Nusantara,WHMDN,Medan - Deli Serdang,BATCH4388,26/05/2025,03/04/2025,28/05/2025,106,680,47,26,0,0,35.91,1356,18.94,71.82,45,2,$2.30,$2.10,"$1,566.31",1.58,11,0.7015,FEFO,Expiring Soon,-2,22/07/2025,7.04%,87.94%,No Notes,Low,607,In Stock,Low,FALSE,FALSE,0,Low Risk,19.27522059,Medium Moving,0.052808824,0.6,Low,0,0.6,A - Good,202.6218382,High Variation (~206),0
SKU0055,Pantry Product 357,Pantry,C,S001,PT Segar Makmur,WHDPS,Denpasar - Tabanan,BATCH1096,04/06/2025,05/04/2025,04/02/2029,97,29,4,3,2,1,2.41,890,12.03,24.1,15,10,$10.53,$10.39,$305.28,2.49,4,0.9469,FEFO,Low Stock,3,02/08/2025,3.56%,90.30%,No Notes,Low,20,Low,Low,FALSE,FALSE,0,Low Risk,30.33275862,Fast Moving,0.083103448,0.53,Low,0,0.53,A - Good,206.5718724,High Variation (~206),0
SKU0056,Household Product 489,Household,A,S007,PT Bakerindo,WHDPS,Denpasar - Tabanan,BATCH4613,23/04/2025,23/03/2025,09/09/2029,139,216,36,18,0,2,13.92,2940,15.52,41.76,28,3,$14.10,$13.26,"$3,045.75",1.93,8,0.9245,FIFO,In Stock,0,06/08/2025,6.36%,70.91%,No Notes,Low,162,In Stock,Low,FALSE,FALSE,0,Low Risk,23.52222222,Fast Moving,0.064444444,0.23,Low,0,0.23,A - Good,206.5718724,High Variation (~206),0
SKU0057,Fresh Product 173,Fresh Produce,B,S007,PT Bakerindo,WHBDG,Bandung - Rancaekek,BATCH9751,13/05/2025,12/05/2025,18/05/2025,119,1,43,129,0,0,77.22,1725,0.01,77.22,40,1,$1.49,$1.63,"$1,706.97",2.02,26,0.8753,FEFO,Expiring Soon,1,26/06/2025,4.17%,92.39%,No Notes,Low,-171,Out of Stock,Critical,TRUE,TRUE,0.99,High Risk,28185.3,Very Fast Moving,77.22,0.12,Low,0.99,1.11,A - Good,192.2676003,Moderate Imbalance (~192),9.98
SKU0058,Fresh Product 330,Fresh Produce,C,S007,PT Bakerindo,WHBDG,Bandung - Rancaekek,BATCH1823,14/05/2025,28/04/2025,19/05/2025,0,81,31,9,2,2,9.92,2380,8.17,9.92,7,1,$1.14,$1.11,$92.66,3.67,3,0.9007,FEFO,Expiring Soon,2,30/07/2025,9.94%,90.20%,No Notes,Medium,39,Low,Critical,FALSE,FALSE,0,Medium Risk,44.70123457,Fast Moving,0.122469136,0.1,Low,0,0.1,A - Good,192.2676003,Moderate Imbalance (~192),0
SKU0059,Seafood Product 390,Seafood,B,S007,PT Bakerindo,WHSBY,Surabaya - Sidoarjo,BATCH2341,25/05/2025,25/04/2025,01/06/2025,107,112,16,29,2,0,8.92,3070,12.56,26.76,22,3,$10.51,$10.62,"$1,176.96",2.39,6,0.7601,FIFO,Expiring Soon,-3,02/07/2025,-3.76%,67.61%,Promotional item,Low,65,In Stock,Low,FALSE,FALSE,0,Low Risk,29.06964286,Fast Moving,0.079642857,0.72,Low,0,0.72,A - Good,199.2482854,High Variation (~206),0
SKU0060,Meat Product 36,Meat,C,S001,PT Segar Makmur,WHJKT,Jakarta - Cengkareng,BATCH1333,08/07/2025,30/05/2025,19/07/2025,63,129,3,15,0,3,7.84,1930,16.45,109.76,59,14,$2.46,$2.70,$316.98,1.82,1,0.8717,FIFO,Low Stock,0,10/08/2025,-0.37%,78.68%,Seasonal SKU,Low,111,In Stock,Low,FALSE,FALSE,0,Low Risk,22.18294574,Fast Moving,0.060775194,1.8,Low,0,1.8,A - Good,213.1579776,Very Uneven (~213+),0
SKU0061,Pantry Product 112,Pantry,B,S008,PT Hygienic Supplies,WHSBY,Surabaya - Sidoarjo,BATCH2876,07/06/2025,19/04/2025,16/05/2027,94,198,2,25,0,0,15.67,5520,12.64,62.68,57,4,$4.25,$4.74,$842.33,3.66,7,0.7963,FIFO,In Stock,-7,01/08/2025,5.60%,69.20%,Seasonal SKU,Medium,171,In Stock,Low,FALSE,FALSE,0,Low Risk,28.88661616,Fast Moving,0.079141414,0.81,Low,0,0.81,A - Good,199.2482854,High Variation (~206),0
SKU0062,Personal Product 295,Personal Care,C,S007,PT Bakerindo,WHMDN,Medan - Deli Serdang,BATCH4978,21/07/2025,15/07/2025,23/12/2026,50,27,5,4,1,0,3.11,720,8.68,3.11,9,1,$13.09,$12.44,$353.36,3.46,3,0.7882,FEFO,In Stock,-2,14/06/2025,3.86%,94.06%,No Notes,Medium,17,Low,Critical,FALSE,FALSE,0,Medium Risk,42.04259259,Fast Moving,0.115185185,0.21,Low,0,0.21,A - Good,202.6218382,High Variation (~206),0
SKU0063,Dairy Product 290,Dairy,A,S001,PT Segar Makmur,WHSBY,Surabaya - Sidoarjo,BATCH7071,26/04/2025,22/04/2025,16/05/2025,136,858,145,66,0,0,57,1365,15.05,285,146,5,$3.79,$3.98,"$3,254.05",1.99,23,0.8918,FEFO,Expiring Soon,7,08/09/2025,5.68%,76.67%,No Notes,Low,647,In Stock,Low,FALSE,FALSE,0,Low Risk,24.24825175,Fast Moving,0.066433566,0.54,Low,0,0.54,A - Good,199.2482854,High Variation (~206),0
SKU0064,Household Product 55,Household,B,S007,PT Bakerindo,WHSBY,Surabaya - Sidoarjo,BATCH3506,31/03/2025,04/03/2025,27/10/2028,162,109,0,26,2,2,12.7,3910,8.58,38.1,22,3,$9.85,$9.26,"$1,073.20",3.5,3,0.8234,FIFO,In Stock,1,05/07/2025,-9.58%,78.74%,No Notes,Medium,81,In Stock,Critical,FALSE,FALSE,0,Medium Risk,42.52752294,Fast Moving,0.116513761,0.53,Low,0,0.53,A - Good,199.2482854,High Variation (~206),0
SKU0065,Meat Product 414,Meat,B,S009,PT Beverage Nusantara,WHMDN,Medan - Deli Serdang,BATCH5397,13/05/2025,23/04/2025,31/05/2025,119,492,58,97,0,0,33.94,9540,14.5,237.58,127,7,$3.64,$3.77,"$1,789.70",2.07,13,0.8932,FIFO,Expiring Soon,2,29/08/2025,0.28%,83.04%,No Notes,Low,337,In Stock,Low,FALSE,FALSE,0,Low Risk,25.17906504,Fast Moving,0.06898374,0.75,Low,0,0.75,A - Good,202.6218382,High Variation (~206),0
SKU0066,Frozen Product 385,Frozen,C,S008,PT Hygienic Supplies,WHDPS,Denpasar - Tabanan,BATCH7209,06/04/2025,16/03/2025,23/03/2026,156,76,7,42,2,2,15.63,4720,4.86,31.26,24,2,$7.94,$7.96,$603.81,6.17,3,0.8195,FIFO,In Stock,0,08/07/2025,2.04%,75.70%,No Notes,Medium,25,Low,Critical,FALSE,FALSE,0,High Risk,75.06513158,Very Fast Moving,0.205657895,0.36,Low,0,0.36,A - Good,206.5718724,High Variation (~206),0
SKU0067,Dairy Product 109,Dairy,C,S006,PT Frozen Express,WHSBY,Surabaya - Sidoarjo,BATCH5526,14/06/2025,10/05/2025,29/06/2025,0,261,81,6,0,1,36.03,1386,7.24,108.09,57,3,$2.70,$2.87,$704.00,4.14,10,0.7501,FIFO,Expiring Soon,3,05/07/2025,-3.50%,77.24%,No Notes,Medium,174,In Stock,Critical,FALSE,FALSE,0,Medium Risk,50.38678161,Very Fast Moving,0.138045977,0.75,Low,0,0.75,A - Good,199.2482854,High Variation (~206),0
SKU0068,Fresh Product 369,Fresh Produce,C,S007,PT Bakerindo,WHMDN,Medan - Deli Serdang,BATCH8800,20/04/2025,10/03/2025,26/04/2025,142,271,97,65,2,2,30.28,8950,8.95,151.4,82,5,$1.44,$1.36,$391.19,3.35,14,0.9561,FEFO,Expiring Soon,-4,14/07/2025,-9.27%,92.08%,No Notes,Medium,107,In Stock,Critical,FALSE,FALSE,0,Medium Risk,40.78302583,Fast Moving,0.111734317,0.22,Low,0,0.22,A - Good,202.6218382,High Variation (~206),0
SKU0069,Fresh Product 114,Fresh Produce,C,S007,PT Bakerindo,WHBDG,Bandung - Rancaekek,BATCH7046,23/06/2025,24/05/2025,06/07/2025,78,130,26,29,3,1,13.39,3770,9.71,13.39,14,1,$0.75,$0.72,$97.88,3.09,3,0.9871,FEFO,Expiring Soon,0,17/07/2025,-6.40%,78.24%,No Notes,Medium,72,In Stock,Critical,FALSE,FALSE,0,Medium Risk,37.595,Fast Moving,0.103,0.01,Low,0,0.01,A - Good,192.2676003,Moderate Imbalance (~192),0
SKU0070,Pantry Product 181,Pantry,C,S008,PT Hygienic Supplies,WHSBY,Surabaya - Sidoarjo,BATCH4777,23/06/2025,16/06/2025,19/11/2027,78,12,12,0,1,0,8.37,2430,1.43,8.37,8,1,$8.83,$9.50,$105.93,20.92,6,0.8823,FIFO,Low Stock,0,31/07/2025,-5.96%,92.99%,Temperature controlled,High,-1,Out of Stock,Critical,FALSE,FALSE,0,High Risk,254.5875,Very Fast Moving,0.6975,0.12,Low,0,0.12,A - Good,199.2482854,High Variation (~206),0
SKU0071,Personal Product 354,Personal Care,A,S003,PT Prima Distribusi,WHBDG,Bandung - Rancaekek,BATCH5530,16/07/2025,31/05/2025,02/04/2029,55,211,46,31,1,1,14.69,3930,14.36,44.07,27,3,$21.76,$22.73,"$4,591.78",2.09,5,0.8919,FEFO,In Stock,-3,28/08/2025,-3.03%,92.92%,No Notes,Low,133,In Stock,Low,FALSE,FALSE,0,Low Risk,25.41161137,Fast Moving,0.069620853,0.32,Low,0,0.32,A - Good,192.2676003,Moderate Imbalance (~192),0
SKU0072,Meat Product 185,Meat,A,S003,PT Prima Distribusi,WHSBY,Surabaya - Sidoarjo,BATCH5494,06/09/2025,04/09/2025,15/09/2025,3,505,69,42,0,1,37.18,1246,13.58,260.26,131,7,$9.53,$8.87,"$4,814.92",2.21,13,0.8101,FIFO,Expiring Soon,2,01/07/2025,0.89%,74.77%,No Notes,Low,394,In Stock,Low,FALSE,FALSE,0,Low Risk,26.87267327,Fast Moving,0.073623762,1.33,Low,0,1.33,A - Good,199.2482854,High Variation (~206),0
SKU0073,Personal Product 327,Personal Care,C,S008,PT Hygienic Supplies,WHJKT,Jakarta - Cengkareng,BATCH5658,06/09/2025,07/08/2025,24/11/2029,3,45,8,2,2,1,2.76,870,16.3,8.28,12,3,$5.91,$6.09,$266.11,1.84,4,0.9819,FEFO,In Stock,6,15/07/2025,-0.42%,80.28%,No Notes,Low,33,Low,Low,FALSE,FALSE,0,Low Risk,22.38666667,Fast Moving,0.061333333,0.05,Low,0,0.05,A - Good,213.1579776,Very Uneven (~213+),0
SKU0074,Personal Product 130,Personal Care,C,S008,PT Hygienic Supplies,WHJKT,Jakarta - Cengkareng,BATCH9056,24/08/2025,20/08/2025,21/11/2028,16,51,13,7,2,0,5.7,1750,8.95,5.7,7,1,$0.75,$0.72,$38.27,3.35,3,0.822,FIFO,In Stock,1,21/08/2025,-4.30%,71.83%,Temperature controlled,Medium,29,Low,Critical,FALSE,FALSE,0,Medium Risk,40.79411765,Fast Moving,0.111764706,0.18,Low,0,0.18,A - Good,213.1579776,Very Uneven (~213+),0
SKU0075,Personal Product 44,Personal Care,C,S004,PT Nusantara Supplier,WHJKT,Jakarta - Cengkareng,BATCH4697,20/04/2025,02/03/2025,19/08/2028,142,32,13,17,0,2,5.35,1170,5.98,5.35,11,1,$3.31,$3.78,$105.94,5.02,5,0.7626,FEFO,In Stock,0,14/07/2025,-0.33%,84.06%,No Notes,Medium,2,Low,Critical,FALSE,FALSE,0,Medium Risk,61.0234375,Very Fast Moving,0.1671875,0.24,Low,0,0.24,A - Good,213.1579776,Very Uneven (~213+),0
SKU0076,Meat Product 302,Meat,C,S007,PT Bakerindo,WHSBY,Surabaya - Sidoarjo,BATCH2625,17/04/2025,16/02/2025,23/04/2025,145,88,23,13,1,3,17.62,5560,4.99,123.34,69,7,$7.92,$8.44,$696.55,6.01,5,0.8894,FIFO,Low Stock,2,21/06/2025,-8.09%,66.38%,No Notes,Medium,51,In Stock,Critical,TRUE,TRUE,2.01,High Risk,73.08295455,Very Fast Moving,0.200227273,0.77,Low,2.01,2.78,A - Good,199.2482854,High Variation (~206),12.02
SKU0077,Beverages Product 81,Beverages,A,S004,PT Nusantara Supplier,WHBDG,Bandung - Rancaekek,BATCH3564,21/04/2025,21/04/2025,21/09/2026,141,431,35,78,3,2,55.58,1892,7.75,778.12,392,14,$4.94,$5.18,"$2,127.11",3.87,17,0.8779,FEFO,Low Stock,7,14/07/2025,3.52%,60.60%,No Notes,Medium,315,In Stock,Critical,TRUE,TRUE,6.25,Medium Risk,47.06890951,Fast Moving,0.128955916,1.71,Low,6.25,7.96,A - Good,192.2676003,Moderate Imbalance (~192),20.5
SKU0078,Frozen Product 17,Frozen,B,S004,PT Nusantara Supplier,WHSBY,Surabaya - Sidoarjo,BATCH8438,13/03/2025,09/03/2025,20/11/2025,180,318,130,119,0,0,45.47,101,6.99,136.41,69,3,$3.36,$3.22,"$1,068.67",4.29,13,0.9596,FIFO,In Stock,5,07/08/2025,-2.90%,90.41%,No Notes,Medium,69,In Stock,Critical,FALSE,FALSE,0,Medium Risk,52.19040881,Very Fast Moving,0.142987421,0.12,Low,0,0.12,A - Good,199.2482854,High Variation (~206),0
SKU0079,Pantry Product 339,Pantry,B,S004,PT Nusantara Supplier,WHMDN,Medan - Deli Serdang,BATCH4683,11/08/2025,01/07/2025,30/08/2029,29,87,12,36,1,1,16.46,5040,5.29,82.3,45,5,$9.87,$9.03,$858.51,5.68,9,0.9928,FIFO,Low Stock,5,06/08/2025,1.25%,63.67%,No Notes,Medium,38,Low,Critical,FALSE,FALSE,0,Medium Risk,69.05632184,Very Fast Moving,0.189195402,0.04,Low,0,0.04,A - Good,202.6218382,High Variation (~206),0
SKU0080,Fresh Product 85,Fresh Produce,B,S005,PT Agro Raya,WHDPS,Denpasar - Tabanan,BATCH8195,17/04/2025,10/04/2025,24/04/2025,145,468,146,34,0,0,45.5,1235,10.29,318.5,160,7,$2.34,$2.46,"$1,094.84",2.92,14,0.8504,FEFO,Low Stock,0,13/06/2025,0.14%,74.47%,No Notes,Low,288,In Stock,Low,FALSE,FALSE,0,Low Risk,35.48611111,Fast Moving,0.097222222,1.05,Low,0,1.05,A - Good,206.5718724,High Variation (~206),0
SKU0081,Bakery Product 140,Bakery,B,S009,PT Beverage Nusantara,WHDPS,Denpasar - Tabanan,BATCH2317,06/05/2025,29/03/2025,11/05/2025,126,256,31,69,0,0,21.74,7960,11.78,65.22,34,3,$3.39,$3.15,$867.46,2.55,7,0.9878,FIFO,Expiring Soon,5,16/07/2025,6.35%,90.63%,No Notes,Low,156,In Stock,Low,FALSE,FALSE,0,Low Risk,30.99648437,Fast Moving,0.084921875,0.04,Low,0,0.04,A - Good,206.5718724,High Variation (~206),0
SKU0082,Pantry Product 14,Pantry,A,S002,PT Indo Fresh,WHBDG,Bandung - Rancaekek,BATCH1339,21/03/2025,01/02/2025,11/06/2029,172,246,70,71,1,1,15.67,7360,15.7,31.34,28,2,$9.72,$11.07,"$2,391.69",3.03,8,0.9512,FEFO,In Stock,1,28/06/2025,6.50%,79.23%,High return rate,Medium,104,In Stock,Low,FALSE,FALSE,0,Low Risk,23.25020325,Fast Moving,0.063699187,0.1,Low,0,0.1,A - Good,192.2676003,Moderate Imbalance (~192),0
SKU0083,Frozen Product 334,Frozen,C,S008,PT Hygienic Supplies,WHSBY,Surabaya - Sidoarjo,BATCH8141,25/07/2025,15/06/2025,19/06/2026,46,9,9,0,0,0,2.85,1100,3.16,5.7,12,2,$1.00,$0.92,$9.02,9.5,1,0.7358,FEFO,Low Stock,-6,29/08/2025,9.90%,69.09%,No Notes,Medium,0,Out of Stock,Critical,FALSE,FALSE,0,High Risk,115.5833333,Very Fast Moving,0.316666667,0.53,Low,0,0.53,A - Good,199.2482854,High Variation (~206),0
SKU0084,Bakery Product 165,Bakery,C,S002,PT Indo Fresh,WHBDG,Bandung - Rancaekek,BATCH9117,17/06/2025,30/05/2025,22/06/2025,84,82,21,16,2,1,9.77,3330,8.39,68.39,41,7,$1.56,$1.49,$128.04,3.57,5,0.7522,FEFO,Low Stock,0,01/07/2025,-6.52%,90.10%,Seasonal SKU,Medium,43,Low,Critical,FALSE,FALSE,0,Medium Risk,43.48841463,Fast Moving,0.119146341,1.73,Low,0,1.73,A - Good,192.2676003,Moderate Imbalance (~192),0
SKU0085,Seafood Product 166,Seafood,B,S002,PT Indo Fresh,WHMDN,Medan - Deli Serdang,BATCH9889,01/05/2025,02/04/2025,04/05/2025,131,223,46,83,1,0,28.95,8930,7.7,115.8,65,4,$7.03,$6.57,"$1,568.14",3.89,10,0.9316,FEFO,Expiring Soon,-1,03/09/2025,0.71%,77.27%,No Notes,Medium,93,In Stock,Critical,FALSE,FALSE,0,Medium Risk,47.38452915,Fast Moving,0.129820628,0.27,Low,0,0.27,A - Good,202.6218382,High Variation (~206),0
SKU0086,Bakery Product 388,Bakery,B,S008,PT Hygienic Supplies,WHMDN,Medan - Deli Serdang,BATCH5375,27/08/2025,23/07/2025,30/08/2025,13,490,203,59,4,0,67.01,2203,7.31,134.02,69,2,$3.62,$3.29,"$1,774.93",4.1,25,0.7197,FIFO,Expiring Soon,5,04/08/2025,8.04%,94.01%,No Notes,Medium,224,In Stock,Critical,FALSE,FALSE,0,Medium Risk,49.91561224,Fast Moving,0.136755102,0.56,Low,0,0.56,A - Good,202.6218382,High Variation (~206),0
SKU0087,Beverages Product 63,Beverages,C,S001,PT Segar Makmur,WHDPS,Denpasar - Tabanan,BATCH3594,10/07/2025,21/06/2025,02/07/2030,61,173,62,21,1,2,16.72,4400,10.35,16.72,9,1,$4.24,$3.90,$734.14,2.9,5,0.8948,FIFO,In Stock,0,01/07/2025,-8.57%,73.29%,No Notes,Low,89,In Stock,Low,FALSE,FALSE,0,Low Risk,35.27630058,Fast Moving,0.096647399,0.11,Low,0,0.11,A - Good,206.5718724,High Variation (~206),0
SKU0088,Meat Product 431,Meat,B,S002,PT Indo Fresh,WHMDN,Medan - Deli Serdang,BATCH9165,10/08/2025,12/06/2025,19/08/2025,30,150,39,2,0,0,12.07,4640,12.43,12.07,10,1,$9.53,$10.42,"$1,428.89",2.41,8,0.7998,FEFO,Expiring Soon,-1,06/07/2025,2.88%,90.35%,No Notes,Low,109,In Stock,Low,FALSE,FALSE,0,Low Risk,29.37033333,Fast Moving,0.080466667,0.2,Low,0,0.2,A - Good,202.6218382,High Variation (~206),0
SKU0089,Bakery Product 248,Bakery,C,S008,PT Hygienic Supplies,WHBDG,Bandung - Rancaekek,BATCH3369,16/05/2025,22/04/2025,22/05/2025,116,105,0,64,1,1,18.05,4720,5.82,180.5,94,10,$3.75,$3.49,$393.57,5.16,12,0.9905,FIFO,Low Stock,-3,25/06/2025,-6.05%,91.01%,No Notes,Medium,40,Low,Critical,TRUE,TRUE,4.18,Medium Risk,62.7452381,Very Fast Moving,0.171904762,0.1,Low,4.18,4.28,A - Good,192.2676003,Moderate Imbalance (~192),16.36
SKU0090,Household Product 443,Household,C,S002,PT Indo Fresh,WHSBY,Surabaya - Sidoarjo,BATCH9318,26/05/2025,09/05/2025,21/04/2028,106,17,3,4,3,0,1.82,630,9.34,3.64,5,2,$18.78,$17.61,$319.24,3.21,1,0.7447,FIFO,In Stock,1,04/08/2025,-3.15%,83.25%,No Notes,Medium,7,Low,Critical,FALSE,FALSE,0,Medium Risk,39.07647059,Fast Moving,0.107058824,0.51,Low,0,0.51,A - Good,199.2482854,High Variation (~206),0
SKU0091,Household Product 297,Household,C,S008,PT Hygienic Supplies,WHBDG,Bandung - Rancaekek,BATCH8935,18/05/2025,26/04/2025,25/05/2029,114,111,36,20,0,0,11.97,3930,9.27,83.79,47,7,$2.33,$2.61,$258.44,3.24,10,0.7033,FEFO,Low Stock,-3,01/07/2025,-4.44%,71.82%,No Notes,Medium,55,In Stock,Critical,FALSE,FALSE,0,Medium Risk,39.36081081,Fast Moving,0.107837838,2.08,Medium,0,2.08,B - Normal,192.2676003,Moderate Imbalance (~192),0
SKU0092,Bakery Product 478,Bakery,A,S006,PT Frozen Express,WHBDG,Bandung - Rancaekek,BATCH7274,15/03/2025,01/03/2025,18/03/2025,178,780,149,75,0,1,53.83,1264,14.49,161.49,85,3,$3.12,$3.11,"$2,436.25",2.07,14,0.8187,FEFO,Expiring Soon,3,04/09/2025,2.87%,85.20%,No Notes,Low,556,In Stock,Low,FALSE,FALSE,0,Low Risk,25.18967949,Fast Moving,0.069012821,0.54,Low,0,0.54,A - Good,192.2676003,Moderate Imbalance (~192),0
SKU0093,Frozen Product 468,Frozen,B,S007,PT Bakerindo,WHMDN,Medan - Deli Serdang,BATCH3492,24/03/2025,21/02/2025,05/03/2026,169,207,61,59,2,0,26.49,7940,7.81,26.49,21,1,$7.12,$7.61,"$1,473.80",3.84,9,0.828,FIFO,In Stock,-2,24/08/2025,6.10%,62.93%,No Notes,Medium,85,In Stock,Critical,FALSE,FALSE,0,Medium Risk,46.70942029,Fast Moving,0.127971014,0.17,Low,0,0.17,A - Good,202.6218382,High Variation (~206),0
SKU0094,Pantry Product 446,Pantry,C,S002,PT Indo Fresh,WHMDN,Medan - Deli Serdang,BATCH8486,15/08/2025,15/08/2025,27/07/2029,25,118,19,3,1,1,7.4,2860,15.95,29.6,21,4,$1.60,$1.84,$189.08,1.88,7,0.9516,FIFO,In Stock,5,19/07/2025,4.94%,66.28%,No Notes,Low,95,In Stock,Low,FALSE,FALSE,0,Low Risk,22.88983051,Fast Moving,0.062711864,0.19,Low,0,0.19,A - Good,202.6218382,High Variation (~206),0
SKU0095,Personal Product 39,Personal Care,C,S008,PT Hygienic Supplies,WHSBY,Surabaya - Sidoarjo,BATCH7512,15/06/2025,05/05/2025,12/12/2029,86,44,8,22,0,0,10.05,2120,4.38,50.25,29,5,$5.87,$5.36,$258.32,6.85,2,0.8177,FIFO,Low Stock,0,29/07/2025,8.08%,62.18%,No Notes,Medium,14,Low,Critical,TRUE,TRUE,0.62,High Risk,83.36931818,Very Fast Moving,0.228409091,0.91,Low,0.62,1.53,A - Good,199.2482854,High Variation (~206),9.24
SKU0096,Household Product 195,Household,B,S006,PT Frozen Express,WHMDN,Medan - Deli Serdang,BATCH2121,24/04/2025,09/04/2025,06/07/2026,138,61,10,4,0,1,9.97,2720,6.12,69.79,41,7,$18.49,$16.94,"$1,127.96",4.9,1,0.8958,FEFO,Low Stock,-5,11/08/2025,-0.25%,94.19%,No Notes,Medium,47,Low,Critical,TRUE,TRUE,0.88,Medium Risk,59.65655738,Very Fast Moving,0.163442623,0.73,Low,0.88,1.61,A - Good,202.6218382,High Variation (~206),9.76
SKU0097,Bakery Product 51,Bakery,C,S002,PT Indo Fresh,WHMDN,Medan - Deli Serdang,BATCH5906,29/07/2025,02/06/2025,05/08/2025,42,151,59,92,0,2,40.53,9160,3.73,81.06,49,2,$3.87,$3.81,$584.66,8.05,11,0.8601,FIFO,Expiring Soon,-3,04/09/2025,-3.83%,85.98%,No Notes,Medium,0,Out of Stock,Critical,FALSE,FALSE,0,High Risk,97.96986755,Very Fast Moving,0.268410596,0.28,Low,0,0.28,A - Good,202.6218382,High Variation (~206),0
SKU0098,Fresh Product 184,Fresh Produce,C,S006,PT Frozen Express,WHMDN,Medan - Deli Serdang,BATCH9702,03/08/2025,08/07/2025,09/08/2025,37,214,117,58,4,1,46.16,151,4.64,46.16,29,1,$2.04,$2.27,$436.92,6.47,9,0.9379,FIFO,Expiring Soon,3,19/08/2025,3.38%,80.73%,No Notes,Medium,35,Low,Critical,FALSE,FALSE,0,High Risk,78.73084112,Very Fast Moving,0.215700935,0.06,Low,0,0.06,A - Good,202.6218382,High Variation (~206),0
SKU0099,Pantry Product 196,Pantry,C,S010,PT DailyDairy,WHBDG,Bandung - Rancaekek,BATCH3344,05/05/2025,21/04/2025,11/08/2029,127,18,6,1,0,1,2.51,730,7.17,7.53,8,3,$7.05,$7.26,$126.91,4.18,2,0.7192,FEFO,In Stock,-1,20/06/2025,-5.90%,97.43%,No Notes,Medium,11,Low,Critical,FALSE,FALSE,0,Medium Risk,50.89722222,Very Fast Moving,0.139444444,0.84,Low,0,0.84,A - Good,192.2676003,Moderate Imbalance (~192),0
SKU0100,Meat Product 5,Meat,A,S008,PT Hygienic Supplies,WHSBY,Surabaya - Sidoarjo,BATCH2210,20/03/2025,20/02/2025,30/03/2025,173,339,189,65,0,0,23.53,8290,14.41,164.71,130,7,$6.37,$5.88,"$2,159.87",3.23,16,0.7921,FEFO,Low Stock,-2,26/06/2025,-1.18%,73.55%,No Notes,Medium,85,In Stock,Low,FALSE,FALSE,0,Low Risk,25.33466077,Fast Moving,0.069410029,1.46,Low,0,1.46,A - Good,199.2482854,High Variation (~206),0
SKU0101,Personal Product 354,Personal Care,B,S005,PT Agro Raya,WHMDN,Medan - Deli Serdang,BATCH7302,24/06/2025,01/05/2025,05/08/2027,77,58,16,20,0,1,5.7,1810,10.18,11.4,9,2,$16.17,$16.02,$938.10,2.95,4,0.9356,FEFO,In Stock,-5,27/08/2025,7.94%,61.27%,No Notes,Low,22,Low,Low,FALSE,FALSE,0,Low Risk,35.87068966,Fast Moving,0.098275862,0.13,Low,0,0.13,A - Good,202.6218382,High Variation (~206),0
SKU0102,Pantry Product 295,Pantry,A,S005,PT Agro Raya,WHSBY,Surabaya - Sidoarjo,BATCH7484,04/09/2025,18/08/2025,14/05/2030,5,293,37,11,1,0,25.85,5490,11.33,129.25,67,5,$14.53,$13.68,"$4,256.12",2.65,12,0.9424,FIFO,In Stock,0,29/06/2025,7.64%,81.27%,No Notes,Low,244,In Stock,Low,FALSE,FALSE,0,Low Risk,32.20221843,Fast Moving,0.088225256,0.29,Low,0,0.29,A - Good,199.2482854,High Variation (~206),0
SKU0103,Beverages Product 499,Beverages,A,S001,PT Segar Makmur,WHDPS,Denpasar - Tabanan,BATCH4770,05/05/2025,28/03/2025,12/12/2027,127,562,73,18,2,0,37.06,1272,15.16,185.3,101,5,$3.78,$3.49,"$2,125.65",1.98,15,0.8703,FEFO,In Stock,-1,12/08/2025,4.38%,67.27%,No Notes,Low,469,In Stock,Low,FALSE,FALSE,0,Low Risk,24.06921708,Fast Moving,0.06594306,0.65,Low,0,0.65,A - Good,206.5718724,High Variation (~206),0
SKU0104,Pantry Product 348,Pantry,A,S003,PT Prima Distribusi,WHJKT,Jakarta - Cengkareng,BATCH1645,02/04/2025,14/03/2025,15/11/2029,160,197,65,28,0,0,24.38,8920,8.08,24.38,19,1,$11.15,$10.50,"$2,196.47",3.71,9,0.9652,FEFO,In Stock,-2,05/09/2025,3.11%,68.19%,No Notes,Medium,104,In Stock,Critical,FALSE,FALSE,0,Medium Risk,45.17106599,Fast Moving,0.123756345,0.03,Low,0,0.03,A - Good,213.1579776,Very Uneven (~213+),0
SKU0105,Beverages Product 47,Beverages,B,S005,PT Agro Raya,WHSBY,Surabaya - Sidoarjo,BATCH4289,26/05/2025,18/05/2025,20/05/2027,106,329,50,81,0,0,87.67,3009,3.75,87.67,47,1,$5.28,$6.04,"$1,735.80",7.99,26,0.7862,FEFO,In Stock,-3,04/07/2025,-7.79%,94.89%,No Notes,Medium,198,In Stock,Critical,FALSE,FALSE,0,High Risk,97.26306991,Very Fast Moving,0.266474164,0.21,Low,0,0.21,A - Good,199.2482854,High Variation (~206),0
SKU0106,Meat Product 85,Meat,A,S005,PT Agro Raya,WHMDN,Medan - Deli Serdang,BATCH2886,26/06/2025,28/05/2025,11/07/2025,75,415,45,66,2,1,30.65,1099,13.54,30.65,21,1,$11.06,$10.29,"$4,591.19",2.22,8,0.8766,FIFO,Expiring Soon,-1,22/08/2025,-8.63%,62.82%,No Notes,Low,302,In Stock,Low,FALSE,FALSE,0,Low Risk,26.95722892,Fast Moving,0.073855422,0.12,Low,0,0.12,A - Good,202.6218382,High Variation (~206),0
SKU0107,Meat Product 347,Meat,C,S007,PT Bakerindo,WHDPS,Denpasar - Tabanan,BATCH7464,08/06/2025,08/06/2025,15/06/2025,93,302,98,72,4,1,35.34,9030,8.55,247.38,127,7,$2.18,$2.11,$657.51,3.51,13,0.8549,FEFO,Low Stock,6,03/07/2025,5.78%,68.37%,Promotional item,Medium,128,In Stock,Critical,FALSE,FALSE,0,Medium Risk,42.71225166,Fast Moving,0.117019868,1.02,Low,0,1.02,A - Good,206.5718724,High Variation (~206),0
SKU0108,Beverages Product 345,Beverages,C,S005,PT Agro Raya,WHDPS,Denpasar - Tabanan,BATCH7086,04/06/2025,29/05/2025,01/01/2030,97,480,164,44,0,1,87.12,2633,5.51,174.24,92,2,$0.45,$0.48,$218.21,5.45,28,0.8924,FIFO,In Stock,-1,11/07/2025,1.83%,63.96%,Temperature controlled,Medium,272,In Stock,Critical,FALSE,FALSE,0,Medium Risk,66.2475,Very Fast Moving,0.1815,0.22,Low,0,0.22,A - Good,206.5718724,High Variation (~206),0
SKU0109,Seafood Product 313,Seafood,A,S004,PT Nusantara Supplier,WHJKT,Jakarta - Cengkareng,BATCH5951,31/03/2025,18/02/2025,10/04/2025,162,187,68,16,0,0,18.42,5430,10.15,36.84,19,2,$14.36,$13.06,"$2,684.74",2.96,9,0.9458,FEFO,Expiring Soon,0,26/08/2025,2.08%,77.12%,Seasonal SKU,Low,103,In Stock,Low,FALSE,FALSE,0,Low Risk,35.95347594,Fast Moving,0.098502674,0.11,Low,0,0.11,A - Good,213.1579776,Very Uneven (~213+),0
SKU0110,Seafood Product 253,Seafood,C,S002,PT Indo Fresh,WHJKT,Jakarta - Cengkareng,BATCH7367,11/07/2025,12/06/2025,16/07/2025,60,4,4,0,1,0,9.26,2520,0.43,9.26,14,1,$12.97,$12.96,$51.88,69.45,5,0.781,FEFO,Low Stock,-4,16/06/2025,-8.26%,79.28%,No Notes,,-1,Out of Stock,Critical,TRUE,TRUE,0.57,High Risk,844.975,Very Fast Moving,2.315,0.22,Low,0.57,0.79,A - Good,213.1579776,Very Uneven (~213+),9.14
SKU0111,Beverages Product 277,Beverages,B,S007,PT Bakerindo,WHDPS,Denpasar - Tabanan,BATCH2622,01/08/2025,09/06/2025,27/11/2028,39,577,78,98,2,1,43.34,9420,13.31,86.68,50,2,$3.28,$3.73,"$1,891.23",2.25,12,0.9361,FEFO,In Stock,4,23/06/2025,4.43%,93.12%,No Notes,Low,399,In Stock,Low,FALSE,FALSE,0,Low Risk,27.41611785,Fast Moving,0.075112652,0.13,Low,0,0.13,A - Good,206.5718724,High Variation (~206),0
SKU0112,Personal Product 17,Personal Care,C,S006,PT Frozen Express,WHBDG,Bandung - Rancaekek,BATCH4868,19/05/2025,26/03/2025,14/11/2028,113,46,13,4,1,2,3.21,1020,14.33,6.42,12,2,$16.67,$18.93,$766.72,2.09,4,0.9136,FEFO,In Stock,2,28/08/2025,3.37%,60.38%,No Notes,Low,28,Low,Low,FALSE,FALSE,0,Low Risk,25.47065217,Fast Moving,0.069782609,0.17,Low,0,0.17,A - Good,192.2676003,Moderate Imbalance (~192),0
SKU0113,Bakery Product 462,Bakery,C,S006,PT Frozen Express,WHJKT,Jakarta - Cengkareng,BATCH4109,31/05/2025,24/05/2025,04/06/2025,101,649,79,12,3,0,63.46,2078,10.23,190.38,100,3,$0.92,$0.86,$598.38,2.93,25,0.8985,FEFO,Expiring Soon,-1,29/08/2025,1.17%,92.13%,No Notes,Low,555,In Stock,Low,FALSE,FALSE,0,Low Risk,35.69013867,Fast Moving,0.097781202,0.3,Low,0,0.3,A - Good,213.1579776,Very Uneven (~213+),0
SKU0114,Pantry Product 306,Pantry,C,S001,PT Segar Makmur,WHJKT,Jakarta - Cengkareng,BATCH3063,16/06/2025,27/04/2025,27/10/2027,85,88,33,20,3,2,9.88,3140,8.91,69.16,44,7,$4.35,$4.38,$382.63,3.37,4,0.7421,FIFO,Low Stock,1,01/09/2025,-3.62%,86.81%,No Notes,Medium,32,Low,Critical,FALSE,FALSE,0,Medium Risk,40.97954545,Fast Moving,0.112272727,1.81,Low,0,1.81,A - Good,213.1579776,Very Uneven (~213+),0
SKU0115,Pantry Product 301,Pantry,A,S004,PT Nusantara Supplier,WHBDG,Bandung - Rancaekek,BATCH1046,17/06/2025,31/05/2025,15/04/2027,84,168,37,10,2,0,15.67,3470,10.72,47.01,18,3,$13.38,$12.38,"$2,248.58",1.97,2,0.9867,FIFO,In Stock,0,24/08/2025,6.94%,81.27%,No Notes,Low,119,In Stock,Low,FALSE,FALSE,0,Low Risk,34.04494048,Fast Moving,0.09327381,0.04,Low,0,0.04,A - Good,192.2676003,Moderate Imbalance (~192),0
SKU0116,Household Product 57,Household,C,S001,PT Segar Makmur,WHBDG,Bandung - Rancaekek,BATCH4898,06/09/2025,31/07/2025,08/09/2028,3,108,41,27,3,0,19.57,7280,5.52,195.7,101,10,$4.96,$4.49,$535.19,5.44,12,0.7455,FEFO,Low Stock,0,07/09/2025,5.12%,64.41%,No Notes,Medium,37,Low,Critical,TRUE,TRUE,4.48,Medium Risk,66.13935185,Very Fast Moving,0.181203704,2.55,Medium,4.48,7.03,B - Normal,192.2676003,Moderate Imbalance (~192),16.96
SKU0117,Fresh Product 380,Fresh Produce,B,S007,PT Bakerindo,WHDPS,Denpasar - Tabanan,BATCH2041,11/08/2025,12/07/2025,25/08/2025,29,572,114,13,1,1,45.63,1641,12.54,91.26,49,2,$1.52,$1.43,$868.41,2.39,12,0.9949,FEFO,Expiring Soon,-1,25/07/2025,0.15%,80.70%,No Notes,Low,444,In Stock,Low,FALSE,FALSE,0,Low Risk,29.11704545,Fast Moving,0.079772727,0.01,Low,0,0.01,A - Good,206.5718724,High Variation (~206),0
SKU0118,Fresh Product 258,Fresh Produce,C,S004,PT Nusantara Supplier,WHDPS,Denpasar - Tabanan,BATCH9543,29/08/2025,10/08/2025,12/09/2025,11,829,89,39,0,0,66.26,1959,12.51,132.52,74,2,$0.63,$0.67,$523.18,2.4,31,0.8573,FEFO,Expiring Soon,3,19/06/2025,-5.97%,80.63%,No Notes,Low,701,In Stock,Low,FALSE,FALSE,0,Low Risk,29.17358263,Fast Moving,0.079927624,0.29,Low,0,0.29,A - Good,206.5718724,High Variation (~206),0
SKU0119,Fresh Product 246,Fresh Produce,C,S007,PT Bakerindo,WHMDN,Medan - Deli Serdang,BATCH9032,18/03/2025,01/02/2025,22/03/2025,175,126,33,12,0,1,14.8,5410,8.51,103.6,58,7,$2.21,$2.07,$278.95,3.52,5,0.8508,FEFO,Low Stock,2,31/08/2025,-0.75%,82.37%,No Notes,Medium,81,In Stock,Critical,FALSE,FALSE,0,Medium Risk,42.87301587,Fast Moving,0.117460317,1.04,Low,0,1.04,A - Good,202.6218382,High Variation (~206),0
SKU0120,Seafood Product 76,Seafood,A,S002,PT Indo Fresh,WHBDG,Bandung - Rancaekek,BATCH7240,01/07/2025,24/05/2025,09/07/2025,70,262,29,33,2,1,17.74,4490,14.77,248.36,133,14,$8.40,$7.69,"$2,200.85",2.03,4,0.9165,FEFO,Low Stock,4,13/07/2025,-9.94%,71.85%,No Notes,Low,198,In Stock,Low,FALSE,FALSE,0,Low Risk,24.71412214,Fast Moving,0.067709924,1.17,Low,0,1.17,A - Good,192.2676003,Moderate Imbalance (~192),0
SKU0121,Bakery Product 407,Bakery,A,S002,PT Indo Fresh,WHDPS,Denpasar - Tabanan,BATCH8398,16/07/2025,21/05/2025,21/07/2025,55,1,160,168,2,1,65.26,1717,0.02,195.78,101,3,$3.17,$3.02,"$3,920.18",1.58,26,0.9184,FIFO,Expiring Soon,1,19/07/2025,9.15%,60.54%,No Notes,Low,-329,Out of Stock,Critical,TRUE,TRUE,2.98,High Risk,23819.9,Very Fast Moving,65.26,0.24,Low,2.98,3.22,A - Good,206.5718724,High Variation (~206),13.96
SKU0122,Frozen Product 213,Frozen,B,S002,PT Indo Fresh,WHSBY,Surabaya - Sidoarjo,BATCH5176,23/05/2025,30/04/2025,07/02/2026,109,488,121,79,2,1,38.16,8180,12.79,152.64,84,4,$2.00,$2.00,$976.00,2.35,14,0.8702,FIFO,In Stock,1,14/06/2025,4.46%,71.63%,No Notes,Low,286,In Stock,Low,FALSE,FALSE,0,Low Risk,28.54180328,Fast Moving,0.078196721,0.52,Low,0,0.52,A - Good,199.2482854,High Variation (~206),0
SKU0123,Fresh Product 426,Fresh Produce,C,S002,PT Indo Fresh,WHJKT,Jakarta - Cengkareng,BATCH7105,22/05/2025,01/04/2025,26/05/2025,110,38,12,5,1,0,5.46,1420,6.96,16.38,10,3,$1.84,$1.69,$69.73,4.31,4,0.8405,FIFO,Expiring Soon,1,30/06/2025,-1.94%,90.53%,Temperature controlled,Medium,20,Low,Critical,FALSE,FALSE,0,Medium Risk,52.44473684,Very Fast Moving,0.143684211,0.48,Low,0,0.48,A - Good,213.1579776,Very Uneven (~213+),0
SKU0124,Pantry Product 344,Pantry,C,S002,PT Indo Fresh,WHMDN,Medan - Deli Serdang,BATCH7929,11/06/2025,17/04/2025,04/03/2030,90,200,44,55,0,0,19.57,6060,10.22,19.57,11,1,$3.62,$3.91,$724.52,2.94,7,0.9705,FIFO,In Stock,-3,04/08/2025,7.34%,84.21%,No Notes,Low,101,In Stock,Low,FALSE,FALSE,0,Low Risk,35.71525,Fast Moving,0.09785,0.03,Low,0,0.03,A - Good,202.6218382,High Variation (~206),0
SKU0125,Seafood Product 296,Seafood,B,S009,PT Beverage Nusantara,WHBDG,Bandung - Rancaekek,BATCH4674,01/08/2025,08/06/2025,11/08/2025,39,154,35,10,2,1,12.64,2800,12.18,12.64,7,1,$11.37,$11.68,"$1,750.75",2.46,1,0.7728,FIFO,Expiring Soon,-4,27/07/2025,-9.06%,91.89%,No Notes,Low,107,In Stock,Low,FALSE,FALSE,0,Low Risk,29.95844156,Fast Moving,0.082077922,0.23,Low,0,0.23,A - Good,192.2676003,Moderate Imbalance (~192),0
SKU0126,Bakery Product 391,Bakery,C,S005,PT Agro Raya,WHDPS,Denpasar - Tabanan,BATCH1430,14/07/2025,06/06/2025,19/07/2025,57,215,29,53,3,1,24.19,9160,8.89,48.38,28,2,$3.09,$3.49,$665.04,3.38,7,0.775,FEFO,Expiring Soon,-1,06/09/2025,8.86%,85.66%,No Notes,Medium,130,In Stock,Critical,FALSE,FALSE,0,Medium Risk,41.06674419,Fast Moving,0.112511628,0.45,Low,0,0.45,A - Good,206.5718724,High Variation (~206),0
SKU0127,Beverages Product 159,Beverages,B,S006,PT Frozen Express,WHSBY,Surabaya - Sidoarjo,BATCH3347,08/09/2025,03/08/2025,14/09/2027,1,146,31,37,0,0,19.92,7610,7.33,39.84,24,2,$7.03,$7.70,"$1,026.23",4.09,6,0.9264,FEFO,In Stock,0,01/09/2025,2.88%,79.02%,Seasonal SKU,Medium,78,In Stock,Critical,FALSE,FALSE,0,Medium Risk,49.8,Fast Moving,0.136438356,0.15,Low,0,0.15,A - Good,199.2482854,High Variation (~206),0
SKU0128,Fresh Product 272,Fresh Produce,C,S004,PT Nusantara Supplier,WHMDN,Medan - Deli Serdang,BATCH6585,25/05/2025,15/05/2025,04/06/2025,107,560,165,75,0,0,66.66,2517,8.4,666.6,334,10,$1.22,$1.34,$681.13,3.57,23,0.7252,FEFO,Low Stock,6,01/08/2025,5.08%,64.78%,No Notes,Medium,320,In Stock,Critical,TRUE,TRUE,1.6,Medium Risk,43.44803571,Fast Moving,0.119035714,2.75,Medium,1.6,4.35,B - Normal,202.6218382,High Variation (~206),11.2
SKU0129,Beverages Product 291,Beverages,C,S010,PT DailyDairy,WHJKT,Jakarta - Cengkareng,BATCH3579,27/08/2025,10/07/2025,11/07/2027,13,812,174,38,0,0,67.35,1452,12.06,336.75,173,5,$0.54,$0.60,$434.83,2.49,21,0.7787,FIFO,In Stock,0,15/06/2025,6.77%,87.98%,Fragile,Low,600,In Stock,Low,FALSE,FALSE,0,Low Risk,30.27432266,Fast Moving,0.08294335,1.11,Low,0,1.11,A - Good,213.1579776,Very Uneven (~213+),0
SKU0130,Beverages Product 249,Beverages,A,S010,PT DailyDairy,WHMDN,Medan - Deli Serdang,BATCH4531,26/05/2025,08/04/2025,06/12/2027,106,841,133,108,1,1,88.01,2039,9.56,176.02,89,2,$5.85,$6.03,"$4,923.13",3.14,35,0.8027,FIFO,In Stock,4,27/07/2025,9.52%,70.09%,No Notes,Medium,599,In Stock,Critical,FALSE,FALSE,0,Medium Risk,38.1969679,Fast Moving,0.104649227,0.39,Low,0,0.39,A - Good,202.6218382,High Variation (~206),0
SKU0131,Meat Product 348,Meat,C,S010,PT DailyDairy,WHMDN,Medan - Deli Serdang,BATCH1744,28/04/2025,14/04/2025,12/05/2025,134,28,1,4,1,0,2.05,650,13.66,6.15,9,3,$5.40,$5.07,$151.29,2.2,1,0.8981,FEFO,Expiring Soon,2,25/06/2025,7.99%,77.99%,High return rate,Low,22,Low,Low,FALSE,FALSE,0,Low Risk,26.72321429,Fast Moving,0.073214286,0.31,Low,0,0.31,A - Good,202.6218382,High Variation (~206),0
SKU0132,Seafood Product 109,Seafood,A,S003,PT Prima Distribusi,WHSBY,Surabaya - Sidoarjo,BATCH2965,27/06/2025,27/06/2025,05/07/2025,74,319,12,82,0,0,29.72,9570,10.73,118.88,65,4,$9.57,$9.49,"$3,052.42",2.79,14,0.7435,FEFO,Expiring Soon,4,16/07/2025,-5.49%,89.69%,No Notes,Low,225,In Stock,Low,FALSE,FALSE,0,Low Risk,34.00564263,Fast Moving,0.093166144,1.03,Low,0,1.03,A - Good,199.2482854,High Variation (~206),0
SKU0133,Bakery Product 361,Bakery,C,S004,PT Nusantara Supplier,WHDPS,Denpasar - Tabanan,BATCH6802,19/04/2025,15/04/2025,26/04/2025,143,255,83,69,2,0,43.72,1324,5.83,87.44,50,2,$0.53,$0.60,$134.49,5.33,21,0.9648,FEFO,Expiring Soon,1,04/09/2025,2.42%,81.31%,No Notes,Medium,101,In Stock,Critical,FALSE,FALSE,0,Medium Risk,62.57960784,Very Fast Moving,0.17145098,0.07,Low,0,0.07,A - Good,206.5718724,High Variation (~206),0
SKU0134,Frozen Product 40,Frozen,C,S006,PT Frozen Express,WHDPS,Denpasar - Tabanan,BATCH7626,23/05/2025,08/04/2025,14/04/2026,109,86,18,26,2,1,8.58,2480,10.02,8.58,8,1,$5.72,$6.51,$491.95,2.99,2,0.9894,FEFO,In Stock,-3,03/08/2025,9.90%,82.56%,Seasonal SKU,Low,40,Low,Low,FALSE,FALSE,0,Low Risk,36.41511628,Fast Moving,0.099767442,0.01,Low,0,0.01,A - Good,206.5718724,High Variation (~206),0
SKU0135,Personal Product 88,Personal Care,B,S010,PT DailyDairy,WHMDN,Medan - Deli Serdang,BATCH2443,17/03/2025,18/02/2025,27/03/2028,176,202,51,28,1,2,20.02,7210,10.09,100.1,51,5,$5.00,$5.07,"$1,009.13",2.97,6,0.8518,FIFO,In Stock,-3,09/08/2025,5.63%,89.81%,No Notes,Low,122,In Stock,Low,FALSE,FALSE,0,Low Risk,36.17475248,Fast Moving,0.099108911,0.74,Low,0,0.74,A - Good,202.6218382,High Variation (~206),0
SKU0136,Bakery Product 41,Bakery,C,S007,PT Bakerindo,WHSBY,Surabaya - Sidoarjo,BATCH6456,15/06/2025,27/04/2025,18/06/2025,86,155,10,99,3,2,20.01,7040,7.75,60.03,33,3,$3.33,$3.32,$516.00,3.87,7,0.8493,FIFO,Expiring Soon,-4,31/08/2025,5.09%,69.54%,No Notes,Medium,43,Low,Critical,FALSE,FALSE,0,Medium Risk,47.12032258,Fast Moving,0.129096774,0.45,Low,0,0.45,A - Good,199.2482854,High Variation (~206),0
SKU0137,Fresh Product 262,Fresh Produce,C,S004,PT Nusantara Supplier,WHSBY,Surabaya - Sidoarjo,BATCH3419,12/06/2025,28/05/2025,26/06/2025,89,66,21,12,0,0,7.92,2280,8.33,23.76,15,3,$0.79,$0.79,$51.87,3.6,7,0.7753,FIFO,Expiring Soon,1,22/08/2025,-3.47%,94.34%,No Notes,Medium,33,Low,Critical,FALSE,FALSE,0,Medium Risk,43.8,Fast Moving,0.12,0.67,Low,0,0.67,A - Good,199.2482854,High Variation (~206),0
SKU0138,Dairy Product 79,Dairy,C,S002,PT Indo Fresh,WHBDG,Bandung - Rancaekek,BATCH8601,02/04/2025,13/02/2025,24/04/2025,160,382,62,3,0,1,36.85,1234,10.37,257.95,130,7,$1.75,$1.75,$667.05,2.89,15,0.9584,FEFO,Low Stock,-2,14/06/2025,6.22%,89.30%,No Notes,Low,317,In Stock,Low,FALSE,FALSE,0,Low Risk,35.21007853,Fast Moving,0.096465969,0.29,Low,0,0.29,A - Good,192.2676003,Moderate Imbalance (~192),0
SKU0139,Pantry Product 326,Pantry,C,S010,PT DailyDairy,WHSBY,Surabaya - Sidoarjo,BATCH3473,02/04/2025,05/03/2025,09/01/2028,160,73,17,16,1,1,9.19,2270,7.94,9.19,14,1,$8.22,$7.53,$600.40,3.78,3,0.7564,FIFO,In Stock,-1,11/07/2025,-2.76%,60.38%,No Notes,Medium,39,Low,Critical,FALSE,FALSE,0,Medium Risk,45.95,Fast Moving,0.125890411,0.24,Low,0,0.24,A - Good,199.2482854,High Variation (~206),0
SKU0140,Seafood Product 141,Seafood,C,S010,PT DailyDairy,WHJKT,Jakarta - Cengkareng,BATCH6085,11/06/2025,13/05/2025,15/06/2025,90,125,84,41,0,1,22.22,8270,5.63,222.2,116,10,$6.03,$6.50,$753.89,5.33,9,0.9303,FEFO,Low Stock,4,05/09/2025,6.34%,90.65%,Promotional item,Medium,0,Out of Stock,Critical,TRUE,TRUE,4.37,Medium Risk,64.8824,Very Fast Moving,0.17776,0.7,Low,4.37,5.07,A - Good,213.1579776,Very Uneven (~213+),16.74
SKU0141,Fresh Product 443,Fresh Produce,C,S002,PT Indo Fresh,WHDPS,Denpasar - Tabanan,BATCH7299,10/04/2025,12/03/2025,21/04/2025,152,278,213,65,0,1,76.42,1824,3.64,76.42,39,1,$1.58,$1.71,$440.44,8.25,19,0.736,FIFO,Expiring Soon,2,14/07/2025,-6.56%,66.85%,No Notes,Medium,0,Out of Stock,Critical,FALSE,FALSE,0,High Risk,100.3356115,Very Fast Moving,0.274892086,0.26,Low,0,0.26,A - Good,206.5718724,High Variation (~206),0
SKU0142,Pantry Product 97,Pantry,C,S006,PT Frozen Express,WHDPS,Denpasar - Tabanan,BATCH3471,11/05/2025,08/05/2025,02/03/2029,121,235,49,54,1,0,25.66,7680,9.16,51.32,27,2,$2.14,$2.30,$502.74,3.28,7,0.9076,FEFO,In Stock,-3,27/08/2025,4.54%,74.46%,No Notes,Medium,131,In Stock,Critical,FALSE,FALSE,0,Medium Risk,39.85489362,Fast Moving,0.109191489,0.18,Low,0,0.18,A - Good,206.5718724,High Variation (~206),0
SKU0143,Household Product 366,Household,A,S002,PT Indo Fresh,WHDPS,Denpasar - Tabanan,BATCH1641,28/03/2025,13/03/2025,16/03/2027,165,122,9,15,1,0,9.32,3570,13.09,130.48,68,14,$19.42,$19.56,"$2,369.24",2.29,7,0.9408,FEFO,Low Stock,3,15/07/2025,-3.82%,87.15%,No Notes,Low,97,In Stock,Low,TRUE,TRUE,0.91,Low Risk,27.88360656,Fast Moving,0.076393443,0.83,Low,0.91,1.74,A - Good,206.5718724,High Variation (~206),9.82
SKU0144,Pantry Product 187,Pantry,C,S006,PT Frozen Express,WHSBY,Surabaya - Sidoarjo,BATCH6543,02/06/2025,20/04/2025,16/09/2028,99,35,5,0,1,1,3.06,980,11.44,6.12,4,2,$7.67,$7.96,$268.53,2.62,2,0.7202,FIFO,In Stock,2,21/06/2025,-4.25%,72.69%,No Notes,Low,29,Low,Low,FALSE,FALSE,0,Low Risk,31.91142857,Fast Moving,0.087428571,0.56,Low,0,0.56,A - Good,199.2482854,High Variation (~206),0
SKU0145,Fresh Product 49,Fresh Produce,B,S009,PT Beverage Nusantara,WHMDN,Medan - Deli Serdang,BATCH3463,29/06/2025,08/06/2025,06/07/2025,72,456,35,28,0,1,26.43,9270,17.25,79.29,44,3,$2.02,$2.32,$923.08,1.74,9,0.8616,FIFO,Expiring Soon,0,27/06/2025,5.70%,89.84%,No Notes,Low,393,In Stock,Low,FALSE,FALSE,0,Low Risk,21.15559211,Fast Moving,0.057960526,0.42,Low,0,0.42,A - Good,202.6218382,High Variation (~206),0
SKU0146,Personal Product 159,Personal Care,A,S007,PT Bakerindo,WHBDG,Bandung - Rancaekek,BATCH2388,10/04/2025,22/03/2025,31/03/2030,152,162,10,22,1,1,14.33,4700,11.3,14.33,10,1,$24.48,$23.29,"$3,965.81",2.65,3,0.9807,FEFO,In Stock,-4,19/06/2025,-0.34%,96.80%,No Notes,Low,129,In Stock,Low,FALSE,FALSE,0,Low Risk,32.2867284,Fast Moving,0.08845679,0.02,Low,0,0.02,A - Good,192.2676003,Moderate Imbalance (~192),0
SKU0147,Household Product 344,Household,C,S009,PT Beverage Nusantara,WHJKT,Jakarta - Cengkareng,BATCH7937,28/03/2025,24/02/2025,30/12/2029,165,45,9,0,4,0,2.75,870,16.36,2.75,4,1,$6.30,$6.26,$283.37,1.83,1,0.7006,FEFO,In Stock,2,07/09/2025,1.27%,79.98%,No Notes,Low,32,Low,Low,FALSE,FALSE,0,Low Risk,22.30555556,Fast Moving,0.061111111,0.3,Low,0,0.3,A - Good,213.1579776,Very Uneven (~213+),0
SKU0148,Dairy Product 110,Dairy,C,S006,PT Frozen Express,WHMDN,Medan - Deli Serdang,BATCH3253,22/07/2025,13/07/2025,05/08/2025,49,180,9,0,0,1,9.67,3700,18.61,9.67,6,1,$1.36,$1.23,$244.28,1.61,5,0.7025,FIFO,Expiring Soon,4,03/08/2025,1.66%,75.16%,No Notes,Low,171,In Stock,Low,FALSE,FALSE,0,Low Risk,19.60861111,Medium Moving,0.053722222,0.3,Low,0,0.3,A - Good,202.6218382,High Variation (~206),0
SKU0149,Fresh Product 395,Fresh Produce,C,S009,PT Beverage Nusantara,WHDPS,Denpasar - Tabanan,BATCH6517,31/08/2025,06/07/2025,13/09/2025,9,134,26,1,1,1,36.155,3950,3.71,108.465,27,3,$1.25,$1.27,$168.02,2.68,4,0.9689,FIFO,Expiring Soon,-1,25/06/2025,9.93%,86.63%,No Notes,Low,106,In Stock,Critical,FALSE,FALSE,0,High Risk,98.48190299,Very Fast Moving,0.269813433,0.09,Low,0,0.09,A - Good,206.5718724,High Variation (~206),0
SKU0150,Dairy Product 426,Dairy,C,S010,PT DailyDairy,WHBDG,Bandung - Rancaekek,BATCH7731,20/05/2025,27/04/2025,28/05/2025,112,209,62,2,0,1,23.29,6960,8.97,93.16,49,4,$0.89,$0.89,$186.93,3.34,11,0.9552,FIFO,Expiring Soon,-1,15/07/2025,-3.34%,70.77%,No Notes,Medium,145,In Stock,Critical,FALSE,FALSE,0,Medium Risk,40.67392344,Fast Moving,0.111435407,0.18,Low,0,0.18,A - Good,192.2676003,Moderate Imbalance (~192),0
SKU0151,Beverages Product 402,Beverages,A,S008,PT Hygienic Supplies,WHBDG,Bandung - Rancaekek,BATCH6070,26/04/2025,06/03/2025,28/08/2027,136,1,152,220,0,2,86.26,1845,0.01,258.78,131,3,$7.34,$7.80,"$8,858.17",2.14,30,0.8449,FEFO,In Stock,1,16/08/2025,8.73%,71.44%,No Notes,Low,-371,Out of Stock,Critical,TRUE,TRUE,2.99,High Risk,31484.9,Very Fast Moving,86.26,0.47,Low,2.99,3.46,A - Good,192.2676003,Moderate Imbalance (~192),13.98
SKU0152,Personal Product 226,Personal Care,C,S008,PT Hygienic Supplies,WHSBY,Surabaya - Sidoarjo,BATCH9641,04/06/2025,09/05/2025,29/03/2029,97,28,12,0,2,1,3.53,1270,7.93,7.06,9,2,$23.20,$25.44,$649.59,3.78,2,0.9727,FIFO,In Stock,2,15/08/2025,8.85%,76.96%,No Notes,Medium,14,Low,Critical,FALSE,FALSE,0,Medium Risk,46.01607143,Fast Moving,0.126071429,0.05,Low,0,0.05,A - Good,199.2482854,High Variation (~206),0
SKU0153,Dairy Product 129,Dairy,B,S001,PT Segar Makmur,WHMDN,Medan - Deli Serdang,BATCH2680,06/06/2025,22/04/2025,30/06/2025,95,463,39,34,1,0,34.54,127,13.4,241.78,126,7,$2.22,$2.18,"$1,027.21",2.24,11,0.8484,FIFO,Expiring Soon,1,04/08/2025,-2.91%,63.90%,High return rate,Low,389,In Stock,Low,FALSE,FALSE,0,Low Risk,27.22915767,Fast Moving,0.074600432,1.06,Low,0,1.06,A - Good,202.6218382,High Variation (~206),0
SKU0154,Meat Product 464,Meat,B,S009,PT Beverage Nusantara,WHBDG,Bandung - Rancaekek,BATCH4637,21/05/2025,30/03/2025,28/05/2025,111,474,86,66,3,0,34.64,9670,13.68,103.92,58,3,$3.54,$3.44,"$1,675.87",2.19,12,0.9546,FEFO,Expiring Soon,1,27/07/2025,-0.82%,78.60%,No Notes,Low,319,In Stock,Low,FALSE,FALSE,0,Low Risk,26.6742616,Fast Moving,0.073080169,0.14,Low,0,0.14,A - Good,192.2676003,Moderate Imbalance (~192),0
SKU0155,Bakery Product 203,Bakery,B,S009,PT Beverage Nusantara,WHSBY,Surabaya - Sidoarjo,BATCH2337,11/07/2025,18/06/2025,16/07/2025,60,642,9,28,0,0,55.89,1696,11.49,279.45,143,5,$2.36,$2.27,"$1,516.15",2.61,16,0.8154,FIFO,Expiring Soon,-5,06/09/2025,-2.91%,83.09%,No Notes,Low,605,In Stock,Low,FALSE,FALSE,0,Low Risk,31.77546729,Fast Moving,0.087056075,0.92,Low,0,0.92,A - Good,199.2482854,High Variation (~206),0
SKU0156,Fresh Product 366,Fresh Produce,C,S006,PT Frozen Express,WHBDG,Bandung - Rancaekek,BATCH5700,05/08/2025,08/06/2025,08/08/2025,35,224,52,12,1,1,21.47,5770,10.43,64.41,35,3,$0.82,$0.87,$182.60,2.88,10,0.9256,FEFO,Expiring Soon,4,12/06/2025,-1.76%,80.77%,No Notes,Low,159,In Stock,Low,FALSE,FALSE,0,Low Risk,34.98459821,Fast Moving,0.095848214,0.22,Low,0,0.22,A - Good,192.2676003,Moderate Imbalance (~192),0
SKU0157,Beverages Product 241,Beverages,A,S008,PT Hygienic Supplies,WHDPS,Denpasar - Tabanan,BATCH1311,08/09/2025,23/08/2025,17/02/2027,1,1,180,46,0,2,77.75,2856,0.01,777.5,398,10,$5.50,$5.95,"$6,028.45",2.13,20,0.8568,FIFO,Low Stock,5,21/08/2025,3.95%,67.73%,No Notes,Low,-225,Out of Stock,Critical,TRUE,TRUE,9.99,High Risk,28378.75,Very Fast Moving,77.75,1.43,Low,9.99,11.42,A - Good,206.5718724,High Variation (~206),27.98
SKU0158,Beverages Product 271,Beverages,A,S007,PT Bakerindo,WHJKT,Jakarta - Cengkareng,BATCH5934,28/06/2025,21/06/2025,27/10/2027,73,687,43,120,2,2,82.42,3167,8.34,329.68,167,4,$4.18,$4.71,"$2,873.31",3.6,31,0.8108,FIFO,In Stock,0,10/08/2025,-5.93%,62.53%,No Notes,Medium,522,In Stock,Critical,FALSE,FALSE,0,Medium Risk,43.78937409,Fast Moving,0.119970888,0.76,Low,0,0.76,A - Good,213.1579776,Very Uneven (~213+),0
SKU0159,Household Product 235,Household,B,S002,PT Indo Fresh,WHJKT,Jakarta - Cengkareng,BATCH9782,05/05/2025,04/05/2025,08/09/2029,127,52,12,2,3,1,9.24,1950,5.63,9.24,9,1,$16.17,$16.43,$841.07,5.33,3,0.9373,FIFO,In Stock,-4,22/08/2025,4.45%,68.27%,No Notes,Medium,35,Low,Critical,FALSE,FALSE,0,Medium Risk,64.85769231,Very Fast Moving,0.177692308,0.06,Low,0,0.06,A - Good,213.1579776,Very Uneven (~213+),0
SKU0160,Fresh Product 181,Fresh Produce,B,S004,PT Nusantara Supplier,WHDPS,Denpasar - Tabanan,BATCH2402,26/05/2025,23/04/2025,31/05/2025,106,719,111,103,1,2,46.13,1519,15.59,138.39,70,3,$2.00,$1.81,"$1,438.14",1.92,15,0.7762,FEFO,Expiring Soon,1,01/09/2025,-5.86%,73.18%,No Notes,Low,504,In Stock,Low,FALSE,FALSE,0,Low Risk,23.41787204,Fast Moving,0.064158554,0.67,Low,0,0.67,A - Good,206.5718724,High Variation (~206),0
SKU0161,Pantry Product 403,Pantry,B,S009,PT Beverage Nusantara,WHDPS,Denpasar - Tabanan,BATCH8702,04/09/2025,02/09/2025,11/11/2028,5,164,32,41,1,1,13.56,4950,12.09,27.12,20,2,$9.20,$9.17,"$1,508.73",2.48,6,0.833,FEFO,In Stock,0,24/07/2025,1.77%,93.01%,No Notes,Low,90,In Stock,Low,FALSE,FALSE,0,Low Risk,30.17926829,Fast Moving,0.082682927,0.33,Low,0,0.33,A - Good,206.5718724,High Variation (~206),0
SKU0162,Fresh Product 404,Fresh Produce,B,S002,PT Indo Fresh,WHSBY,Surabaya - Sidoarjo,BATCH2698,10/07/2025,22/05/2025,24/07/2025,61,616,164,105,2,1,37.33,1229,16.5,74.66,42,2,$2.41,$2.59,"$1,483.76",1.82,10,0.9062,FEFO,Expiring Soon,2,23/08/2025,-5.63%,90.97%,Temperature controlled,Low,345,In Stock,Low,FALSE,FALSE,0,Low Risk,22.11923701,Fast Moving,0.060600649,0.19,Low,0,0.19,A - Good,199.2482854,High Variation (~206),0
SKU0163,Seafood Product 330,Seafood,B,S003,PT Prima Distribusi,WHMDN,Medan - Deli Serdang,BATCH3986,15/03/2025,23/01/2025,25/03/2025,178,154,5,21,0,2,13.54,4470,11.37,27.08,22,2,$6.79,$6.45,"$1,045.43",2.64,10,0.8374,FIFO,Expiring Soon,0,01/09/2025,0.28%,63.58%,No Notes,Low,128,In Stock,Low,FALSE,FALSE,0,Low Risk,32.09155844,Fast Moving,0.087922078,0.33,Low,0,0.33,A - Good,202.6218382,High Variation (~206),0
SKU0164,Personal Product 19,Personal Care,B,S005,PT Agro Raya,WHBDG,Bandung - Rancaekek,BATCH1686,29/08/2025,09/08/2025,11/10/2027,11,88,16,10,1,2,8.3,2880,10.6,8.3,9,1,$14.41,$13.80,"$1,267.88",2.83,7,0.9923,FEFO,In Stock,0,06/07/2025,-9.71%,61.48%,No Notes,Low,61,In Stock,Low,FALSE,FALSE,0,Low Risk,34.42613636,Fast Moving,0.094318182,0.01,Low,0,0.01,A - Good,192.2676003,Moderate Imbalance (~192),0
SKU0165,Household Product 243,Household,B,S005,PT Agro Raya,WHJKT,Jakarta - Cengkareng,BATCH5687,28/03/2025,06/03/2025,23/04/2027,165,63,33,18,1,1,9.4,2980,6.7,94,49,10,$15.26,$15.03,$961.14,4.48,6,0.8476,FIFO,Low Stock,-4,18/06/2025,0.55%,62.03%,No Notes,Medium,11,Low,Critical,TRUE,TRUE,3.3,Medium Risk,54.46031746,Very Fast Moving,0.149206349,1.52,Low,3.3,4.82,A - Good,213.1579776,Very Uneven (~213+),14.6
SKU0166,Dairy Product 189,Dairy,C,S007,PT Bakerindo,WHMDN,Medan - Deli Serdang,BATCH6554,20/05/2025,09/05/2025,08/06/2025,112,203,122,81,2,1,42.74,1028,4.75,170.96,93,4,$3.01,$3.24,$611.19,6.32,19,0.9064,FEFO,Low Stock,-3,13/06/2025,-0.90%,60.73%,No Notes,Medium,-2,Out of Stock,Critical,FALSE,FALSE,0,High Risk,76.84778325,Very Fast Moving,0.210541872,0.37,Low,0,0.37,A - Good,202.6218382,High Variation (~206),0
SKU0167,Personal Product 266,Personal Care,A,S005,PT Agro Raya,WHJKT,Jakarta - Cengkareng,BATCH8055,24/05/2025,16/04/2025,01/11/2026,108,206,51,20,0,0,13.275,4600,15.52,26.55,25,2,$21.00,$23.28,"$4,326.49",2.95,7,0.876,FIFO,In Stock,0,02/07/2025,2.85%,82.58%,No Notes,Low,135,In Stock,Low,FALSE,FALSE,0,Low Risk,23.52123786,Fast Moving,0.064441748,0.25,Low,0,0.25,A - Good,213.1579776,Very Uneven (~213+),0
SKU0168,Fresh Product 168,Fresh Produce,C,S005,PT Agro Raya,WHSBY,Surabaya - Sidoarjo,BATCH7981,18/05/2025,08/05/2025,30/05/2025,114,465,273,136,1,0,78.21,2297,5.95,78.21,42,1,$1.40,$1.27,$652.63,5.05,17,0.7198,FEFO,Expiring Soon,0,27/07/2025,7.95%,92.20%,No Notes,Medium,55,In Stock,Critical,FALSE,FALSE,0,Medium Risk,61.39064516,Very Fast Moving,0.168193548,0.28,Low,0,0.28,A - Good,199.2482854,High Variation (~206),0
SKU0169,Beverages Product 467,Beverages,A,S006,PT Frozen Express,WHDPS,Denpasar - Tabanan,BATCH1939,21/05/2025,17/05/2025,04/12/2027,111,753,102,108,0,0,82.06,2655,9.18,164.12,86,2,$7.81,$7.88,"$5,879.20",3.27,26,0.7892,FEFO,In Stock,-4,25/07/2025,0.60%,68.35%,No Notes,Medium,543,In Stock,Critical,FALSE,FALSE,0,Medium Risk,39.77675963,Fast Moving,0.108977424,0.42,Low,0,0.42,A - Good,206.5718724,High Variation (~206),0
SKU0170,Beverages Product 82,Beverages,B,S001,PT Segar Makmur,WHBDG,Bandung - Rancaekek,BATCH8179,07/04/2025,05/04/2025,24/01/2030,155,201,42,18,1,1,18.67,3930,10.77,130.69,70,7,$7.81,$7.96,"$1,569.39",2.79,9,0.8614,FIFO,Low Stock,0,01/09/2025,5.61%,66.62%,No Notes,Low,140,In Stock,Low,FALSE,FALSE,0,Low Risk,33.90323383,Fast Moving,0.092885572,0.97,Low,0,0.97,A - Good,192.2676003,Moderate Imbalance (~192),0
SKU0171,Pantry Product 186,Pantry,A,S007,PT Bakerindo,WHDPS,Denpasar - Tabanan,BATCH3513,01/09/2025,20/07/2025,22/01/2030,8,216,19,30,0,2,20.26,7390,10.66,60.78,39,3,$14.88,$15.22,"$3,213.89",2.81,7,0.8675,FEFO,In Stock,-1,24/07/2025,-0.34%,75.46%,No Notes,Low,167,In Stock,Low,FALSE,FALSE,0,Low Risk,34.23564815,Fast Moving,0.093796296,0.4,Low,0,0.4,A - Good,206.5718724,High Variation (~206),0
SKU0172,Beverages Product 294,Beverages,B,S003,PT Prima Distribusi,WHDPS,Denpasar - Tabanan,BATCH6150,08/06/2025,28/04/2025,31/08/2028,93,253,132,29,0,0,49.98,1491,5.06,249.9,131,5,$4.72,$4.40,"$1,193.83",5.93,24,0.8701,FEFO,Low Stock,2,09/08/2025,7.09%,75.45%,No Notes,Medium,92,In Stock,Critical,FALSE,FALSE,0,Medium Risk,72.1055336,Very Fast Moving,0.197549407,0.65,Low,0,0.65,A - Good,206.5718724,High Variation (~206),0
SKU0173,Fresh Product 96,Fresh Produce,C,S008,PT Hygienic Supplies,WHDPS,Denpasar - Tabanan,BATCH2929,02/06/2025,17/05/2025,13/06/2025,99,237,91,89,0,0,32.84,1206,7.22,131.36,71,4,$1.53,$1.44,$362.44,4.16,9,0.9568,FEFO,Expiring Soon,-2,11/06/2025,3.46%,69.49%,No Notes,Medium,57,In Stock,Critical,FALSE,FALSE,0,Medium Risk,50.57637131,Very Fast Moving,0.138565401,0.17,Low,0,0.17,A - Good,206.5718724,High Variation (~206),0
SKU0174,Personal Product 147,Personal Care,A,S008,PT Hygienic Supplies,WHBDG,Bandung - Rancaekek,BATCH2213,09/08/2025,12/07/2025,13/05/2027,31,119,39,9,1,0,16.06,4060,7.41,16.06,16,1,$19.88,$22.46,"$2,365.37",4.05,7,0.9949,FIFO,In Stock,-1,15/07/2025,-9.20%,94.52%,No Notes,Medium,70,In Stock,Critical,FALSE,FALSE,0,Medium Risk,49.25966387,Fast Moving,0.134957983,0.01,Low,0,0.01,A - Good,192.2676003,Moderate Imbalance (~192),0
SKU0175,Household Product 496,Household,B,S006,PT Frozen Express,WHSBY,Surabaya - Sidoarjo,BATCH9882,24/08/2025,06/08/2025,23/09/2029,16,72,20,14,1,0,8.56,2230,8.41,34.24,26,4,$15.50,$15.77,"$1,116.31",3.57,6,0.8374,FEFO,In Stock,-6,20/08/2025,5.47%,92.41%,No Notes,Medium,37,Low,Critical,FALSE,FALSE,0,Medium Risk,43.39444444,Fast Moving,0.118888889,0.65,Low,0,0.65,A - Good,199.2482854,High Variation (~206),0
SKU0176,Personal Product 327,Personal Care,A,S003,PT Prima Distribusi,WHSBY,Surabaya - Sidoarjo,BATCH2988,02/05/2025,20/04/2025,04/08/2027,130,310,81,78,0,0,22.96,4900,13.5,45.92,28,2,$19.40,$20.21,"$6,014.78",2.22,9,0.8804,FIFO,In Stock,2,10/08/2025,8.58%,91.42%,No Notes,Low,151,In Stock,Low,FALSE,FALSE,0,Low Risk,27.03354839,Fast Moving,0.074064516,0.24,Low,0,0.24,A - Good,199.2482854,High Variation (~206),0
SKU0177,Fresh Product 284,Fresh Produce,C,S010,PT DailyDairy,WHSBY,Surabaya - Sidoarjo,BATCH3126,13/05/2025,04/04/2025,24/05/2025,119,326,73,15,1,2,28.82,1017,11.31,403.48,206,14,$1.79,$1.92,$584.42,2.65,11,0.7708,FIFO,Low Stock,-2,01/09/2025,0.86%,70.57%,No Notes,Low,237,In Stock,Low,TRUE,TRUE,2.69,Low Risk,32.26779141,Fast Moving,0.088404908,3.21,Medium,2.69,5.9,B - Normal,199.2482854,High Variation (~206),13.38
SKU0178,Personal Product 369,Personal Care,B,S008,PT Hygienic Supplies,WHDPS,Denpasar - Tabanan,BATCH2208,27/05/2025,19/05/2025,11/09/2028,105,56,0,13,1,3,7.55,2130,7.42,15.1,11,2,$17.84,$20.09,$999.06,4.04,5,0.7562,FEFO,In Stock,2,19/06/2025,6.35%,93.61%,Fragile,Medium,42,Low,Critical,FALSE,FALSE,0,Medium Risk,49.20982143,Fast Moving,0.134821429,0.49,Low,0,0.49,A - Good,206.5718724,High Variation (~206),0
SKU0179,Beverages Product 177,Beverages,B,S003,PT Prima Distribusi,WHDPS,Denpasar - Tabanan,BATCH3981,30/03/2025,09/02/2025,15/07/2029,163,529,61,65,1,0,35.53,115,14.89,142.12,77,4,$1.64,$1.76,$867.61,2.01,12,0.7133,FIFO,In Stock,-1,16/07/2025,9%,82.18%,No Notes,Low,402,In Stock,Low,FALSE,FALSE,0,Low Risk,24.51502836,Fast Moving,0.067164461,1.15,Low,0,1.15,A - Good,206.5718724,High Variation (~206),0
SKU0180,Household Product 426,Household,C,S002,PT Indo Fresh,WHDPS,Denpasar - Tabanan,BATCH3697,01/08/2025,22/07/2025,14/04/2028,39,8,2,2,0,0,1.29,400,6.2,6.45,11,5,$4.75,$4.75,$37.99,4.84,1,0.9893,FEFO,Low Stock,3,11/06/2025,-3.46%,77.63%,No Notes,Medium,4,Low,Critical,FALSE,FALSE,0,Medium Risk,58.85625,Very Fast Moving,0.16125,0.05,Low,0,0.05,A - Good,206.5718724,High Variation (~206),0
SKU0181,Personal Product 266,Personal Care,C,S005,PT Agro Raya,WHJKT,Jakarta - Cengkareng,BATCH5496,07/07/2025,29/06/2025,13/08/2027,64,41,6,4,1,0,2.61,930,15.71,10.44,12,4,$5.60,$5.28,$229.72,1.91,1,0.9861,FEFO,In Stock,0,23/06/2025,1.36%,97.38%,No Notes,Low,30,Low,Low,FALSE,FALSE,0,Low Risk,23.23536585,Fast Moving,0.063658537,0.06,Low,0,0.06,A - Good,213.1579776,Very Uneven (~213+),0
SKU0182,Frozen Product 87,Frozen,C,S010,PT DailyDairy,WHDPS,Denpasar - Tabanan,BATCH6531,01/08/2025,09/06/2025,12/03/2026,39,155,72,38,0,1,24.18,4100,6.41,48.36,25,2,$4.02,$4.52,$622.88,3.62,7,0.8701,FIFO,In Stock,-4,06/09/2025,4.90%,81.18%,Temperature controlled,Medium,45,Low,Critical,FALSE,FALSE,0,Medium Risk,56.94,Very Fast Moving,0.156,0.26,Low,0,0.26,A - Good,206.5718724,High Variation (~206),0
SKU0183,Meat Product 108,Meat,B,S010,PT DailyDairy,WHMDN,Medan - Deli Serdang,BATCH9159,04/04/2025,07/02/2025,09/04/2025,158,206,42,43,2,2,31.7,8550,6.5,126.8,68,4,$9.50,$9.29,"$1,956.96",4.62,15,0.7705,FEFO,Expiring Soon,-2,19/06/2025,-5%,95.27%,No Notes,Medium,119,In Stock,Critical,FALSE,FALSE,0,Medium Risk,56.16747573,Very Fast Moving,0.153883495,0.92,Low,0,0.92,A - Good,202.6218382,High Variation (~206),0
SKU0184,Frozen Product 413,Frozen,B,S007,PT Bakerindo,WHSBY,Surabaya - Sidoarjo,BATCH1981,16/05/2025,06/05/2025,30/11/2025,116,403,71,10,3,0,39.13,1196,10.3,195.65,106,5,$4.59,$4.49,"$1,848.20",2.91,11,0.785,FEFO,In Stock,2,18/07/2025,-1.24%,80.44%,No Notes,Low,319,In Stock,Low,FALSE,FALSE,0,Low Risk,35.44032258,Fast Moving,0.097096774,1.07,Low,0,1.07,A - Good,199.2482854,High Variation (~206),0
SKU0185,Dairy Product 311,Dairy,C,S003,PT Prima Distribusi,WHSBY,Surabaya - Sidoarjo,BATCH6658,20/06/2025,26/05/2025,20/07/2025,81,48,2,4,0,0,4.66,1300,10.3,9.32,14,2,$2.58,$2.52,$123.85,2.91,2,0.7929,FIFO,Expiring Soon,0,24/07/2025,6.73%,72.03%,No Notes,Low,42,Low,Low,FALSE,FALSE,0,Low Risk,35.43541667,Fast Moving,0.097083333,0.41,Low,0,0.41,A - Good,199.2482854,High Variation (~206),0
SKU0186,Fresh Product 124,Fresh Produce,C,S008,PT Hygienic Supplies,WHJKT,Jakarta - Cengkareng,BATCH5061,03/07/2025,24/06/2025,13/07/2025,68,339,7,114,1,0,63.57,1622,5.33,63.57,40,1,$0.39,$0.44,$133.80,5.63,22,0.791,FIFO,Expiring Soon,2,03/09/2025,-1.37%,92.08%,No Notes,Medium,217,In Stock,Critical,FALSE,FALSE,0,Medium Risk,68.44557522,Very Fast Moving,0.187522124,0.21,Low,0,0.21,A - Good,213.1579776,Very Uneven (~213+),0
SKU0187,Bakery Product 316,Bakery,C,S007,PT Bakerindo,WHBDG,Bandung - Rancaekek,BATCH6123,31/07/2025,19/07/2025,04/08/2025,40,238,59,15,3,1,24.79,7230,9.6,123.95,68,5,$2.51,$2.53,$596.33,3.12,7,0.9617,FIFO,Expiring Soon,3,08/07/2025,-7.35%,89.65%,No Notes,Medium,161,In Stock,Critical,FALSE,FALSE,0,Medium Risk,38.01827731,Fast Moving,0.104159664,0.19,Low,0,0.19,A - Good,192.2676003,Moderate Imbalance (~192),0
SKU0188,Frozen Product 451,Frozen,B,S005,PT Agro Raya,WHMDN,Medan - Deli Serdang,BATCH7442,04/09/2025,03/08/2025,26/03/2026,5,277,24,74,0,0,25.85,5790,10.72,129.25,72,5,$3.94,$4.34,"$1,091.08",2.8,7,0.9734,FEFO,In Stock,0,10/08/2025,-8.95%,68.93%,No Notes,Low,179,In Stock,Low,FALSE,FALSE,0,Low Risk,34.06227437,Fast Moving,0.0933213,0.13,Low,0,0.13,A - Good,202.6218382,High Variation (~206),0
SKU0189,Seafood Product 26,Seafood,C,S005,PT Agro Raya,WHMDN,Medan - Deli Serdang,BATCH5681,10/04/2025,07/03/2025,20/04/2025,152,95,40,30,2,1,13.18,3410,7.21,39.54,24,3,$4.78,$5.46,$453.92,4.16,3,0.8257,FIFO,Expiring Soon,-3,27/08/2025,0.88%,94.36%,No Notes,Medium,23,Low,Critical,FALSE,FALSE,0,Medium Risk,50.63894737,Very Fast Moving,0.138736842,0.52,Low,0,0.52,A - Good,202.6218382,High Variation (~206),0
SKU0190,Personal Product 373,Personal Care,A,S006,PT Frozen Express,WHMDN,Medan - Deli Serdang,BATCH7563,08/06/2025,05/06/2025,08/09/2026,93,145,26,28,5,0,20.34,5500,7.13,61.02,36,3,$20.86,$19.21,"$3,024.61",4.21,7,0.7791,FIFO,In Stock,-2,25/07/2025,-5.78%,74.99%,No Notes,Medium,86,In Stock,Critical,FALSE,FALSE,0,Medium Risk,51.20068966,Very Fast Moving,0.140275862,0.66,Low,0,0.66,A - Good,202.6218382,High Variation (~206),0
SKU0191,Fresh Product 259,Fresh Produce,C,S008,PT Hygienic Supplies,WHDPS,Denpasar - Tabanan,BATCH2946,30/06/2025,22/06/2025,12/07/2025,71,300,76,50,0,1,35.63,8960,8.42,178.15,95,5,$1.09,$1.06,$328.32,3.56,10,0.9437,FIFO,Expiring Soon,-1,21/07/2025,7.72%,75.63%,No Notes,Medium,174,In Stock,Critical,FALSE,FALSE,0,Medium Risk,43.34983333,Fast Moving,0.118766667,0.28,Low,0,0.28,A - Good,206.5718724,High Variation (~206),0
SKU0192,Personal Product 286,Personal Care,B,S006,PT Frozen Express,WHBDG,Bandung - Rancaekek,BATCH9341,21/07/2025,26/06/2025,05/12/2029,50,116,34,14,1,0,20.78,5000,5.58,103.9,54,5,$16.93,$15.36,"$1,963.35",5.37,12,0.8267,FIFO,Low Stock,3,04/09/2025,-1.11%,73.37%,Promotional item,Medium,67,In Stock,Critical,FALSE,FALSE,0,Medium Risk,65.38534483,Very Fast Moving,0.179137931,0.87,Low,0,0.87,A - Good,192.2676003,Moderate Imbalance (~192),0
SKU0193,Household Product 266,Household,C,S008,PT Hygienic Supplies,WHBDG,Bandung - Rancaekek,BATCH3290,07/04/2025,18/03/2025,25/02/2029,155,37,3,0,1,2,3.45,1040,10.72,10.35,6,3,$5.94,$6.31,$219.75,2.8,1,0.7275,FEFO,In Stock,0,20/08/2025,5.62%,62.32%,No Notes,Low,33,Low,Low,FALSE,FALSE,0,Low Risk,34.03378378,Fast Moving,0.093243243,0.82,Low,0,0.82,A - Good,192.2676003,Moderate Imbalance (~192),0
SKU0194,Pantry Product 432,Pantry,C,S005,PT Agro Raya,WHDPS,Denpasar - Tabanan,BATCH9351,15/06/2025,12/05/2025,18/04/2029,86,29,8,7,1,0,4.92,1790,5.89,49.2,26,10,$14.47,$15.28,$419.58,5.09,3,0.974,FEFO,Low Stock,-1,11/06/2025,4.94%,61.71%,No Notes,Medium,13,Low,Critical,TRUE,TRUE,4.11,Medium Risk,61.92413793,Very Fast Moving,0.169655172,0.26,Low,4.11,4.37,A - Good,206.5718724,High Variation (~206),16.22
SKU0195,Frozen Product 9,Frozen,C,S006,PT Frozen Express,WHSBY,Surabaya - Sidoarjo,BATCH7824,21/03/2025,12/02/2025,15/10/2025,172,139,95,5,0,1,24.34,7580,5.71,48.68,33,2,$3.32,$3.79,$462.01,5.25,7,0.9108,FEFO,In Stock,0,13/06/2025,-8.99%,79.01%,No Notes,Medium,39,Low,Critical,FALSE,FALSE,0,Medium Risk,63.91438849,Very Fast Moving,0.175107914,0.18,Low,0,0.18,A - Good,199.2482854,High Variation (~206),0
SKU0196,Pantry Product 136,Pantry,B,S010,PT DailyDairy,WHDPS,Denpasar - Tabanan,BATCH8871,13/07/2025,03/07/2025,26/10/2026,58,201,37,34,0,0,16.24,6110,12.38,81.2,43,5,$4.61,$4.82,$927.07,2.42,3,0.902,FEFO,In Stock,3,22/08/2025,-4.93%,72.38%,No Notes,Low,130,In Stock,Low,FALSE,FALSE,0,Low Risk,29.49054726,Fast Moving,0.08079602,0.49,Low,0,0.49,A - Good,206.5718724,High Variation (~206),0
SKU0197,Meat Product 294,Meat,A,S002,PT Indo Fresh,WHBDG,Bandung - Rancaekek,BATCH6139,05/09/2025,10/08/2025,24/09/2025,4,326,40,73,1,0,33.82,7660,9.64,135.28,69,4,$10.98,$9.92,"$3,578.96",3.11,17,0.9396,FIFO,In Stock,0,19/07/2025,-3.55%,90.98%,No Notes,Medium,212,In Stock,Critical,FALSE,FALSE,0,Medium Risk,37.86595092,Fast Moving,0.103742331,0.24,Low,0,0.24,A - Good,192.2676003,Moderate Imbalance (~192),0
SKU0198,Bakery Product 397,Bakery,C,S010,PT DailyDairy,WHMDN,Medan - Deli Serdang,BATCH3262,25/08/2025,23/07/2025,01/09/2025,15,393,19,33,1,1,47.64,1346,8.25,47.64,28,1,$1.84,$1.93,$724.73,3.64,19,0.7393,FIFO,Expiring Soon,0,30/06/2025,6.25%,85.56%,No Notes,Medium,340,In Stock,Critical,FALSE,FALSE,0,Medium Risk,44.24580153,Fast Moving,0.121221374,0.26,Low,0,0.26,A - Good,202.6218382,High Variation (~206),0
SKU0199,Beverages Product 270,Beverages,B,S007,PT Bakerindo,WHSBY,Surabaya - Sidoarjo,BATCH9734,27/07/2025,06/07/2025,22/02/2029,44,246,39,36,1,2,14.58,5080,16.87,102.06,57,7,$5.13,$5.90,"$1,262.64",1.78,6,0.7833,FEFO,In Stock,2,15/06/2025,-8.15%,71.69%,No Notes,Low,170,In Stock,Low,FALSE,FALSE,0,Low Risk,21.63292683,Fast Moving,0.059268293,1.52,Low,0,1.52,A - Good,199.2482854,High Variation (~206),0
SKU0200,Beverages Product 330,Beverages,B,S005,PT Agro Raya,WHDPS,Denpasar - Tabanan,BATCH5038,09/05/2025,22/04/2025,06/06/2027,123,370,93,21,3,1,54.29,9570,6.82,54.29,21,1,$2.53,$2.60,$934.25,2.37,19,0.9745,FEFO,In Stock,0,12/08/2025,-4.56%,65.85%,No Notes,Low,253,In Stock,Critical,FALSE,FALSE,0,Medium Risk,53.55635135,Very Fast Moving,0.14672973,0.03,Low,0,0.03,A - Good,206.5718724,High Variation (~206),0
SKU0201,Personal Product 395,Personal Care,B,S005,PT Agro Raya,WHBDG,Bandung - Rancaekek,BATCH9011,17/03/2025,25/02/2025,27/02/2030,176,111,0,7,0,2,8.37,2000,13.26,33.48,26,4,$17.00,$16.91,"$1,886.98",2.26,5,0.9606,FEFO,In Stock,3,27/07/2025,-8.76%,85.01%,No Notes,Low,104,In Stock,Low,FALSE,FALSE,0,Low Risk,27.52297297,Fast Moving,0.075405405,0.16,Low,0,0.16,A - Good,192.2676003,Moderate Imbalance (~192),0
SKU0202,Personal Product 370,Personal Care,C,S005,PT Agro Raya,WHSBY,Surabaya - Sidoarjo,BATCH9899,09/08/2025,16/07/2025,26/10/2029,31,73,40,10,0,1,10.29,3280,7.09,72.03,43,7,$10.55,$11.20,$769.87,4.23,3,0.8156,FEFO,Low Stock,0,27/07/2025,9.09%,82.11%,No Notes,Medium,23,Low,Critical,FALSE,FALSE,0,Medium Risk,51.45,Very Fast Moving,0.140958904,1.29,Low,0,1.29,A - Good,199.2482854,High Variation (~206),0
SKU0203,Household Product 149,Household,B,S001,PT Segar Makmur,WHSBY,Surabaya - Sidoarjo,BATCH8247,20/08/2025,10/07/2025,29/07/2028,20,278,47,25,2,3,14.95,3540,18.6,44.85,25,3,$3.67,$3.58,"$1,020.79",1.61,9,0.7592,FEFO,In Stock,3,10/07/2025,0.60%,66.54%,No Notes,Low,204,In Stock,Low,FALSE,FALSE,0,Low Risk,19.62859712,Medium Moving,0.053776978,0.72,Low,0,0.72,A - Good,199.2482854,High Variation (~206),0
SKU0204,Household Product 139,Household,B,S009,PT Beverage Nusantara,WHSBY,Surabaya - Sidoarjo,BATCH4920,05/08/2025,21/07/2025,16/03/2027,35,145,43,8,3,1,16.04,4720,9.04,80.2,47,5,$6.64,$6.52,$963.19,3.32,4,0.9318,FIFO,In Stock,-1,16/06/2025,-2.12%,76.06%,No Notes,Medium,91,In Stock,Critical,FALSE,FALSE,0,Medium Risk,40.37655172,Fast Moving,0.11062069,0.34,Low,0,0.34,A - Good,199.2482854,High Variation (~206),0
SKU0205,Meat Product 120,Meat,B,S001,PT Segar Makmur,WHJKT,Jakarta - Cengkareng,BATCH8739,27/05/2025,21/05/2025,11/06/2025,105,171,7,40,3,0,14.99,5590,11.41,14.99,13,1,$7.99,$7.44,"$1,366.00",2.63,4,0.8485,FIFO,Expiring Soon,-4,09/09/2025,-6.21%,91.74%,No Notes,Low,121,In Stock,Low,FALSE,FALSE,0,Low Risk,31.99619883,Fast Moving,0.087660819,0.15,Low,0,0.15,A - Good,213.1579776,Very Uneven (~213+),0
SKU0206,Personal Product 81,Personal Care,C,S007,PT Bakerindo,WHMDN,Medan - Deli Serdang,BATCH4267,10/05/2025,23/03/2025,01/01/2030,122,60,17,7,2,3,6.24,1520,9.62,12.48,13,2,$1.98,$2.08,$118.94,3.12,4,0.8966,FEFO,In Stock,0,30/07/2025,-5.59%,62.26%,No Notes,Medium,34,Low,Critical,FALSE,FALSE,0,Medium Risk,37.96,Fast Moving,0.104,0.21,Low,0,0.21,A - Good,202.6218382,High Variation (~206),0
SKU0207,Fresh Product 394,Fresh Produce,C,S002,PT Indo Fresh,WHDPS,Denpasar - Tabanan,BATCH1611,12/07/2025,15/05/2025,23/07/2025,59,322,60,38,2,0,38.14,9010,8.44,38.14,25,1,$0.48,$0.49,$153.34,3.55,7,0.8693,FIFO,Expiring Soon,-3,18/07/2025,-0.33%,79.22%,No Notes,Medium,222,In Stock,Critical,FALSE,FALSE,0,Medium Risk,43.23322981,Fast Moving,0.118447205,0.13,Low,0,0.13,A - Good,206.5718724,High Variation (~206),0
SKU0208,Dairy Product 471,Dairy,B,S001,PT Segar Makmur,WHMDN,Medan - Deli Serdang,BATCH5742,06/05/2025,11/03/2025,18/05/2025,126,646,109,191,0,0,53.05,1232,12.18,53.05,35,1,$2.61,$2.54,"$1,686.90",2.46,15,0.9919,FIFO,Expiring Soon,1,08/09/2025,-8.46%,79.71%,No Notes,Low,346,In Stock,Low,FALSE,FALSE,0,Low Risk,29.97407121,Fast Moving,0.082120743,0.01,Low,0,0.01,A - Good,202.6218382,High Variation (~206),0
SKU0209,Pantry Product 476,Pantry,A,S006,PT Frozen Express,WHSBY,Surabaya - Sidoarjo,BATCH9901,16/05/2025,13/04/2025,19/12/2029,116,247,28,20,0,2,28.52,9340,8.66,28.52,23,1,$10.36,$9.47,"$2,558.77",3.46,7,0.8447,FEFO,In Stock,0,23/08/2025,-3.38%,82.03%,No Notes,Medium,199,In Stock,Critical,FALSE,FALSE,0,Medium Risk,42.14493927,Fast Moving,0.115465587,0.16,Low,0,0.16,A - Good,199.2482854,High Variation (~206),0
SKU0210,Frozen Product 99,Frozen,C,S002,PT Indo Fresh,WHSBY,Surabaya - Sidoarjo,BATCH5215,30/07/2025,15/06/2025,23/05/2026,41,22,11,2,0,1,4.45,1490,4.94,13.35,9,3,$2.19,$2.31,$48.10,6.07,3,0.9182,FIFO,Low Stock,0,08/09/2025,2.95%,96.54%,No Notes,Medium,9,Low,Critical,FALSE,FALSE,0,High Risk,73.82954545,Very Fast Moving,0.202272727,0.25,Low,0,0.25,A - Good,199.2482854,High Variation (~206),0
SKU0211,Household Product 291,Household,C,S004,PT Nusantara Supplier,WHBDG,Bandung - Rancaekek,BATCH7643,06/04/2025,13/02/2025,04/11/2029,156,16,1,3,1,1,1.32,380,12.12,3.96,6,3,$12.44,$13.89,$199.03,2.48,2,0.994,FEFO,In Stock,-2,06/07/2025,-8.81%,80.85%,No Notes,Low,11,Low,Low,FALSE,FALSE,0,Low Risk,30.1125,Fast Moving,0.0825,0.02,Low,0,0.02,A - Good,192.2676003,Moderate Imbalance (~192),0
SKU0212,Bakery Product 49,Bakery,C,S003,PT Prima Distribusi,WHBDG,Bandung - Rancaekek,BATCH5064,10/05/2025,10/05/2025,14/05/2025,122,289,82,138,1,0,48.26,1583,5.99,144.78,79,3,$0.97,$1.02,$281.28,5.01,15,0.7204,FEFO,Expiring Soon,-3,22/07/2025,8.77%,67.55%,No Notes,Medium,68,In Stock,Critical,FALSE,FALSE,0,Medium Risk,60.95121107,Very Fast Moving,0.166989619,0.84,Low,0,0.84,A - Good,192.2676003,Moderate Imbalance (~192),0
SKU0213,Beverages Product 489,Beverages,B,S006,PT Frozen Express,WHSBY,Surabaya - Sidoarjo,BATCH1187,13/04/2025,28/03/2025,29/06/2029,149,205,52,12,0,4,26.94,6300,7.61,134.7,76,5,$6.65,$7.31,"$1,364.17",3.94,6,0.7843,FEFO,Low Stock,3,13/06/2025,4.70%,69.93%,No Notes,Medium,141,In Stock,Critical,FALSE,FALSE,0,Medium Risk,47.96634146,Fast Moving,0.131414634,1.08,Low,0,1.08,A - Good,199.2482854,High Variation (~206),0
SKU0214,Beverages Product 239,Beverages,C,S005,PT Agro Raya,WHBDG,Bandung - Rancaekek,BATCH9233,29/05/2025,31/03/2025,03/04/2030,103,54,9,6,0,0,4.35,1420,12.41,4.35,4,1,$5.93,$6.40,$320.21,2.42,2,0.8735,FEFO,In Stock,-3,13/06/2025,-2.77%,70.47%,Promotional item,Low,39,Low,Low,FALSE,FALSE,0,Low Risk,29.40277778,Fast Moving,0.080555556,0.13,Low,0,0.13,A - Good,192.2676003,Moderate Imbalance (~192),0
SKU0215,Bakery Product 114,Bakery,B,S004,PT Nusantara Supplier,WHBDG,Bandung - Rancaekek,BATCH8454,10/05/2025,24/03/2025,13/05/2025,122,529,144,21,1,1,45.01,1395,11.75,90.02,46,2,$1.61,$1.55,$849.73,2.55,15,0.7241,FEFO,Expiring Soon,-2,18/07/2025,-6.03%,82.34%,No Notes,Low,363,In Stock,Low,FALSE,FALSE,0,Low Risk,31.05604915,Fast Moving,0.085085066,0.55,Low,0,0.55,A - Good,192.2676003,Moderate Imbalance (~192),0
SKU0216,Personal Product 388,Personal Care,C,S009,PT Beverage Nusantara,WHBDG,Bandung - Rancaekek,BATCH2341,08/07/2025,05/06/2025,01/05/2030,63,20,10,3,0,1,5.12,1600,3.91,35.84,22,7,$2.47,$2.62,$49.37,7.68,5,0.9595,FEFO,Low Stock,-4,04/07/2025,3.38%,85.20%,No Notes,Medium,7,Low,Critical,TRUE,TRUE,3.09,High Risk,93.44,Very Fast Moving,0.256,0.28,Low,3.09,3.37,A - Good,192.2676003,Moderate Imbalance (~192),14.18
SKU0217,Fresh Product 289,Fresh Produce,C,S002,PT Indo Fresh,WHJKT,Jakarta - Cengkareng,BATCH4312,22/04/2025,17/03/2025,03/05/2025,140,198,54,22,4,0,22.33,8430,8.87,156.31,86,7,$0.41,$0.41,$80.84,3.38,7,0.7969,FIFO,Low Stock,-1,19/08/2025,-2.87%,83.57%,No Notes,Medium,118,In Stock,Critical,FALSE,FALSE,0,Medium Risk,41.16388889,Fast Moving,0.112777778,1.42,Low,0,1.42,A - Good,213.1579776,Very Uneven (~213+),0
SKU0218,Pantry Product 60,Pantry,C,S004,PT Nusantara Supplier,WHDPS,Denpasar - Tabanan,BATCH9361,07/05/2025,09/04/2025,09/11/2026,125,61,15,18,1,1,6.29,1780,9.7,18.87,12,3,$1.10,$1.11,$67.14,3.09,4,0.9216,FIFO,In Stock,2,13/07/2025,2.90%,70.23%,Fragile,Medium,27,Low,Critical,FALSE,FALSE,0,Medium Risk,37.63688525,Fast Moving,0.103114754,0.24,Low,0,0.24,A - Good,206.5718724,High Variation (~206),0
SKU0219,Frozen Product 30,Frozen,B,S009,PT Beverage Nusantara,WHMDN,Medan - Deli Serdang,BATCH1356,21/03/2025,24/02/2025,04/12/2025,172,169,35,62,6,0,42.61,1605,3.97,42.61,29,1,$7.28,$6.70,"$1,230.15",7.56,19,0.969,FEFO,In Stock,-2,09/09/2025,2%,93.11%,No Notes,Medium,66,In Stock,Critical,FALSE,FALSE,0,High Risk,92.02751479,Very Fast Moving,0.252130178,0.03,Low,0,0.03,A - Good,202.6218382,High Variation (~206),0
SKU0220,Pantry Product 24,Pantry,C,S007,PT Bakerindo,WHSBY,Surabaya - Sidoarjo,BATCH9866,14/03/2025,11/03/2025,22/07/2026,179,216,47,9,0,0,25.75,5800,8.39,51.5,28,2,$1.73,$1.59,$374.41,3.58,13,0.9536,FIFO,In Stock,2,11/07/2025,-6.46%,85.94%,Fragile,Medium,160,In Stock,Critical,FALSE,FALSE,0,Medium Risk,43.51273148,Fast Moving,0.119212963,0.09,Low,0,0.09,A - Good,199.2482854,High Variation (~206),0
SKU0221,Dairy Product 70,Dairy,C,S007,PT Bakerindo,WHSBY,Surabaya - Sidoarjo,BATCH7184,04/06/2025,11/05/2025,25/06/2025,97,187,45,4,1,1,15.41,3530,12.13,61.64,32,4,$3.87,$3.93,$723.75,2.47,7,0.9615,FIFO,Expiring Soon,5,14/06/2025,6.57%,91.88%,No Notes,Low,137,In Stock,Low,FALSE,FALSE,0,Low Risk,30.07834225,Fast Moving,0.082406417,0.15,Low,0,0.15,A - Good,199.2482854,High Variation (~206),0
SKU0222,Household Product 69,Household,C,S006,PT Frozen Express,WHJKT,Jakarta - Cengkareng,BATCH7439,26/07/2025,23/06/2025,30/07/2029,45,274,66,11,0,0,19.27,4240,14.22,192.7,105,10,$1.42,$1.33,$389.16,2.11,5,0.736,FIFO,Low Stock,-2,12/08/2025,9.55%,69.71%,No Notes,Low,197,In Stock,Low,FALSE,FALSE,0,Low Risk,25.66989051,Fast Moving,0.070328467,2.64,Medium,0,2.64,B - Normal,213.1579776,Very Uneven (~213+),0
SKU0223,Beverages Product 153,Beverages,C,S008,PT Hygienic Supplies,WHDPS,Denpasar - Tabanan,BATCH7214,24/05/2025,02/04/2025,17/05/2029,108,62,3,21,1,0,8.19,2680,7.57,32.76,20,4,$3.44,$3.46,$213.51,3.96,4,0.7947,FIFO,In Stock,0,09/08/2025,5.70%,75.92%,No Notes,Medium,37,Low,Critical,FALSE,FALSE,0,Medium Risk,48.21532258,Fast Moving,0.132096774,0.82,Low,0,0.82,A - Good,206.5718724,High Variation (~206),0
SKU0224,Dairy Product 97,Dairy,A,S002,PT Indo Fresh,WHJKT,Jakarta - Cengkareng,BATCH1256,24/03/2025,09/03/2025,13/04/2025,169,787,112,62,1,4,59.76,1558,13.17,119.52,65,2,$2.71,$3.02,"$2,130.72",2.28,24,0.9585,FIFO,Expiring Soon,0,01/09/2025,-7.89%,91.24%,Seasonal SKU,Low,612,In Stock,Low,FALSE,FALSE,0,Low Risk,27.7158831,Fast Moving,0.075933926,0.08,Low,0,0.08,A - Good,213.1579776,Very Uneven (~213+),0
SKU0225,Frozen Product 345,Frozen,C,S001,PT Segar Makmur,WHBDG,Bandung - Rancaekek,BATCH8191,29/08/2025,15/08/2025,07/06/2026,11,76,40,18,3,0,13.13,3560,5.79,65.65,34,5,$6.06,$6.54,$460.52,5.18,5,0.9295,FIFO,Low Stock,0,02/09/2025,-7.79%,76.88%,Promotional item,Medium,15,Low,Critical,FALSE,FALSE,0,Medium Risk,63.05855263,Very Fast Moving,0.172763158,0.35,Low,0,0.35,A - Good,192.2676003,Moderate Imbalance (~192),0
SKU0226,Meat Product 470,Meat,A,S010,PT DailyDairy,WHSBY,Surabaya - Sidoarjo,BATCH4881,15/04/2025,27/03/2025,30/04/2025,147,446,78,27,1,2,39.58,8360,11.27,158.32,80,4,$6.34,$7.06,"$2,826.61",2.66,11,0.7995,FIFO,Expiring Soon,2,17/06/2025,-8.05%,75.33%,No Notes,Low,340,In Stock,Low,FALSE,FALSE,0,Low Risk,32.39170404,Fast Moving,0.088744395,0.8,Low,0,0.8,A - Good,199.2482854,High Variation (~206),0
SKU0227,Bakery Product 141,Bakery,C,S001,PT Segar Makmur,WHDPS,Denpasar - Tabanan,BATCH3869,11/04/2025,02/03/2025,18/04/2025,151,17,3,5,1,3,3.04,1100,5.59,6.08,6,2,$3.40,$3.37,$57.74,5.36,3,0.8988,FEFO,Expiring Soon,-3,30/06/2025,-1.23%,72.89%,No Notes,Medium,8,Low,Critical,FALSE,FALSE,0,Medium Risk,65.27058824,Very Fast Moving,0.178823529,0.2,Low,0,0.2,A - Good,206.5718724,High Variation (~206),0
SKU0228,Personal Product 483,Personal Care,A,S007,PT Bakerindo,WHDPS,Denpasar - Tabanan,BATCH7821,20/06/2025,25/05/2025,16/05/2030,81,139,68,32,0,0,22.98,6000,6.05,114.9,63,5,$21.15,$19.11,"$2,940.49",4.96,7,0.8485,FIFO,Low Stock,-3,02/08/2025,0.24%,70.98%,No Notes,Medium,39,Low,Critical,FALSE,FALSE,0,Medium Risk,60.34316547,Very Fast Moving,0.165323741,0.76,Low,0,0.76,A - Good,206.5718724,High Variation (~206),0
SKU0229,Beverages Product 243,Beverages,A,S004,PT Nusantara Supplier,WHBDG,Bandung - Rancaekek,BATCH3365,25/06/2025,05/05/2025,13/06/2030,76,448,180,47,0,0,74.47,1804,6.02,223.41,113,3,$6.41,$5.83,"$2,872.67",4.99,37,0.9252,FEFO,In Stock,0,02/09/2025,-4.52%,74.90%,No Notes,Medium,221,In Stock,Critical,FALSE,FALSE,0,Medium Risk,60.67310268,Very Fast Moving,0.166227679,0.22,Low,0,0.22,A - Good,192.2676003,Moderate Imbalance (~192),0
SKU0230,Personal Product 286,Personal Care,B,S009,PT Beverage Nusantara,WHBDG,Bandung - Rancaekek,BATCH5177,02/06/2025,20/05/2025,12/10/2027,99,374,35,66,1,1,24.55,8230,15.23,49.1,27,2,$2.98,$3.02,"$1,116.20",1.97,19,0.839,FEFO,In Stock,-4,19/06/2025,0.62%,95.11%,Fragile,Low,272,In Stock,Low,FALSE,FALSE,0,Low Risk,23.9592246,Fast Moving,0.065641711,0.32,Low,0,0.32,A - Good,192.2676003,Moderate Imbalance (~192),0
SKU0231,Household Product 48,Household,C,S009,PT Beverage Nusantara,WHBDG,Bandung - Rancaekek,BATCH7179,27/08/2025,15/07/2025,27/02/2028,13,0,0,0,0,0,8.19,2020,0,8.19,5,1,$9.71,$10.82,$0.00,245.7,3,0.9504,FIFO,Out of Stock,-3,31/08/2025,4.51%,80.73%,No Notes,,0,Out of Stock,Critical,TRUE,TRUE,1,High Risk,inf,Very Fast Moving,inf,0.05,Low,1,1.05,A - Good,192.2676003,Moderate Imbalance (~192),10
SKU0232,Beverages Product 371,Beverages,C,S009,PT Beverage Nusantara,WHBDG,Bandung - Rancaekek,BATCH6455,10/05/2025,21/04/2025,11/07/2027,122,204,79,43,3,4,26.06,6390,7.83,104.24,57,4,$3.30,$3.42,$672.93,3.83,11,0.8372,FIFO,In Stock,-2,13/08/2025,7.69%,66.32%,No Notes,Medium,79,In Stock,Critical,FALSE,FALSE,0,Medium Risk,46.62696078,Fast Moving,0.127745098,0.65,Low,0,0.65,A - Good,192.2676003,Moderate Imbalance (~192),0
SKU0233,Personal Product 61,Personal Care,B,S008,PT Hygienic Supplies,WHBDG,Bandung - Rancaekek,BATCH4350,15/03/2025,18/02/2025,03/08/2029,178,177,52,33,3,1,18.85,5420,9.39,56.55,33,3,$5.91,$5.60,"$1,045.43",3.19,9,0.9197,FIFO,In Stock,0,01/07/2025,8.34%,71.86%,No Notes,Medium,89,In Stock,Critical,FALSE,FALSE,0,Medium Risk,38.87146893,Fast Moving,0.106497175,0.24,Low,0,0.24,A - Good,192.2676003,Moderate Imbalance (~192),0
SKU0234,Meat Product 239,Meat,C,S009,PT Beverage Nusantara,WHSBY,Surabaya - Sidoarjo,BATCH6892,23/06/2025,22/05/2025,06/07/2025,78,25,3,1,2,0,2.76,720,9.06,11.04,10,4,$6.18,$5.85,$154.56,3.31,2,0.9853,FEFO,Expiring Soon,7,12/07/2025,4.99%,88.45%,Fragile,Medium,19,Low,Critical,FALSE,FALSE,0,Medium Risk,40.296,Fast Moving,0.1104,0.06,Low,0,0.06,A - Good,199.2482854,High Variation (~206),0
SKU0235,Beverages Product 164,Beverages,A,S004,PT Nusantara Supplier,WHSBY,Surabaya - Sidoarjo,BATCH1749,21/06/2025,16/05/2025,15/10/2028,80,619,56,149,5,1,95.8,2105,6.46,479,248,5,$5.78,$6.18,"$3,576.58",4.64,30,0.8144,FIFO,Low Stock,2,22/08/2025,3.33%,60.84%,Temperature controlled,Medium,409,In Stock,Critical,FALSE,FALSE,0,Medium Risk,56.48949919,Very Fast Moving,0.154765751,0.93,Low,0,0.93,A - Good,199.2482854,High Variation (~206),0
SKU0236,Personal Product 297,Personal Care,B,S007,PT Bakerindo,WHSBY,Surabaya - Sidoarjo,BATCH6404,01/08/2025,18/07/2025,06/09/2027,39,330,36,23,2,2,18.72,4580,17.63,37.44,25,2,$3.72,$3.81,"$1,226.84",1.7,7,0.9442,FEFO,In Stock,3,29/06/2025,-6.43%,81.11%,No Notes,Low,269,In Stock,Low,FALSE,FALSE,0,Low Risk,20.70545455,Fast Moving,0.056727273,0.11,Low,0,0.11,A - Good,199.2482854,High Variation (~206),0
SKU0237,Frozen Product 336,Frozen,A,S006,PT Frozen Express,WHSBY,Surabaya - Sidoarjo,BATCH9037,07/05/2025,08/04/2025,07/05/2026,125,423,6,86,2,1,39.87,9760,10.61,199.35,108,5,$6.18,$6.70,"$2,613.76",2.83,15,0.7299,FIFO,In Stock,1,26/07/2025,-3.87%,63.52%,No Notes,Low,329,In Stock,Low,FALSE,FALSE,0,Low Risk,34.40319149,Fast Moving,0.094255319,1.35,Low,0,1.35,A - Good,199.2482854,High Variation (~206),0
SKU0238,Beverages Product 251,Beverages,A,S003,PT Prima Distribusi,WHDPS,Denpasar - Tabanan,BATCH9584,29/03/2025,27/03/2025,27/07/2026,164,588,160,166,0,0,81.53,258,7.21,407.65,213,5,$6.38,$7.29,"$3,749.56",4.16,31,0.8777,FIFO,Low Stock,-2,16/06/2025,4.55%,67.30%,Seasonal SKU,Medium,262,In Stock,Critical,FALSE,FALSE,0,Medium Risk,50.60960884,Very Fast Moving,0.138656463,0.61,Low,0,0.61,A - Good,206.5718724,High Variation (~206),0
SKU0239,Bakery Product 432,Bakery,B,S004,PT Nusantara Supplier,WHJKT,Jakarta - Cengkareng,BATCH4583,02/08/2025,01/07/2025,04/08/2025,38,421,3,78,0,1,38.42,1006,10.96,76.84,44,2,$2.21,$2.41,$932.22,2.74,12,0.7121,FEFO,Expiring Soon,-1,24/07/2025,6.10%,87.54%,Temperature controlled,Low,340,In Stock,Low,FALSE,FALSE,0,Low Risk,33.30950119,Fast Moving,0.091258907,0.58,Low,0,0.58,A - Good,213.1579776,Very Uneven (~213+),0
SKU0240,Personal Product 338,Personal Care,C,S008,PT Hygienic Supplies,WHJKT,Jakarta - Cengkareng,BATCH7739,08/09/2025,08/09/2025,01/09/2029,1,147,24,5,1,0,15.96,3660,9.21,31.92,25,2,$1.53,$1.46,$224.41,3.26,5,0.8702,FIFO,In Stock,3,04/07/2025,-0.33%,91.82%,No Notes,Medium,117,In Stock,Critical,FALSE,FALSE,0,Medium Risk,39.62857143,Fast Moving,0.108571429,0.26,Low,0,0.26,A - Good,213.1579776,Very Uneven (~213+),0
SKU0241,Pantry Product 147,Pantry,C,S001,PT Segar Makmur,WHDPS,Denpasar - Tabanan,BATCH8054,15/03/2025,23/01/2025,24/12/2029,178,30,3,2,2,2,2.06,660,14.56,2.06,4,1,$2.05,$2.29,$61.57,2.06,1,0.8193,FIFO,In Stock,-4,27/08/2025,-3.08%,93.62%,No Notes,Low,23,Low,Low,FALSE,FALSE,0,Low Risk,25.06333333,Fast Moving,0.068666667,0.18,Low,0,0.18,A - Good,206.5718724,High Variation (~206),0
SKU0242,Pantry Product 124,Pantry,A,S004,PT Nusantara Supplier,WHDPS,Denpasar - Tabanan,BATCH6807,28/04/2025,11/04/2025,26/09/2027,134,335,124,43,1,1,26.19,7000,12.79,183.33,94,7,$14.90,$15.11,"$4,991.84",2.35,11,0.7047,FEFO,In Stock,-5,30/08/2025,-0.36%,95.14%,No Notes,Low,167,In Stock,Low,FALSE,FALSE,0,Low Risk,28.53537313,Fast Moving,0.078179104,2.07,Medium,0,2.07,B - Normal,206.5718724,High Variation (~206),0
SKU0243,Bakery Product 290,Bakery,C,S004,PT Nusantara Supplier,WHBDG,Bandung - Rancaekek,BATCH2320,25/06/2025,15/05/2025,02/07/2025,76,199,61,55,2,0,28.26,9230,7.04,113.04,64,4,$3.87,$4.05,$770.71,4.26,11,0.7666,FIFO,Expiring Soon,0,29/08/2025,5.33%,94.17%,No Notes,Medium,81,In Stock,Critical,FALSE,FALSE,0,Medium Risk,51.83366834,Very Fast Moving,0.14201005,0.93,Low,0,0.93,A - Good,192.2676003,Moderate Imbalance (~192),0
SKU0244,Bakery Product 244,Bakery,C,S001,PT Segar Makmur,WHJKT,Jakarta - Cengkareng,BATCH2354,14/03/2025,11/02/2025,17/03/2025,179,48,0,6,2,0,5.7,1240,8.42,11.4,10,2,$2.66,$2.95,$127.59,3.56,4,0.9882,FEFO,Expiring Soon,0,19/06/2025,6.17%,79.20%,No Notes,Medium,40,Low,Critical,FALSE,FALSE,0,Medium Risk,43.34375,Fast Moving,0.11875,0.02,Low,0,0.02,A - Good,213.1579776,Very Uneven (~213+),0
SKU0245,Pantry Product 440,Pantry,C,S002,PT Indo Fresh,WHDPS,Denpasar - Tabanan,BATCH4463,30/08/2025,04/07/2025,13/12/2027,10,215,27,18,1,1,13.91,3080,15.46,55.64,35,4,$3.05,$3.28,$655.30,1.94,9,0.9565,FEFO,In Stock,-2,06/08/2025,5.31%,74.71%,Seasonal SKU,Low,169,In Stock,Low,FALSE,FALSE,0,Low Risk,23.61465116,Fast Moving,0.064697674,0.17,Low,0,0.17,A - Good,206.5718724,High Variation (~206),0
SKU0246,Beverages Product 144,Beverages,B,S009,PT Beverage Nusantara,WHDPS,Denpasar - Tabanan,BATCH3938,25/03/2025,25/01/2025,31/05/2026,168,692,85,86,0,0,94.87,2802,7.29,379.48,192,4,$1.61,$1.75,"$1,113.50",4.11,30,0.7169,FEFO,In Stock,4,07/09/2025,-5.43%,66.38%,No Notes,Medium,521,In Stock,Critical,FALSE,FALSE,0,Medium Risk,50.03981214,Very Fast Moving,0.137095376,1.13,Low,0,1.13,A - Good,206.5718724,High Variation (~206),0
SKU0247,Pantry Product 386,Pantry,A,S007,PT Bakerindo,WHJKT,Jakarta - Cengkareng,BATCH4939,25/06/2025,20/05/2025,23/05/2027,76,299,24,16,0,2,26.65,9200,11.22,133.25,76,5,$8.87,$9.29,"$2,653.51",2.67,16,0.709,FEFO,In Stock,5,15/06/2025,-4.87%,71.81%,No Notes,Low,259,In Stock,Low,FALSE,FALSE,0,Low Risk,32.5326087,Fast Moving,0.089130435,1.45,Low,0,1.45,A - Good,213.1579776,Very Uneven (~213+),0
SKU0248,Seafood Product 387,Seafood,A,S003,PT Prima Distribusi,WHJKT,Jakarta - Cengkareng,BATCH1879,04/05/2025,28/04/2025,12/05/2025,128,205,40,17,0,0,26.35,6950,7.78,79.05,45,3,$11.45,$12.76,"$2,347.13",3.86,10,0.8358,FEFO,Expiring Soon,-4,11/08/2025,-3.90%,89.64%,No Notes,Medium,148,In Stock,Critical,FALSE,FALSE,0,Medium Risk,46.91585366,Fast Moving,0.128536585,0.49,Low,0,0.49,A - Good,213.1579776,Very Uneven (~213+),0
SKU0249,Seafood Product 394,Seafood,A,S010,PT DailyDairy,WHDPS,Denpasar - Tabanan,BATCH1485,31/05/2025,21/04/2025,08/06/2025,101,180,88,41,1,0,29.53,9440,6.1,118.12,65,4,$11.23,$11.39,"$2,020.63",4.92,12,0.9627,FEFO,Low Stock,-3,14/07/2025,-4.19%,81.60%,No Notes,Medium,50,In Stock,Critical,FALSE,FALSE,0,Medium Risk,59.88027778,Very Fast Moving,0.164055556,0.15,Low,0,0.15,A - Good,206.5718724,High Variation (~206),0
SKU0250,Seafood Product 482,Seafood,B,S007,PT Bakerindo,WHMDN,Medan - Deli Serdang,BATCH2404,24/07/2025,05/06/2025,02/08/2025,47,166,27,30,1,2,14.7,3260,11.29,58.8,34,4,$5.42,$5.40,$898.96,2.66,6,0.8024,FEFO,Expiring Soon,2,09/08/2025,-1.05%,62.82%,No Notes,Low,108,In Stock,Low,FALSE,FALSE,0,Low Risk,32.32228916,Fast Moving,0.088554217,0.79,Low,0,0.79,A - Good,202.6218382,High Variation (~206),0
SKU0251,Fresh Product 79,Fresh Produce,B,S007,PT Bakerindo,WHBDG,Bandung - Rancaekek,BATCH6909,02/06/2025,27/05/2025,10/06/2025,99,555,126,179,4,0,51.89,1774,10.7,518.9,268,10,$2.05,$1.85,"$1,136.20",2.8,15,0.8573,FIFO,Low Stock,3,09/09/2025,-4.85%,97.83%,No Notes,Low,246,In Stock,Low,FALSE,FALSE,0,Low Risk,34.12585586,Fast Moving,0.093495495,1.43,Low,0,1.43,A - Good,192.2676003,Moderate Imbalance (~192),0
SKU0252,Frozen Product 390,Frozen,C,S005,PT Agro Raya,WHJKT,Jakarta - Cengkareng,BATCH4070,07/08/2025,11/07/2025,25/02/2026,33,202,19,17,0,2,10.12,3580,19.96,50.6,27,5,$3.84,$3.54,$775.58,1.5,4,0.7423,FEFO,In Stock,-4,30/06/2025,3.36%,72.84%,No Notes,Low,166,In Stock,Low,FALSE,FALSE,0,Low Risk,18.28613861,Medium Moving,0.05009901,1.29,Low,0,1.29,A - Good,213.1579776,Very Uneven (~213+),0
SKU0253,Bakery Product 14,Bakery,C,S002,PT Indo Fresh,WHSBY,Surabaya - Sidoarjo,BATCH6315,21/04/2025,25/02/2025,23/04/2025,141,226,31,26,3,1,15.2,4210,14.87,76,39,5,$1.15,$1.20,$259.65,2.02,8,0.9642,FEFO,Expiring Soon,-1,08/09/2025,7.36%,63.51%,No Notes,Low,166,In Stock,Low,FALSE,FALSE,0,Low Risk,24.54867257,Fast Moving,0.067256637,0.18,Low,0,0.18,A - Good,199.2482854,High Variation (~206),0
SKU0254,Bakery Product 44,Bakery,B,S009,PT Beverage Nusantara,WHBDG,Bandung - Rancaekek,BATCH3778,16/04/2025,04/03/2025,22/04/2025,146,365,0,12,1,0,32.71,7150,11.16,163.55,88,5,$3.88,$3.60,"$1,417.37",2.69,14,0.9253,FEFO,Expiring Soon,2,19/08/2025,6.44%,96.04%,Promotional item,Low,352,In Stock,Low,FALSE,FALSE,0,Low Risk,32.71,Fast Moving,0.089616438,0.37,Low,0,0.37,A - Good,192.2676003,Moderate Imbalance (~192),0
SKU0255,Meat Product 75,Meat,A,S002,PT Indo Fresh,WHBDG,Bandung - Rancaekek,BATCH7899,21/05/2025,02/05/2025,03/06/2025,111,595,74,33,0,0,31.62,1003,18.82,31.62,19,1,$6.90,$7.26,"$4,104.25",1.59,11,0.7395,FEFO,Expiring Soon,4,31/08/2025,-8.23%,88.10%,No Notes,Low,488,In Stock,Low,FALSE,FALSE,0,Low Risk,19.39714286,Medium Moving,0.053142857,0.26,Low,0,0.26,A - Good,192.2676003,Moderate Imbalance (~192),0
SKU0256,Personal Product 370,Personal Care,C,S008,PT Hygienic Supplies,WHDPS,Denpasar - Tabanan,BATCH8501,05/04/2025,30/03/2025,10/05/2027,157,21,2,6,2,1,2.74,580,7.66,2.74,8,1,$23.85,$25.73,$500.78,3.91,1,0.9555,FIFO,In Stock,6,02/08/2025,-4.58%,79.35%,Fragile,Medium,11,Low,Critical,FALSE,FALSE,0,Medium Risk,47.62380952,Fast Moving,0.13047619,0.04,Low,0,0.04,A - Good,206.5718724,High Variation (~206),0
SKU0257,Seafood Product 318,Seafood,C,S007,PT Bakerindo,WHSBY,Surabaya - Sidoarjo,BATCH8055,20/05/2025,29/03/2025,28/05/2025,112,35,19,8,0,2,13.13,4380,2.67,26.26,22,2,$13.33,$14.59,$466.57,11.25,3,0.8207,FIFO,Low Stock,4,02/08/2025,7.17%,71.89%,No Notes,High,8,Low,Critical,FALSE,FALSE,0,High Risk,136.9271429,Very Fast Moving,0.375142857,0.36,Low,0,0.36,A - Good,199.2482854,High Variation (~206),0
SKU0258,Personal Product 103,Personal Care,B,S008,PT Hygienic Supplies,WHSBY,Surabaya - Sidoarjo,BATCH6228,26/07/2025,08/07/2025,18/10/2028,45,122,53,15,2,4,17.64,5160,6.92,52.92,34,3,$8.44,$9.51,"$1,029.16",4.34,3,0.7769,FEFO,In Stock,2,28/06/2025,7.04%,75.08%,No Notes,Medium,52,In Stock,Critical,FALSE,FALSE,0,Medium Risk,52.77540984,Very Fast Moving,0.144590164,0.67,Low,0,0.67,A - Good,199.2482854,High Variation (~206),0
SKU0259,Seafood Product 144,Seafood,A,S007,PT Bakerindo,WHSBY,Surabaya - Sidoarjo,BATCH9939,11/08/2025,31/07/2025,17/08/2025,29,235,15,23,1,0,21.94,4820,10.71,21.94,18,1,$8.74,$8.51,"$2,053.34",2.8,8,0.8854,FIFO,Expiring Soon,5,12/07/2025,8.59%,76.95%,No Notes,Low,196,In Stock,Low,FALSE,FALSE,0,Low Risk,34.07702128,Fast Moving,0.093361702,0.11,Low,0,0.11,A - Good,199.2482854,High Variation (~206),0
SKU0260,Dairy Product 409,Dairy,C,S005,PT Agro Raya,WHJKT,Jakarta - Cengkareng,BATCH9180,28/05/2025,20/05/2025,25/06/2025,104,85,10,12,2,0,5.21,1610,16.31,10.42,7,2,$2.20,$2.34,$187.31,1.84,3,0.7308,FEFO,Expiring Soon,-1,10/08/2025,-8.37%,65.07%,No Notes,Low,61,In Stock,Low,FALSE,FALSE,0,Low Risk,22.37235294,Fast Moving,0.061294118,0.54,Low,0,0.54,A - Good,213.1579776,Very Uneven (~213+),0
SKU0261,Dairy Product 217,Dairy,C,S007,PT Bakerindo,WHJKT,Jakarta - Cengkareng,BATCH8851,18/05/2025,11/04/2025,13/06/2025,114,27,27,0,0,0,53,1361,0.51,371,190,7,$1.27,$1.34,$34.17,58.89,27,0.9463,FEFO,Low Stock,-2,03/07/2025,-8.49%,74.63%,No Notes,,0,Out of Stock,Critical,TRUE,TRUE,6.49,High Risk,716.4814815,Very Fast Moving,1.962962963,0.38,Low,6.49,6.87,A - Good,213.1579776,Very Uneven (~213+),20.98
SKU0262,Personal Product 355,Personal Care,C,S007,PT Bakerindo,WHDPS,Denpasar - Tabanan,BATCH9796,31/08/2025,24/07/2025,05/09/2028,9,23,10,0,2,1,3.7,790,6.22,51.8,29,14,$17.85,$19.58,$410.45,4.83,4,0.7753,FIFO,Low Stock,3,27/08/2025,2.06%,63.49%,No Notes,Medium,11,Low,Critical,TRUE,TRUE,7.78,Medium Risk,58.7173913,Very Fast Moving,0.160869565,3.15,Medium,7.78,10.93,B - Normal,206.5718724,High Variation (~206),23.56
SKU0263,Pantry Product 182,Pantry,B,S003,PT Prima Distribusi,WHDPS,Denpasar - Tabanan,BATCH7547,29/08/2025,12/07/2025,25/10/2029,11,103,55,48,2,2,22.8,6940,4.52,159.6,82,7,$11.59,$11.79,"$1,193.54",6.64,10,0.8934,FEFO,Low Stock,1,16/07/2025,8.57%,62.51%,Seasonal SKU,Medium,-2,Out of Stock,Critical,TRUE,TRUE,2.48,High Risk,80.7961165,Very Fast Moving,0.221359223,0.75,Low,2.48,3.23,A - Good,206.5718724,High Variation (~206),12.96
SKU0264,Meat Product 262,Meat,C,S009,PT Beverage Nusantara,WHDPS,Denpasar - Tabanan,BATCH8303,14/04/2025,22/03/2025,26/04/2025,148,71,5,42,1,1,24.71,6050,2.87,172.97,92,7,$1.92,$2.13,$136.17,10.44,9,0.9232,FEFO,Low Stock,-1,12/07/2025,7.54%,63.87%,No Notes,High,23,Low,Critical,TRUE,TRUE,4.13,High Risk,127.0302817,Very Fast Moving,0.348028169,0.54,Low,4.13,4.67,A - Good,206.5718724,High Variation (~206),16.26
SKU0265,Pantry Product 257,Pantry,C,S003,PT Prima Distribusi,WHSBY,Surabaya - Sidoarjo,BATCH2712,03/09/2025,16/08/2025,18/05/2029,6,51,9,10,0,1,6.41,1750,7.96,44.87,28,7,$8.86,$8.08,$451.95,3.77,2,0.9169,FEFO,Low Stock,-1,30/08/2025,1.46%,82.66%,High return rate,Medium,32,Low,Critical,FALSE,FALSE,0,Medium Risk,45.8754902,Fast Moving,0.125686275,0.58,Low,0,0.58,A - Good,199.2482854,High Variation (~206),0
SKU0266,Seafood Product 176,Seafood,A,S008,PT Hygienic Supplies,WHBDG,Bandung - Rancaekek,BATCH6706,29/04/2025,30/03/2025,09/05/2025,133,238,56,16,0,1,17.84,4340,13.34,17.84,11,1,$10.13,$10.83,"$2,411.75",2.25,10,0.8889,FIFO,Expiring Soon,-3,15/07/2025,7.17%,64.01%,No Notes,Low,166,In Stock,Low,FALSE,FALSE,0,Low Risk,27.35966387,Fast Moving,0.074957983,0.11,Low,0,0.11,A - Good,192.2676003,Moderate Imbalance (~192),0
SKU0267,Frozen Product 35,Frozen,B,S005,PT Agro Raya,WHJKT,Jakarta - Cengkareng,BATCH6620,11/08/2025,01/07/2025,12/02/2026,29,494,73,96,0,0,47.98,1803,10.3,95.96,54,2,$3.20,$3.38,"$1,580.36",2.91,13,0.9223,FIFO,In Stock,-2,15/06/2025,-9.04%,97.09%,No Notes,Low,325,In Stock,Low,FALSE,FALSE,0,Low Risk,35.45080972,Fast Moving,0.097125506,0.16,Low,0,0.16,A - Good,213.1579776,Very Uneven (~213+),0
SKU0268,Personal Product 380,Personal Care,C,S004,PT Nusantara Supplier,WHDPS,Denpasar - Tabanan,BATCH3623,27/07/2025,06/07/2025,30/08/2029,44,55,55,0,1,1,22.48,6160,2.45,224.8,117,10,$6.56,$6.57,$360.72,12.26,9,0.8336,FEFO,Low Stock,3,12/07/2025,9.68%,81.45%,No Notes,High,-1,Out of Stock,Critical,TRUE,TRUE,7.55,High Risk,149.1854545,Very Fast Moving,0.408727273,1.66,Low,7.55,9.21,A - Good,206.5718724,High Variation (~206),23.1
SKU0269,Bakery Product 95,Bakery,B,S003,PT Prima Distribusi,WHMDN,Medan - Deli Serdang,BATCH4232,31/05/2025,03/05/2025,02/06/2025,101,304,68,44,0,0,48.35,1409,6.29,48.35,33,1,$3.81,$3.92,"$1,158.24",4.77,22,0.7256,FEFO,Expiring Soon,0,22/07/2025,0.27%,87.88%,High return rate,Medium,192,In Stock,Critical,FALSE,FALSE,0,Medium Risk,58.05180921,Very Fast Moving,0.159046053,0.27,Low,0,0.27,A - Good,202.6218382,High Variation (~206),0
SKU0270,Dairy Product 386,Dairy,C,S002,PT Indo Fresh,WHDPS,Denpasar - Tabanan,BATCH4063,14/08/2025,22/07/2025,07/09/2025,26,108,13,9,1,3,12.4,2920,8.71,12.4,13,1,$1.56,$1.44,$168.25,3.44,3,0.8378,FEFO,Expiring Soon,-2,15/08/2025,-6.56%,76.14%,No Notes,Medium,85,In Stock,Critical,FALSE,FALSE,0,Medium Risk,41.90740741,Fast Moving,0.114814815,0.16,Low,0,0.16,A - Good,206.5718724,High Variation (~206),0
SKU0271,Meat Product 442,Meat,C,S008,PT Hygienic Supplies,WHDPS,Denpasar - Tabanan,BATCH7367,30/03/2025,19/02/2025,14/04/2025,163,67,13,18,1,0,10.6,3080,6.32,31.8,23,3,$8.70,$8.30,$582.85,4.75,6,0.7011,FEFO,Expiring Soon,0,26/06/2025,-8.43%,95.74%,Promotional item,Medium,35,Low,Critical,FALSE,FALSE,0,Medium Risk,57.74626866,Very Fast Moving,0.158208955,0.9,Low,0,0.9,A - Good,206.5718724,High Variation (~206),0
SKU0272,Household Product 317,Household,C,S003,PT Prima Distribusi,WHSBY,Surabaya - Sidoarjo,BATCH2388,05/04/2025,21/02/2025,26/07/2029,157,107,10,2,1,3,7.64,2420,14.01,22.92,12,3,$3.67,$4.06,$392.68,2.14,1,0.9683,FIFO,In Stock,3,31/07/2025,-5.30%,64.08%,Promotional item,Low,94,In Stock,Low,FALSE,FALSE,0,Low Risk,26.06168224,Fast Moving,0.071401869,0.1,Low,0,0.1,A - Good,199.2482854,High Variation (~206),0
SKU0273,Fresh Product 192,Fresh Produce,C,S003,PT Prima Distribusi,WHDPS,Denpasar - Tabanan,BATCH3258,02/06/2025,27/04/2025,11/06/2025,99,891,51,196,2,0,66.48,2332,13.4,66.48,42,1,$0.89,$0.82,$795.84,2.24,20,0.8178,FEFO,Expiring Soon,0,17/07/2025,4.69%,67.74%,No Notes,Low,642,In Stock,Low,FALSE,FALSE,0,Low Risk,27.23367003,Fast Moving,0.074612795,0.18,Low,0,0.18,A - Good,206.5718724,High Variation (~206),0
SKU0274,Pantry Product 356,Pantry,B,S003,PT Prima Distribusi,WHDPS,Denpasar - Tabanan,BATCH5732,29/07/2025,21/07/2025,26/04/2029,42,193,36,43,0,0,15.92,6160,12.12,111.44,58,7,$6.46,$6.31,"$1,246.45",2.47,6,0.8873,FIFO,In Stock,2,31/07/2025,-0.34%,73.71%,No Notes,Low,114,In Stock,Low,FALSE,FALSE,0,Low Risk,30.10777202,Fast Moving,0.082487047,0.79,Low,0,0.79,A - Good,206.5718724,High Variation (~206),0
SKU0275,Pantry Product 444,Pantry,B,S006,PT Frozen Express,WHJKT,Jakarta - Cengkareng,BATCH4196,08/05/2025,17/03/2025,11/02/2027,124,148,19,23,0,1,11,2730,13.45,22,13,2,$12.93,$12.98,"$1,913.09",2.23,4,0.9512,FEFO,In Stock,2,30/06/2025,-7.11%,87.97%,No Notes,Low,106,In Stock,Low,FALSE,FALSE,0,Low Risk,27.12837838,Fast Moving,0.074324324,0.1,Low,0,0.1,A - Good,213.1579776,Very Uneven (~213+),0
SKU0276,Frozen Product 351,Frozen,B,S008,PT Hygienic Supplies,WHMDN,Medan - Deli Serdang,BATCH3740,19/05/2025,14/05/2025,20/03/2026,113,166,52,7,0,1,21.53,8330,7.71,64.59,39,3,$7.05,$7.66,"$1,169.72",3.89,6,0.918,FIFO,In Stock,6,12/08/2025,-7.09%,74.55%,No Notes,Medium,107,In Stock,Critical,FALSE,FALSE,0,Medium Risk,47.34006024,Fast Moving,0.129698795,0.25,Low,0,0.25,A - Good,202.6218382,High Variation (~206),0
SKU0277,Meat Product 276,Meat,C,S005,PT Agro Raya,WHBDG,Bandung - Rancaekek,BATCH9369,15/05/2025,08/05/2025,04/06/2025,117,236,39,35,0,2,22.57,7660,10.46,67.71,35,3,$1.81,$1.88,$426.29,2.87,11,0.8109,FIFO,Expiring Soon,5,06/08/2025,8.34%,82.28%,No Notes,Low,162,In Stock,Low,FALSE,FALSE,0,Low Risk,34.90699153,Fast Moving,0.095635593,0.57,Low,0,0.57,A - Good,192.2676003,Moderate Imbalance (~192),0
SKU0278,Household Product 188,Household,C,S009,PT Beverage Nusantara,WHJKT,Jakarta - Cengkareng,BATCH4580,20/05/2025,23/04/2025,11/06/2029,112,204,22,11,1,0,12.84,4970,15.89,38.52,21,3,$2.43,$2.62,$496.39,1.89,5,0.8912,FIFO,In Stock,-1,18/06/2025,-1.62%,85.32%,No Notes,Low,170,In Stock,Low,FALSE,FALSE,0,Low Risk,22.97352941,Fast Moving,0.062941176,0.33,Low,0,0.33,A - Good,213.1579776,Very Uneven (~213+),0
SKU0279,Meat Product 17,Meat,B,S008,PT Hygienic Supplies,WHSBY,Surabaya - Sidoarjo,BATCH8193,12/06/2025,18/04/2025,19/06/2025,89,373,90,69,0,1,29.27,1139,12.74,29.27,17,1,$4.08,$3.69,"$1,520.83",2.35,9,0.7793,FIFO,Expiring Soon,0,10/08/2025,-1.86%,90.42%,No Notes,Low,214,In Stock,Low,FALSE,FALSE,0,Low Risk,28.6422252,Fast Moving,0.07847185,0.22,Low,0,0.22,A - Good,199.2482854,High Variation (~206),0
SKU0280,Beverages Product 353,Beverages,A,S006,PT Frozen Express,WHDPS,Denpasar - Tabanan,BATCH3719,01/04/2025,21/02/2025,24/08/2028,161,961,167,238,3,0,86.1,3065,11.16,86.1,48,1,$7.98,$8.43,"$7,672.82",2.69,41,0.9277,FIFO,In Stock,2,14/08/2025,-3.82%,75.21%,No Notes,Low,553,In Stock,Low,FALSE,FALSE,0,Low Risk,32.70187305,Fast Moving,0.089594173,0.07,Low,0,0.07,A - Good,206.5718724,High Variation (~206),0
SKU0281,Household Product 292,Household,B,S006,PT Frozen Express,WHDPS,Denpasar - Tabanan,BATCH9827,30/06/2025,20/06/2025,03/11/2029,71,136,46,34,5,2,18.05,5890,7.53,36.1,23,2,$9.94,$9.07,"$1,351.24",3.98,4,0.8672,FEFO,In Stock,1,11/06/2025,-7%,60.64%,No Notes,Medium,51,In Stock,Critical,FALSE,FALSE,0,Medium Risk,48.44301471,Fast Moving,0.132720588,0.27,Low,0,0.27,A - Good,206.5718724,High Variation (~206),0
SKU0282,Pantry Product 488,Pantry,C,S009,PT Beverage Nusantara,WHJKT,Jakarta - Cengkareng,BATCH1971,06/08/2025,20/07/2025,25/11/2028,34,37,37,0,2,0,20.31,6230,1.82,101.55,53,5,$14.00,$15.28,$518.16,16.47,7,0.7092,FIFO,Low Stock,0,12/06/2025,-5.80%,92.68%,No Notes,High,-2,Out of Stock,Critical,TRUE,TRUE,3.18,High Risk,200.3554054,Very Fast Moving,0.548918919,1.45,Low,3.18,4.63,A - Good,213.1579776,Very Uneven (~213+),14.36
SKU0283,Meat Product 365,Meat,B,S006,PT Frozen Express,WHBDG,Bandung - Rancaekek,BATCH9019,20/03/2025,11/03/2025,06/04/2025,173,320,61,91,0,0,25.65,9430,12.48,179.55,94,7,$2.75,$2.77,$881.34,2.4,11,0.9556,FEFO,Expiring Soon,0,21/06/2025,7.07%,64.90%,No Notes,Low,168,In Stock,Low,FALSE,FALSE,0,Low Risk,29.25703125,Fast Moving,0.08015625,0.31,Low,0,0.31,A - Good,192.2676003,Moderate Imbalance (~192),0
SKU0284,Frozen Product 325,Frozen,C,S002,PT Indo Fresh,WHMDN,Medan - Deli Serdang,BATCH7046,01/05/2025,02/04/2025,07/01/2026,131,42,14,20,3,0,8.1,2220,5.19,8.1,5,1,$5.16,$4.74,$216.51,5.79,5,0.7164,FEFO,In Stock,2,30/07/2025,-6.17%,80.11%,No Notes,Medium,5,Low,Critical,FALSE,FALSE,0,Medium Risk,70.39285714,Very Fast Moving,0.192857143,0.28,Low,0,0.28,A - Good,202.6218382,High Variation (~206),0
SKU0285,Household Product 434,Household,B,S002,PT Indo Fresh,WHMDN,Medan - Deli Serdang,BATCH6869,31/03/2025,05/02/2025,20/12/2029,162,128,27,25,0,1,12.17,3230,10.52,48.68,32,4,$11.31,$12.86,"$1,447.26",2.85,5,0.9848,FIFO,In Stock,7,03/07/2025,-3.90%,61.34%,No Notes,Low,76,In Stock,Low,FALSE,FALSE,0,Low Risk,34.70351563,Fast Moving,0.095078125,0.06,Low,0,0.06,A - Good,202.6218382,High Variation (~206),0
SKU0286,Personal Product 423,Personal Care,C,S004,PT Nusantara Supplier,WHMDN,Medan - Deli Serdang,BATCH5646,03/07/2025,12/06/2025,24/04/2028,68,64,2,5,2,2,7.2,1780,8.89,36,24,5,$9.62,$9.67,$615.71,3.38,1,0.9515,FIFO,In Stock,1,29/06/2025,5.52%,88.20%,No Notes,Medium,55,In Stock,Critical,FALSE,FALSE,0,Medium Risk,41.0625,Fast Moving,0.1125,0.24,Low,0,0.24,A - Good,202.6218382,High Variation (~206),0
SKU0287,Household Product 458,Household,B,S001,PT Segar Makmur,WHJKT,Jakarta - Cengkareng,BATCH8529,15/08/2025,14/08/2025,17/02/2030,25,269,19,37,3,1,17.61,4720,15.28,17.61,10,1,$4.36,$4.49,"$1,174.13",1.96,5,0.9149,FIFO,In Stock,0,20/08/2025,-5.31%,61.32%,No Notes,Low,210,In Stock,Low,FALSE,FALSE,0,Low Risk,23.89460967,Fast Moving,0.065464684,0.09,Low,0,0.09,A - Good,213.1579776,Very Uneven (~213+),0
SKU0288,Fresh Product 491,Fresh Produce,C,S007,PT Bakerindo,WHBDG,Bandung - Rancaekek,BATCH5945,17/03/2025,07/03/2025,22/03/2025,176,180,22,32,1,1,20.16,7430,8.93,80.64,47,4,$1.46,$1.36,$263.11,3.36,11,0.9232,FEFO,Expiring Soon,0,29/08/2025,1.76%,67.41%,No Notes,Medium,125,In Stock,Critical,FALSE,FALSE,0,Medium Risk,40.88,Fast Moving,0.112,0.31,Low,0,0.31,A - Good,192.2676003,Moderate Imbalance (~192),0
SKU0289,Meat Product 191,Meat,C,S003,PT Prima Distribusi,WHJKT,Jakarta - Cengkareng,BATCH4836,31/05/2025,04/05/2025,14/06/2025,101,36,3,6,2,0,3.04,650,11.84,9.12,12,3,$2.50,$2.38,$90.00,2.53,2,0.8328,FIFO,Expiring Soon,-2,11/06/2025,4.91%,87.74%,High return rate,Low,25,Low,Low,FALSE,FALSE,0,Low Risk,30.82222222,Fast Moving,0.084444444,0.5,Low,0,0.5,A - Good,213.1579776,Very Uneven (~213+),0
SKU0290,Frozen Product 68,Frozen,C,S010,PT DailyDairy,WHBDG,Bandung - Rancaekek,BATCH8291,30/04/2025,30/04/2025,19/04/2026,132,135,87,7,0,1,29.19,7870,4.62,87.57,46,3,$2.43,$2.73,$328.46,6.49,6,0.8062,FIFO,In Stock,0,12/06/2025,-9.80%,87.48%,No Notes,Medium,41,Low,Critical,FALSE,FALSE,0,High Risk,78.92111111,Very Fast Moving,0.216222222,0.58,Low,0,0.58,A - Good,192.2676003,Moderate Imbalance (~192),0
SKU0291,Dairy Product 441,Dairy,C,S007,PT Bakerindo,WHBDG,Bandung - Rancaekek,BATCH4751,10/05/2025,16/04/2025,19/05/2025,122,180,52,41,1,0,17.64,5900,10.2,176.4,90,10,$1.09,$1.06,$195.73,2.94,6,0.9303,FIFO,Low Stock,-2,27/08/2025,5.78%,69.25%,Promotional item,Low,86,In Stock,Low,FALSE,FALSE,0,Low Risk,35.77,Fast Moving,0.098,0.7,Low,0,0.7,A - Good,192.2676003,Moderate Imbalance (~192),0
SKU0292,Personal Product 71,Personal Care,B,S007,PT Bakerindo,WHBDG,Bandung - Rancaekek,BATCH3340,29/03/2025,25/03/2025,13/01/2030,164,87,34,16,2,0,10.75,3500,8.09,32.25,21,3,$9.23,$9.59,$803.16,3.71,6,0.9233,FIFO,In Stock,-6,23/06/2025,-6.51%,84.73%,No Notes,Medium,35,Low,Critical,FALSE,FALSE,0,Medium Risk,45.10057471,Fast Moving,0.123563218,0.23,Low,0,0.23,A - Good,192.2676003,Moderate Imbalance (~192),0
SKU0293,Frozen Product 370,Frozen,C,S004,PT Nusantara Supplier,WHBDG,Bandung - Rancaekek,BATCH8248,27/05/2025,02/04/2025,29/04/2026,105,126,28,14,0,2,10.01,3040,12.59,20.02,18,2,$5.25,$4.87,$661.12,2.38,3,0.9547,FIFO,In Stock,-2,29/08/2025,-2.23%,67.24%,No Notes,Low,84,In Stock,Low,FALSE,FALSE,0,Low Risk,28.99722222,Fast Moving,0.079444444,0.09,Low,0,0.09,A - Good,192.2676003,Moderate Imbalance (~192),0
SKU0294,Dairy Product 64,Dairy,B,S010,PT DailyDairy,WHMDN,Medan - Deli Serdang,BATCH6152,12/06/2025,23/04/2025,02/07/2025,89,579,132,50,2,0,54.27,1668,10.67,379.89,197,7,$1.89,$2.07,"$1,094.89",2.81,19,0.8133,FIFO,Expiring Soon,5,09/08/2025,2.44%,90.55%,No Notes,Low,395,In Stock,Low,FALSE,FALSE,0,Low Risk,34.21165803,Fast Moving,0.09373057,1.31,Low,0,1.31,A - Good,202.6218382,High Variation (~206),0
SKU0295,Fresh Product 284,Fresh Produce,C,S010,PT DailyDairy,WHDPS,Denpasar - Tabanan,BATCH1439,07/04/2025,12/02/2025,14/04/2025,155,161,16,19,0,0,15.62,5320,10.31,78.1,41,5,$1.28,$1.45,$205.73,2.91,8,0.8552,FEFO,Expiring Soon,-1,14/08/2025,-3.61%,71.84%,No Notes,Low,126,In Stock,Low,FALSE,FALSE,0,Low Risk,35.41180124,Fast Moving,0.097018634,0.72,Low,0,0.72,A - Good,206.5718724,High Variation (~206),0
SKU0296,Frozen Product 383,Frozen,A,S007,PT Bakerindo,WHSBY,Surabaya - Sidoarjo,BATCH4921,28/03/2025,25/02/2025,07/10/2025,165,351,44,11,2,2,19.36,5320,18.13,193.6,102,10,$6.66,$6.52,"$2,338.22",1.65,10,0.8243,FEFO,In Stock,-2,26/08/2025,-8.31%,62.92%,No Notes,Low,294,In Stock,Low,FALSE,FALSE,0,Low Risk,20.13219373,Fast Moving,0.055156695,1.76,Low,0,1.76,A - Good,199.2482854,High Variation (~206),0
SKU0297,Pantry Product 37,Pantry,C,S009,PT Beverage Nusantara,WHJKT,Jakarta - Cengkareng,BATCH3162,09/06/2025,16/05/2025,18/03/2028,92,73,7,8,0,0,4.65,1210,15.7,4.65,6,1,$1.69,$1.79,$123.19,1.91,3,0.8529,FEFO,In Stock,2,25/07/2025,6.49%,97.24%,No Notes,Low,58,In Stock,Low,FALSE,FALSE,0,Low Risk,23.25,Fast Moving,0.06369863,0.15,Low,0,0.15,A - Good,213.1579776,Very Uneven (~213+),0
SKU0298,Dairy Product 242,Dairy,C,S002,PT Indo Fresh,WHJKT,Jakarta - Cengkareng,BATCH1225,12/04/2025,27/03/2025,21/04/2025,150,56,56,0,2,1,35.45,1255,1.58,35.45,26,1,$0.92,$1.04,$51.53,18.99,13,0.9702,FIFO,Low Stock,1,04/09/2025,0.83%,84.02%,No Notes,High,-2,Out of Stock,Critical,FALSE,FALSE,0,High Risk,231.0580357,Very Fast Moving,0.633035714,0.03,Low,0,0.03,A - Good,213.1579776,Very Uneven (~213+),0
SKU0299,Personal Product 204,Personal Care,B,S009,PT Beverage Nusantara,WHSBY,Surabaya - Sidoarjo,BATCH9209,02/04/2025,12/02/2025,31/03/2030,160,92,16,18,1,4,5.62,1210,16.37,22.48,16,4,$15.50,$17.70,"$1,426.16",1.83,4,0.7825,FEFO,In Stock,0,17/07/2025,7.80%,69.37%,No Notes,Low,57,In Stock,Low,FALSE,FALSE,0,Low Risk,22.29673913,Fast Moving,0.061086957,0.87,Low,0,0.87,A - Good,199.2482854,High Variation (~206),0
SKU0300,Fresh Product 275,Fresh Produce,C,S009,PT Beverage Nusantara,WHDPS,Denpasar - Tabanan,BATCH2369,01/08/2025,13/07/2025,08/08/2025,39,186,17,17,3,0,11.61,3660,16.02,23.22,19,2,$1.54,$1.74,$286.98,1.87,3,0.8221,FIFO,Expiring Soon,-5,06/07/2025,-1.19%,96.49%,No Notes,Low,149,In Stock,Low,FALSE,FALSE,0,Low Risk,22.78306452,Fast Moving,0.062419355,0.36,Low,0,0.36,A - Good,206.5718724,High Variation (~206),0
SKU0301,Personal Product 80,Personal Care,B,S009,PT Beverage Nusantara,WHSBY,Surabaya - Sidoarjo,BATCH2083,01/06/2025,13/05/2025,14/09/2029,100,142,26,23,1,0,18.95,4450,7.49,37.9,28,2,$7.69,$8.34,"$1,092.18",4,7,0.9168,FEFO,In Stock,0,10/08/2025,5.95%,72.78%,Seasonal SKU,Medium,92,In Stock,Critical,FALSE,FALSE,0,Medium Risk,48.70950704,Fast Moving,0.133450704,0.17,Low,0,0.17,A - Good,199.2482854,High Variation (~206),0
SKU0302,Personal Product 60,Personal Care,B,S008,PT Hygienic Supplies,WHDPS,Denpasar - Tabanan,BATCH6067,07/04/2025,24/02/2025,28/07/2026,155,137,16,4,2,3,12.78,4910,10.72,178.92,95,14,$6.53,$6.31,$894.34,2.8,5,0.7945,FIFO,Low Stock,4,25/08/2025,-9.58%,78.40%,High return rate,Low,115,In Stock,Low,TRUE,TRUE,3.28,Low Risk,34.04890511,Fast Moving,0.093284672,2.88,Medium,3.28,6.16,B - Normal,206.5718724,High Variation (~206),14.56
SKU0303,Beverages Product 84,Beverages,C,S008,PT Hygienic Supplies,WHSBY,Surabaya - Sidoarjo,BATCH5247,29/04/2025,19/04/2025,23/03/2029,133,91,76,15,2,1,20.74,5690,4.39,41.48,22,2,$7.27,$8.27,$661.74,6.84,14,0.8197,FEFO,In Stock,-1,24/08/2025,-0.26%,69.93%,No Notes,Medium,-2,Out of Stock,Critical,FALSE,FALSE,0,High Risk,83.18791209,Very Fast Moving,0.227912088,0.36,Low,0,0.36,A - Good,199.2482854,High Variation (~206),0
SKU0304,Household Product 376,Household,C,S002,PT Indo Fresh,WHJKT,Jakarta - Cengkareng,BATCH5456,16/06/2025,14/05/2025,11/11/2028,85,30,0,3,0,0,3.14,780,9.55,6.28,10,2,$19.42,$19.48,$582.71,3.14,1,0.7236,FIFO,In Stock,0,07/08/2025,-5.65%,89.66%,No Notes,Medium,27,Low,Critical,FALSE,FALSE,0,Medium Risk,38.20333333,Fast Moving,0.104666667,0.55,Low,0,0.55,A - Good,213.1579776,Very Uneven (~213+),0
SKU0305,Pantry Product 40,Pantry,C,S008,PT Hygienic Supplies,WHMDN,Medan - Deli Serdang,BATCH1908,02/05/2025,01/04/2025,08/05/2028,130,13,2,2,2,0,1.29,470,10.08,1.29,2,1,$7.27,$8.08,$94.57,2.98,2,0.7666,FIFO,In Stock,2,24/07/2025,5.98%,87.63%,No Notes,Low,7,Low,Low,FALSE,FALSE,0,Low Risk,36.21923077,Fast Moving,0.099230769,0.23,Low,0,0.23,A - Good,202.6218382,High Variation (~206),0
SKU0306,Beverages Product 458,Beverages,B,S010,PT DailyDairy,WHJKT,Jakarta - Cengkareng,BATCH1042,13/07/2025,11/07/2025,20/05/2029,58,661,243,134,0,0,79.67,2698,8.3,796.7,406,10,$1.85,$1.82,"$1,224.17",3.62,25,0.9889,FIFO,Low Stock,3,09/08/2025,-5.59%,83.69%,Promotional item,Medium,284,In Stock,Critical,TRUE,TRUE,1.7,Medium Risk,43.99326778,Fast Moving,0.120529501,0.11,Low,1.7,1.81,A - Good,213.1579776,Very Uneven (~213+),11.4
SKU0307,Bakery Product 77,Bakery,B,S003,PT Prima Distribusi,WHJKT,Jakarta - Cengkareng,BATCH7870,21/04/2025,07/04/2025,28/04/2025,141,633,55,32,1,2,48.02,1054,13.18,144.06,73,3,$2.94,$2.65,"$1,859.31",2.28,26,0.7954,FEFO,Expiring Soon,3,09/08/2025,5.22%,88.69%,No Notes,Low,545,In Stock,Low,FALSE,FALSE,0,Low Risk,27.6892575,Fast Moving,0.075860979,0.61,Low,0,0.61,A - Good,213.1579776,Very Uneven (~213+),0
SKU0308,Beverages Product 139,Beverages,C,S002,PT Indo Fresh,WHDPS,Denpasar - Tabanan,BATCH9225,06/06/2025,24/04/2025,05/02/2027,95,488,58,119,2,0,58.54,19,8.34,175.62,97,3,$1.63,$1.78,$797.25,3.6,25,0.811,FIFO,In Stock,5,18/08/2025,1%,97.04%,No Notes,Medium,309,In Stock,Critical,FALSE,FALSE,0,Medium Risk,43.78504098,Fast Moving,0.119959016,0.57,Low,0,0.57,A - Good,206.5718724,High Variation (~206),0
SKU0309,Frozen Product 24,Frozen,A,S007,PT Bakerindo,WHJKT,Jakarta - Cengkareng,BATCH6090,13/05/2025,23/04/2025,20/01/2026,119,329,58,39,1,0,26.15,7630,12.58,78.45,40,3,$7.48,$7.61,"$2,460.62",2.38,11,0.9381,FIFO,In Stock,3,01/07/2025,-9.02%,71.46%,No Notes,Low,231,In Stock,Low,FALSE,FALSE,0,Low Risk,29.01139818,Fast Moving,0.079483283,0.19,Low,0,0.19,A - Good,213.1579776,Very Uneven (~213+),0
SKU0310,Bakery Product 150,Bakery,C,S010,PT DailyDairy,WHSBY,Surabaya - Sidoarjo,BATCH8600,03/04/2025,11/03/2025,06/04/2025,159,112,9,14,1,0,10.82,2660,10.35,75.74,47,7,$2.33,$2.24,$261.13,2.9,4,0.8431,FEFO,Low Stock,1,15/08/2025,-9.27%,74.11%,No Notes,Low,88,In Stock,Low,FALSE,FALSE,0,Low Risk,35.26160714,Fast Moving,0.096607143,1.1,Low,0,1.1,A - Good,199.2482854,High Variation (~206),0
SKU0311,Pantry Product 408,Pantry,A,S004,PT Nusantara Supplier,WHBDG,Bandung - Rancaekek,BATCH1391,08/09/2025,25/08/2025,25/12/2028,1,291,37,50,4,1,24.73,6700,11.77,123.65,66,5,$8.25,$7.71,"$2,400.81",2.55,14,0.9552,FEFO,In Stock,5,20/06/2025,3.32%,94.46%,No Notes,Low,200,In Stock,Low,FALSE,FALSE,0,Low Risk,31.01872852,Fast Moving,0.084982818,0.22,Low,0,0.22,A - Good,192.2676003,Moderate Imbalance (~192),0
SKU0312,Household Product 487,Household,C,S006,PT Frozen Express,WHJKT,Jakarta - Cengkareng,BATCH6038,25/03/2025,19/03/2025,03/05/2028,168,35,2,2,3,0,4.39,1630,7.97,4.39,3,1,$6.75,$7.04,$236.32,3.76,3,0.7384,FIFO,In Stock,-3,04/07/2025,-1.16%,88.76%,No Notes,Medium,28,Low,Critical,FALSE,FALSE,0,Medium Risk,45.78142857,Fast Moving,0.125428571,0.26,Low,0,0.26,A - Good,213.1579776,Very Uneven (~213+),0
SKU0313,Bakery Product 493,Bakery,C,S001,PT Segar Makmur,WHBDG,Bandung - Rancaekek,BATCH1719,30/06/2025,03/05/2025,02/07/2025,71,265,155,110,6,2,57.12,1612,4.64,285.6,144,5,$1.71,$1.86,$453.07,6.47,22,0.9357,FIFO,Low Stock,7,05/07/2025,-9.65%,71.30%,No Notes,Medium,-6,Out of Stock,Critical,TRUE,TRUE,0.36,High Risk,78.67471698,Very Fast Moving,0.21554717,0.32,Low,0.36,0.68,A - Good,192.2676003,Moderate Imbalance (~192),8.72
SKU0314,Personal Product 235,Personal Care,B,S002,PT Indo Fresh,WHDPS,Denpasar - Tabanan,BATCH3187,16/08/2025,07/07/2025,16/06/2029,24,66,11,36,2,0,10.97,3880,6.02,32.91,18,3,$20.14,$19.65,"$1,328.91",4.99,3,0.847,FEFO,In Stock,0,31/08/2025,-9.50%,70.15%,No Notes,Medium,17,Low,Critical,FALSE,FALSE,0,Medium Risk,60.66742424,Very Fast Moving,0.166212121,0.46,Low,0,0.46,A - Good,206.5718724,High Variation (~206),0
SKU0315,Fresh Product 340,Fresh Produce,C,S003,PT Prima Distribusi,WHBDG,Bandung - Rancaekek,BATCH6161,27/06/2025,29/04/2025,04/07/2025,74,254,25,27,4,1,21.37,4830,11.89,85.48,46,4,$1.27,$1.16,$321.34,2.52,8,0.8661,FEFO,Expiring Soon,-4,12/06/2025,6.55%,72.82%,No Notes,Low,198,In Stock,Low,FALSE,FALSE,0,Low Risk,30.70885827,Fast Moving,0.084133858,0.54,Low,0,0.54,A - Good,192.2676003,Moderate Imbalance (~192),0
SKU0316,Seafood Product 232,Seafood,C,S005,PT Agro Raya,WHBDG,Bandung - Rancaekek,BATCH3230,21/08/2025,03/07/2025,27/08/2025,19,15,2,1,3,1,1.11,250,13.51,5.55,6,5,$14.27,$14.30,$214.04,2.22,3,0.9948,FIFO,Expiring Soon,0,21/08/2025,-4.25%,60.05%,Fragile,Low,9,Low,Low,FALSE,FALSE,0,Low Risk,27.01,Fast Moving,0.074,0.03,Low,0,0.03,A - Good,192.2676003,Moderate Imbalance (~192),0
SKU0317,Frozen Product 209,Frozen,C,S002,PT Indo Fresh,WHDPS,Denpasar - Tabanan,BATCH8404,10/06/2025,22/05/2025,29/01/2026,91,136,26,37,0,0,15.46,5670,8.8,154.6,81,10,$3.01,$2.88,$409.07,3.41,7,0.8047,FEFO,Low Stock,-2,07/08/2025,7.63%,84.17%,No Notes,Medium,73,In Stock,Critical,TRUE,TRUE,1.2,Medium Risk,41.49191176,Fast Moving,0.113676471,1.95,Low,1.2,3.15,A - Good,206.5718724,High Variation (~206),10.4
SKU0318,Fresh Product 414,Fresh Produce,B,S005,PT Agro Raya,WHDPS,Denpasar - Tabanan,BATCH6370,30/08/2025,21/08/2025,05/09/2025,10,621,46,81,1,1,42.74,1093,14.53,170.96,91,4,$1.36,$1.27,$844.68,2.06,11,0.7291,FIFO,Expiring Soon,1,09/08/2025,-7.87%,97.93%,No Notes,Low,493,In Stock,Low,FALSE,FALSE,0,Low Risk,25.12093398,Fast Moving,0.068824477,1.08,Low,0,1.08,A - Good,206.5718724,High Variation (~206),0
SKU0319,Bakery Product 26,Bakery,B,S005,PT Agro Raya,WHSBY,Surabaya - Sidoarjo,BATCH7625,27/07/2025,03/06/2025,29/07/2025,44,554,8,93,1,0,45.07,1138,12.29,630.98,323,14,$2.53,$2.49,"$1,401.23",2.44,16,0.9877,FEFO,Low Stock,1,30/06/2025,-3.67%,95.44%,No Notes,Low,452,In Stock,Low,TRUE,TRUE,1.71,Low Risk,29.69413357,Fast Moving,0.081353791,0.17,Low,1.71,1.88,A - Good,199.2482854,High Variation (~206),11.42
SKU0320,Meat Product 237,Meat,B,S002,PT Indo Fresh,WHBDG,Bandung - Rancaekek,BATCH2010,09/08/2025,17/06/2025,14/08/2025,31,80,25,21,0,1,10.18,3270,7.86,30.54,17,3,$11.64,$10.74,$931.25,3.82,4,0.7252,FIFO,Expiring Soon,-3,24/08/2025,0.23%,66.06%,No Notes,Medium,34,Low,Critical,FALSE,FALSE,0,Medium Risk,46.44625,Fast Moving,0.12725,0.82,Low,0,0.82,A - Good,192.2676003,Moderate Imbalance (~192),0
SKU0321,Bakery Product 352,Bakery,C,S002,PT Indo Fresh,WHDPS,Denpasar - Tabanan,BATCH2228,12/04/2025,11/04/2025,16/04/2025,150,74,2,12,2,1,15.97,5970,4.63,31.94,23,2,$3.68,$4.15,$272.55,6.47,4,0.857,FIFO,Expiring Soon,0,15/08/2025,5.63%,84.09%,No Notes,Medium,58,In Stock,Critical,FALSE,FALSE,0,High Risk,78.77094595,Very Fast Moving,0.215810811,0.29,Low,0,0.29,A - Good,206.5718724,High Variation (~206),0
SKU0322,Frozen Product 66,Frozen,C,S002,PT Indo Fresh,WHSBY,Surabaya - Sidoarjo,BATCH8552,09/08/2025,06/08/2025,15/02/2026,31,234,15,31,0,2,20.86,5060,11.22,20.86,15,1,$3.12,$3.07,$730.90,2.67,3,0.7222,FIFO,In Stock,1,28/06/2025,-3.43%,78.45%,No Notes,Low,188,In Stock,Low,FALSE,FALSE,0,Low Risk,32.53803419,Fast Moving,0.089145299,0.28,Low,0,0.28,A - Good,199.2482854,High Variation (~206),0
SKU0323,Beverages Product 255,Beverages,A,S001,PT Segar Makmur,WHMDN,Medan - Deli Serdang,BATCH3831,19/03/2025,25/02/2025,08/08/2028,174,2,151,139,0,0,85.74,2618,0.02,600.18,302,7,$4.38,$4.47,"$6,934.91",1.62,32,0.8855,FIFO,In Stock,4,17/08/2025,-7.77%,78.30%,No Notes,Low,-288,Out of Stock,Critical,TRUE,TRUE,6.98,High Risk,15647.55,Very Fast Moving,42.87,0.8,Low,6.98,7.78,A - Good,202.6218382,High Variation (~206),21.96
SKU0324,Frozen Product 77,Frozen,B,S001,PT Segar Makmur,WHDPS,Denpasar - Tabanan,BATCH5026,04/04/2025,22/02/2025,07/03/2026,158,180,44,38,1,2,38.73,134,4.65,387.3,199,10,$6.34,$5.80,"$1,141.18",6.45,14,0.9396,FEFO,Low Stock,3,08/07/2025,8.54%,85.55%,No Notes,Medium,97,In Stock,Critical,TRUE,TRUE,5.35,High Risk,78.53583333,Very Fast Moving,0.215166667,0.6,Low,5.35,5.95,A - Good,206.5718724,High Variation (~206),18.7
SKU0325,Pantry Product 32,Pantry,B,S002,PT Indo Fresh,WHSBY,Surabaya - Sidoarjo,BATCH7868,03/06/2025,22/05/2025,11/03/2027,98,108,15,0,0,0,5.99,1870,18.03,29.95,21,5,$13.03,$13.86,"$1,407.29",1.66,4,0.7014,FIFO,In Stock,-2,21/06/2025,0.23%,74.54%,No Notes,Low,93,In Stock,Low,FALSE,FALSE,0,Low Risk,20.24398148,Fast Moving,0.055462963,1.49,Low,0,1.49,A - Good,199.2482854,High Variation (~206),0
SKU0326,Pantry Product 10,Pantry,C,S007,PT Bakerindo,WHSBY,Surabaya - Sidoarjo,BATCH8940,10/05/2025,18/04/2025,29/05/2029,122,69,25,23,3,0,9.42,3620,7.32,37.68,24,4,$1.36,$1.33,$94.12,4.1,7,0.7223,FEFO,In Stock,0,22/07/2025,-2.50%,95.46%,No Notes,Medium,18,Low,Critical,FALSE,FALSE,0,Medium Risk,49.83043478,Fast Moving,0.136521739,1.11,Low,0,1.11,A - Good,199.2482854,High Variation (~206),0
SKU0327,Fresh Product 306,Fresh Produce,C,S004,PT Nusantara Supplier,WHJKT,Jakarta - Cengkareng,BATCH8728,30/06/2025,28/05/2025,03/07/2025,71,433,147,58,1,0,53.2,1917,8.14,159.6,88,3,$1.57,$1.43,$679.59,3.69,16,0.8389,FEFO,Expiring Soon,-3,27/06/2025,-6.12%,92.02%,No Notes,Medium,227,In Stock,Critical,FALSE,FALSE,0,Medium Risk,44.84526559,Fast Moving,0.122863741,0.48,Low,0,0.48,A - Good,213.1579776,Very Uneven (~213+),0
SKU0328,Personal Product 52,Personal Care,C,S004,PT Nusantara Supplier,WHBDG,Bandung - Rancaekek,BATCH1916,03/07/2025,16/05/2025,29/06/2029,68,15,3,2,1,1,1.75,490,8.57,8.75,7,5,$4.19,$4.51,$62.81,3.5,2,0.8021,FIFO,Low Stock,2,28/06/2025,6.42%,74.01%,No Notes,Medium,9,Low,Critical,FALSE,FALSE,0,Medium Risk,42.58333333,Fast Moving,0.116666667,0.99,Low,0,0.99,A - Good,192.2676003,Moderate Imbalance (~192),0
SKU0329,Household Product 182,Household,C,S003,PT Prima Distribusi,WHBDG,Bandung - Rancaekek,BATCH6210,11/07/2025,21/05/2025,05/11/2029,60,15,8,7,0,1,2.92,1000,5.14,2.92,10,1,$16.80,$18.91,$252.00,5.84,3,0.7225,FEFO,In Stock,2,26/06/2025,-8.53%,71.77%,Promotional item,Medium,0,Out of Stock,Critical,FALSE,FALSE,0,Medium Risk,71.05333333,Very Fast Moving,0.194666667,0.28,Low,0,0.28,A - Good,192.2676003,Moderate Imbalance (~192),0
SKU0330,Personal Product 289,Personal Care,A,S003,PT Prima Distribusi,WHDPS,Denpasar - Tabanan,BATCH9882,23/07/2025,04/07/2025,26/04/2029,48,119,43,12,0,1,15.81,5000,7.53,110.67,57,7,$18.40,$21.14,"$2,189.33",3.99,3,0.903,FIFO,Low Stock,6,09/07/2025,-6.93%,79.22%,Seasonal SKU,Medium,64,In Stock,Critical,FALSE,FALSE,0,Medium Risk,48.49285714,Fast Moving,0.132857143,0.68,Low,0,0.68,A - Good,206.5718724,High Variation (~206),0
SKU0331,Meat Product 113,Meat,A,S001,PT Segar Makmur,WHDPS,Denpasar - Tabanan,BATCH6435,10/05/2025,13/03/2025,15/05/2025,122,301,29,31,0,1,32.22,1198,9.34,96.66,57,3,$9.74,$9.96,"$2,932.52",3.21,18,0.8997,FIFO,Expiring Soon,2,24/08/2025,-7.61%,94.61%,No Notes,Medium,241,In Stock,Critical,FALSE,FALSE,0,Medium Risk,39.07076412,Fast Moving,0.107043189,0.3,Low,0,0.3,A - Good,206.5718724,High Variation (~206),0
SKU0332,Dairy Product 411,Dairy,C,S006,PT Frozen Express,WHJKT,Jakarta - Cengkareng,BATCH3320,04/09/2025,17/07/2025,15/09/2025,5,86,21,2,0,0,10.47,2680,8.21,20.94,11,2,$3.29,$2.97,$283.05,3.65,3,0.8741,FIFO,Expiring Soon,0,04/07/2025,-9.61%,75.46%,No Notes,Medium,63,In Stock,Critical,FALSE,FALSE,0,Medium Risk,44.43662791,Fast Moving,0.121744186,0.25,Low,0,0.25,A - Good,213.1579776,Very Uneven (~213+),0
SKU0333,Personal Product 192,Personal Care,B,S007,PT Bakerindo,WHDPS,Denpasar - Tabanan,BATCH5944,15/08/2025,26/07/2025,04/07/2028,25,128,14,7,1,0,7.79,1650,16.43,15.58,13,2,$13.25,$14.69,"$1,695.56",1.83,4,0.7083,FIFO,In Stock,0,20/08/2025,-9.13%,67.65%,No Notes,Low,106,In Stock,Low,FALSE,FALSE,0,Low Risk,22.21367188,Fast Moving,0.060859375,0.58,Low,0,0.58,A - Good,206.5718724,High Variation (~206),0
SKU0334,Bakery Product 328,Bakery,B,S008,PT Hygienic Supplies,WHSBY,Surabaya - Sidoarjo,BATCH6846,27/07/2025,13/07/2025,03/08/2025,44,1,85,82,0,1,62.06,2167,0.02,124.12,66,2,$1.36,$1.49,"$1,386.45",1.82,26,0.7243,FIFO,Expiring Soon,2,23/07/2025,-3.78%,78.69%,No Notes,Low,-166,Out of Stock,Critical,TRUE,TRUE,1.98,High Risk,22651.9,Very Fast Moving,62.06,0.55,Low,1.98,2.53,A - Good,199.2482854,High Variation (~206),11.96
SKU0335,Beverages Product 66,Beverages,C,S003,PT Prima Distribusi,WHJKT,Jakarta - Cengkareng,BATCH7415,14/03/2025,19/01/2025,30/05/2029,179,42,16,16,1,2,8.84,2610,4.75,35.36,25,4,$6.17,$6.73,$259.23,6.31,1,0.8841,FIFO,Low Stock,0,17/08/2025,-9.90%,81.72%,No Notes,Medium,9,Low,Critical,FALSE,FALSE,0,High Risk,76.82380952,Very Fast Moving,0.21047619,0.46,Low,0,0.46,A - Good,213.1579776,Very Uneven (~213+),0
SKU0336,Personal Product 496,Personal Care,A,S010,PT DailyDairy,WHBDG,Bandung - Rancaekek,BATCH2705,30/03/2025,30/01/2025,31/05/2029,163,150,45,57,0,2,22.39,6560,6.7,44.78,27,2,$15.76,$17.70,"$2,364.69",4.48,10,0.7713,FEFO,In Stock,-3,22/08/2025,-4.59%,71.95%,No Notes,Medium,48,Low,Critical,FALSE,FALSE,0,Medium Risk,54.48233333,Very Fast Moving,0.149266667,0.46,Low,0,0.46,A - Good,192.2676003,Moderate Imbalance (~192),0
SKU0337,Fresh Product 178,Fresh Produce,B,S006,PT Frozen Express,WHBDG,Bandung - Rancaekek,BATCH6500,31/03/2025,03/03/2025,04/04/2025,162,1,95,103,0,0,71.51,2127,0.01,1001.14,509,14,$1.36,$1.38,"$1,511.12",1.93,24,0.7428,FIFO,Low Stock,-2,07/08/2025,-2.04%,78.16%,No Notes,Low,-197,Out of Stock,Critical,TRUE,TRUE,13.99,High Risk,26101.15,Very Fast Moving,71.51,3.6,Medium,13.99,17.59,B - Normal,192.2676003,Moderate Imbalance (~192),35.98
SKU0338,Beverages Product 180,Beverages,A,S005,PT Agro Raya,WHJKT,Jakarta - Cengkareng,BATCH7323,09/09/2025,12/08/2025,16/12/2026,0,1,141,202,1,0,91.62,2779,0.01,916.2,462,10,$2.19,$2.04,"$2,241.88",2.68,42,0.7746,FEFO,Low Stock,1,19/08/2025,5.32%,64.28%,No Notes,Low,-343,Out of Stock,Critical,TRUE,TRUE,9.99,High Risk,33441.3,Very Fast Moving,91.62,2.25,Medium,9.99,12.24,B - Normal,213.1579776,Very Uneven (~213+),27.98
SKU0339,Frozen Product 194,Frozen,C,S006,PT Frozen Express,WHDPS,Denpasar - Tabanan,BATCH8855,05/06/2025,16/04/2025,27/12/2025,96,186,69,19,0,0,20.39,7850,9.12,61.17,37,3,$3.85,$4.21,$715.45,3.29,9,0.9256,FIFO,In Stock,-2,20/08/2025,-7.93%,76.67%,No Notes,Medium,98,In Stock,Critical,FALSE,FALSE,0,Medium Risk,40.01263441,Fast Moving,0.109623656,0.22,Low,0,0.22,A - Good,206.5718724,High Variation (~206),0
SKU0340,Household Product 18,Household,C,S005,PT Agro Raya,WHJKT,Jakarta - Cengkareng,BATCH2715,20/06/2025,16/06/2025,06/12/2027,81,108,29,11,0,1,17.86,4670,6.05,125.02,65,7,$6.05,$6.69,$653.55,4.96,10,0.7149,FEFO,Low Stock,1,19/08/2025,8.11%,61.79%,No Notes,Medium,68,In Stock,Critical,TRUE,TRUE,0.95,Medium Risk,60.36018519,Very Fast Moving,0.16537037,2,Low,0.95,2.95,A - Good,213.1579776,Very Uneven (~213+),9.9
SKU0341,Dairy Product 39,Dairy,C,S009,PT Beverage Nusantara,WHJKT,Jakarta - Cengkareng,BATCH8909,15/06/2025,01/05/2025,11/07/2025,86,154,71,83,0,0,44.06,1279,3.5,44.06,30,1,$0.94,$1.02,$144.82,8.58,10,0.7435,FIFO,Expiring Soon,-3,16/07/2025,-8.41%,94.03%,No Notes,Medium,0,Out of Stock,Critical,FALSE,FALSE,0,High Risk,104.4279221,Very Fast Moving,0.286103896,0.26,Low,0,0.26,A - Good,213.1579776,Very Uneven (~213+),0
SKU0342,Dairy Product 456,Dairy,C,S007,PT Bakerindo,WHBDG,Bandung - Rancaekek,BATCH6424,27/08/2025,14/08/2025,06/09/2025,13,47,27,7,0,1,7.09,1920,6.63,7.09,5,1,$0.90,$0.92,$42.07,4.53,2,0.8896,FIFO,Expiring Soon,0,19/07/2025,6.50%,96.55%,No Notes,Medium,13,Low,Critical,FALSE,FALSE,0,Medium Risk,55.0606383,Very Fast Moving,0.150851064,0.11,Low,0,0.11,A - Good,192.2676003,Moderate Imbalance (~192),0
SKU0343,Beverages Product 374,Beverages,A,S009,PT Beverage Nusantara,WHSBY,Surabaya - Sidoarjo,BATCH5872,24/03/2025,09/03/2025,21/10/2027,169,434,297,6,0,1,89.79,3161,4.83,269.37,136,3,$4.78,$4.35,"$2,076.21",6.21,46,0.7895,FIFO,In Stock,2,03/09/2025,8.27%,61.19%,No Notes,Medium,131,In Stock,Critical,FALSE,FALSE,0,High Risk,75.51463134,Very Fast Moving,0.206889401,0.63,Low,0,0.63,A - Good,199.2482854,High Variation (~206),0
SKU0344,Pantry Product 252,Pantry,C,S003,PT Prima Distribusi,WHJKT,Jakarta - Cengkareng,BATCH8005,09/06/2025,04/06/2025,16/06/2026,92,20,11,0,1,1,2.93,920,6.83,14.65,10,5,$5.63,$5.34,$112.60,4.4,4,0.769,FEFO,Low Stock,8,17/06/2025,-5.71%,68.18%,No Notes,Medium,8,Low,Critical,FALSE,FALSE,0,Medium Risk,53.4725,Very Fast Moving,0.1465,1.15,Low,0,1.15,A - Good,213.1579776,Very Uneven (~213+),0
SKU0345,Frozen Product 50,Frozen,C,S001,PT Segar Makmur,WHBDG,Bandung - Rancaekek,BATCH5781,28/07/2025,23/07/2025,06/07/2026,43,176,61,20,2,3,14.89,5020,11.82,74.45,38,5,$1.35,$1.39,$237.34,2.54,3,0.8606,FEFO,In Stock,1,26/08/2025,-4.64%,95.74%,No Notes,Low,93,In Stock,Low,FALSE,FALSE,0,Low Risk,30.87982955,Fast Moving,0.084602273,0.7,Low,0,0.7,A - Good,192.2676003,Moderate Imbalance (~192),0
SKU0346,Bakery Product 251,Bakery,C,S005,PT Agro Raya,WHJKT,Jakarta - Cengkareng,BATCH7349,29/03/2025,18/03/2025,04/04/2025,164,603,95,58,0,0,53.95,1633,11.18,215.8,113,4,$1.09,$1.03,$656.97,2.68,21,0.7879,FEFO,Expiring Soon,5,23/07/2025,4.63%,64.02%,No Notes,Low,450,In Stock,Low,FALSE,FALSE,0,Low Risk,32.65630182,Fast Moving,0.08946932,0.85,Low,0,0.85,A - Good,213.1579776,Very Uneven (~213+),0
SKU0347,Frozen Product 135,Frozen,C,S008,PT Hygienic Supplies,WHMDN,Medan - Deli Serdang,BATCH5400,04/07/2025,29/05/2025,26/02/2026,67,116,24,3,0,0,16.32,5450,7.11,81.6,44,5,$3.96,$3.99,$459.10,4.22,6,0.939,FIFO,Low Stock,-2,21/08/2025,-6.50%,72.37%,No Notes,Medium,89,In Stock,Critical,FALSE,FALSE,0,Medium Risk,51.35172414,Very Fast Moving,0.140689655,0.3,Low,0,0.3,A - Good,202.6218382,High Variation (~206),0
SKU0348,Beverages Product 44,Beverages,B,S006,PT Frozen Express,WHDPS,Denpasar - Tabanan,BATCH4727,27/05/2025,22/04/2025,15/09/2029,105,329,78,63,3,0,29.27,6520,11.24,87.81,49,3,$4.39,$4.59,"$1,442.76",2.67,11,0.7555,FIFO,In Stock,5,22/07/2025,0.26%,63.40%,No Notes,Low,185,In Stock,Low,FALSE,FALSE,0,Low Risk,32.47279635,Fast Moving,0.088966565,0.73,Low,0,0.73,A - Good,206.5718724,High Variation (~206),0
SKU0349,Bakery Product 275,Bakery,C,S008,PT Hygienic Supplies,WHDPS,Denpasar - Tabanan,BATCH5896,11/07/2025,06/07/2025,16/07/2025,60,196,59,23,0,2,12.95,4730,15.14,25.9,18,2,$2.79,$2.81,$546.06,1.98,4,0.9223,FEFO,Expiring Soon,1,05/09/2025,6.35%,60.21%,No Notes,Low,114,In Stock,Low,FALSE,FALSE,0,Low Risk,24.11607143,Fast Moving,0.066071429,0.16,Low,0,0.16,A - Good,206.5718724,High Variation (~206),0
SKU0350,Personal Product 410,Personal Care,A,S010,PT DailyDairy,WHDPS,Denpasar - Tabanan,BATCH8357,03/08/2025,23/07/2025,06/04/2027,37,231,51,36,1,0,19.53,5120,11.83,39.06,29,2,$23.90,$24.25,"$5,521.89",2.54,12,0.786,FIFO,In Stock,-1,13/08/2025,3.54%,97.38%,No Notes,Low,143,In Stock,Low,FALSE,FALSE,0,Low Risk,30.85909091,Fast Moving,0.084545455,0.43,Low,0,0.43,A - Good,206.5718724,High Variation (~206),0
SKU0351,Dairy Product 217,Dairy,C,S002,PT Indo Fresh,WHMDN,Medan - Deli Serdang,BATCH3422,20/07/2025,28/05/2025,16/08/2025,51,210,34,47,1,0,20.58,5950,10.2,20.58,19,1,$1.88,$2.10,$393.90,2.94,9,0.868,FEFO,Expiring Soon,1,31/07/2025,-1.07%,78.86%,No Notes,Low,128,In Stock,Low,FALSE,FALSE,0,Low Risk,35.77,Fast Moving,0.098,0.13,Low,0,0.13,A - Good,202.6218382,High Variation (~206),0
SKU0352,Personal Product 35,Personal Care,C,S002,PT Indo Fresh,WHMDN,Medan - Deli Serdang,BATCH6343,20/04/2025,25/02/2025,11/07/2028,142,36,2,7,1,1,2.88,1060,12.5,2.88,6,1,$21.57,$23.69,$776.50,2.4,1,0.7662,FEFO,In Stock,0,05/07/2025,-5.50%,81.34%,No Notes,Low,26,Low,Low,FALSE,FALSE,0,Low Risk,29.2,Fast Moving,0.08,0.23,Low,0,0.23,A - Good,202.6218382,High Variation (~206),0
SKU0353,Household Product 403,Household,B,S010,PT DailyDairy,WHDPS,Denpasar - Tabanan,BATCH2843,29/04/2025,03/04/2025,04/09/2028,133,187,68,40,6,0,19.27,6570,9.7,96.35,57,5,$10.13,$9.26,"$1,894.33",3.09,7,0.7663,FIFO,In Stock,-5,22/08/2025,-2.61%,73.48%,No Notes,Medium,73,In Stock,Critical,FALSE,FALSE,0,Medium Risk,37.61256684,Fast Moving,0.103048128,1.17,Low,0,1.17,A - Good,206.5718724,High Variation (~206),0
SKU0354,Pantry Product 494,Pantry,A,S002,PT Indo Fresh,WHJKT,Jakarta - Cengkareng,BATCH5687,18/04/2025,22/02/2025,10/11/2026,144,352,67,10,3,0,25.37,9720,13.87,76.11,47,3,$7.65,$8.56,"$2,693.82",2.16,11,0.7687,FEFO,In Stock,-5,19/07/2025,5.44%,77.44%,No Notes,Low,272,In Stock,Low,FALSE,FALSE,0,Low Risk,26.30696023,Fast Moving,0.072073864,0.69,Low,0,0.69,A - Good,213.1579776,Very Uneven (~213+),0
SKU0355,Pantry Product 293,Pantry,A,S010,PT DailyDairy,WHMDN,Medan - Deli Serdang,BATCH5512,31/08/2025,06/08/2025,18/08/2027,9,256,42,4,0,0,24.82,9460,10.31,74.46,45,3,$8.73,$9.68,"$2,235.47",2.91,14,0.7655,FIFO,In Stock,-2,22/06/2025,-4.50%,83.65%,No Notes,Low,210,In Stock,Low,FALSE,FALSE,0,Low Risk,35.38789063,Fast Moving,0.096953125,0.7,Low,0,0.7,A - Good,202.6218382,High Variation (~206),0
SKU0356,Beverages Product 20,Beverages,A,S007,PT Bakerindo,WHSBY,Surabaya - Sidoarjo,BATCH1807,17/03/2025,29/01/2025,16/07/2027,176,779,118,63,0,2,61.62,2308,12.64,123.24,67,2,$6.63,$6.47,"$5,166.41",2.37,23,0.962,FEFO,In Stock,3,06/08/2025,-6.48%,91.94%,No Notes,Low,598,In Stock,Low,FALSE,FALSE,0,Low Risk,28.8720154,Fast Moving,0.079101412,0.08,Low,0,0.08,A - Good,199.2482854,High Variation (~206),0
SKU0357,Fresh Product 419,Fresh Produce,B,S005,PT Agro Raya,WHSBY,Surabaya - Sidoarjo,BATCH2609,30/06/2025,06/05/2025,10/07/2025,71,422,65,35,0,1,40.47,1506,10.43,202.35,102,5,$2.15,$2.21,$907.00,2.88,14,0.796,FIFO,Expiring Soon,0,23/08/2025,3.01%,88.53%,No Notes,Low,322,In Stock,Low,FALSE,FALSE,0,Low Risk,35.00367299,Fast Moving,0.095900474,1.02,Low,0,1.02,A - Good,199.2482854,High Variation (~206),0
SKU0358,Beverages Product 397,Beverages,A,S006,PT Frozen Express,WHSBY,Surabaya - Sidoarjo,BATCH2462,26/05/2025,14/05/2025,15/10/2029,106,644,115,63,1,0,67.4,2333,9.55,67.4,43,1,$7.87,$9.00,"$5,069.63",3.14,17,0.9022,FEFO,In Stock,0,13/08/2025,-9.07%,84.33%,No Notes,Medium,465,In Stock,Critical,FALSE,FALSE,0,Medium Risk,38.20031056,Fast Moving,0.104658385,0.1,Low,0,0.1,A - Good,199.2482854,High Variation (~206),0
SKU0359,Bakery Product 249,Bakery,C,S009,PT Beverage Nusantara,WHSBY,Surabaya - Sidoarjo,BATCH3604,26/08/2025,22/08/2025,01/09/2025,14,46,12,8,0,0,4.34,1400,10.6,8.68,9,2,$3.23,$3.44,$148.42,2.83,2,0.7818,FEFO,Expiring Soon,1,11/06/2025,-0.46%,89.56%,No Notes,Low,26,Low,Low,FALSE,FALSE,0,Low Risk,34.43695652,Fast Moving,0.094347826,0.44,Low,0,0.44,A - Good,199.2482854,High Variation (~206),0
SKU0360,Dairy Product 436,Dairy,B,S009,PT Beverage Nusantara,WHDPS,Denpasar - Tabanan,BATCH4158,02/09/2025,08/07/2025,14/09/2025,7,363,121,78,0,1,42.49,1363,8.54,424.9,214,10,$2.86,$2.94,"$1,037.09",3.51,18,0.7903,FIFO,Low Stock,4,02/09/2025,1.56%,78.33%,No Notes,Medium,164,In Stock,Critical,TRUE,TRUE,1.46,Medium Risk,42.72410468,Fast Moving,0.117052342,2.1,Medium,1.46,3.56,B - Normal,206.5718724,High Variation (~206),10.92
SKU0361,Frozen Product 471,Frozen,C,S006,PT Frozen Express,WHBDG,Bandung - Rancaekek,BATCH8605,01/07/2025,30/05/2025,01/04/2026,70,47,13,11,2,1,5.47,1250,8.59,27.35,17,5,$6.86,$7.63,$322.65,3.49,4,0.7019,FEFO,In Stock,0,20/06/2025,7.95%,61.27%,No Notes,Medium,21,Low,Critical,FALSE,FALSE,0,Medium Risk,42.47978723,Fast Moving,0.116382979,1.49,Low,0,1.49,A - Good,192.2676003,Moderate Imbalance (~192),0
SKU0362,Beverages Product 124,Beverages,C,S006,PT Frozen Express,WHMDN,Medan - Deli Serdang,BATCH3909,10/04/2025,14/02/2025,09/10/2028,152,31,4,0,1,0,3.55,780,8.73,14.2,12,4,$3.94,$3.69,$122.15,3.44,1,0.7323,FEFO,In Stock,-1,26/06/2025,3.91%,75.48%,No Notes,Medium,26,Low,Critical,FALSE,FALSE,0,Medium Risk,41.7983871,Fast Moving,0.114516129,1.07,Low,0,1.07,A - Good,202.6218382,High Variation (~206),0
SKU0363,Seafood Product 429,Seafood,A,S005,PT Agro Raya,WHJKT,Jakarta - Cengkareng,BATCH7333,29/06/2025,26/06/2025,02/07/2025,72,266,38,32,1,0,27.92,6910,9.53,195.44,104,7,$9.37,$8.76,"$2,492.79",3.15,8,0.9188,FIFO,Low Stock,5,28/06/2025,-9.98%,85.28%,No Notes,Medium,195,In Stock,Critical,FALSE,FALSE,0,Medium Risk,38.3112782,Fast Moving,0.104962406,0.57,Low,0,0.57,A - Good,213.1579776,Very Uneven (~213+),0
SKU0364,Dairy Product 114,Dairy,B,S004,PT Nusantara Supplier,WHBDG,Bandung - Rancaekek,BATCH7709,03/07/2025,01/06/2025,30/07/2025,68,485,45,52,0,0,40.76,9150,11.9,81.52,47,2,$1.77,$2.02,$857.67,2.52,16,0.8386,FIFO,Expiring Soon,-3,14/06/2025,2.05%,81.93%,High return rate,Low,388,In Stock,Low,FALSE,FALSE,0,Low Risk,30.67505155,Fast Moving,0.084041237,0.32,Low,0,0.32,A - Good,192.2676003,Moderate Imbalance (~192),0
SKU0365,Pantry Product 308,Pantry,B,S001,PT Segar Makmur,WHBDG,Bandung - Rancaekek,BATCH6004,07/07/2025,23/05/2025,03/12/2029,64,123,32,10,3,0,9.66,3640,12.73,96.6,54,10,$12.91,$11.72,"$1,588.10",2.36,4,0.8924,FEFO,Low Stock,4,17/07/2025,7.58%,60.93%,No Notes,Low,78,In Stock,Low,FALSE,FALSE,0,Low Risk,28.66585366,Fast Moving,0.078536585,1.08,Low,0,1.08,A - Good,192.2676003,Moderate Imbalance (~192),0
SKU0366,Household Product 236,Household,C,S005,PT Agro Raya,WHBDG,Bandung - Rancaekek,BATCH9530,13/05/2025,22/03/2025,21/01/2028,119,6,1,2,0,4,1.01,300,5.94,2.02,4,2,$14.68,$14.09,$88.07,5.05,2,0.8927,FEFO,Low Stock,1,27/06/2025,-1.70%,73.78%,Temperature controlled,Medium,3,Low,Critical,FALSE,FALSE,0,Medium Risk,61.44166667,Very Fast Moving,0.168333333,0.21,Low,0,0.21,A - Good,192.2676003,Moderate Imbalance (~192),0
SKU0367,Personal Product 495,Personal Care,C,S006,PT Frozen Express,WHDPS,Denpasar - Tabanan,BATCH5631,28/03/2025,09/03/2025,26/07/2029,165,164,42,31,2,2,16.14,3750,10.16,112.98,59,7,$2.04,$1.93,$334.25,2.95,4,0.9672,FIFO,Low Stock,5,10/07/2025,-1.26%,90.92%,Promotional item,Low,89,In Stock,Low,FALSE,FALSE,0,Low Risk,35.92134146,Fast Moving,0.098414634,0.23,Low,0,0.23,A - Good,206.5718724,High Variation (~206),0
SKU0368,Pantry Product 442,Pantry,C,S005,PT Agro Raya,WHSBY,Surabaya - Sidoarjo,BATCH5895,26/03/2025,14/03/2025,21/03/2030,167,61,22,12,2,1,14.66,5290,4.16,73.3,40,5,$12.63,$14.10,$770.23,7.21,6,0.7855,FIFO,Low Stock,1,05/07/2025,-9.33%,79.47%,No Notes,Medium,25,Low,Critical,TRUE,TRUE,0.84,High Risk,87.71967213,Very Fast Moving,0.240327869,1.07,Low,0.84,1.91,A - Good,199.2482854,High Variation (~206),9.68
SKU0369,Personal Product 413,Personal Care,C,S010,PT DailyDairy,WHMDN,Medan - Deli Serdang,BATCH3292,24/03/2025,06/02/2025,07/01/2028,169,48,10,18,0,1,14.8,4560,3.24,207.2,113,14,$0.66,$0.59,$31.61,9.25,4,0.8349,FIFO,Low Stock,-3,18/06/2025,6.78%,84.84%,No Notes,Medium,20,Low,Critical,TRUE,TRUE,10.76,High Risk,112.5416667,Very Fast Moving,0.308333333,2.31,Medium,10.76,13.07,B - Normal,202.6218382,High Variation (~206),29.52
SKU0370,Meat Product 465,Meat,A,S007,PT Bakerindo,WHMDN,Medan - Deli Serdang,BATCH4111,02/06/2025,12/05/2025,08/06/2025,99,289,24,21,0,3,35.74,1327,8.09,71.48,45,2,$7.27,$7.04,"$2,101.32",3.71,12,0.8203,FIFO,Expiring Soon,-4,14/06/2025,-8.50%,97.34%,No Notes,Medium,244,In Stock,Critical,FALSE,FALSE,0,Medium Risk,45.13875433,Fast Moving,0.12366782,0.36,Low,0,0.36,A - Good,202.6218382,High Variation (~206),0
SKU0371,Household Product 465,Household,B,S006,PT Frozen Express,WHDPS,Denpasar - Tabanan,BATCH3967,25/06/2025,07/06/2025,08/06/2027,76,150,57,22,0,1,15.85,4860,9.46,31.7,23,2,$6.83,$6.82,"$1,024.32",3.17,1,0.7722,FIFO,In Stock,0,11/07/2025,-0.16%,61.87%,Promotional item,Medium,71,In Stock,Critical,FALSE,FALSE,0,Medium Risk,38.56833333,Fast Moving,0.105666667,0.46,Low,0,0.46,A - Good,206.5718724,High Variation (~206),0
SKU0372,Beverages Product 287,Beverages,C,S003,PT Prima Distribusi,WHSBY,Surabaya - Sidoarjo,BATCH4641,26/03/2025,04/03/2025,24/09/2026,167,126,14,39,1,0,13.88,4490,9.08,27.76,18,2,$5.51,$5.39,$694.07,3.3,5,0.8313,FIFO,In Stock,2,01/08/2025,-3.72%,63.61%,No Notes,Medium,72,In Stock,Critical,FALSE,FALSE,0,Medium Risk,40.20793651,Fast Moving,0.11015873,0.34,Low,0,0.34,A - Good,199.2482854,High Variation (~206),0
SKU0373,Personal Product 191,Personal Care,C,S005,PT Agro Raya,WHDPS,Denpasar - Tabanan,BATCH2929,26/06/2025,27/05/2025,30/01/2029,75,97,13,3,1,0,9.43,2450,10.29,9.43,13,1,$3.09,$2.89,$300.17,2.92,2,0.7169,FIFO,In Stock,1,20/06/2025,2.50%,96.11%,No Notes,Low,80,In Stock,Low,FALSE,FALSE,0,Low Risk,35.48402062,Fast Moving,0.097216495,0.28,Low,0,0.28,A - Good,206.5718724,High Variation (~206),0
SKU0374,Personal Product 37,Personal Care,A,S008,PT Hygienic Supplies,WHBDG,Bandung - Rancaekek,BATCH7253,04/05/2025,01/04/2025,04/01/2027,128,190,34,15,1,0,13.72,3460,13.85,13.72,11,1,$22.38,$25.16,"$4,251.48",2.17,2,0.7106,FEFO,In Stock,2,19/07/2025,-7.43%,63.21%,High return rate,Low,140,In Stock,Low,FALSE,FALSE,0,Low Risk,26.35684211,Fast Moving,0.072210526,0.29,Low,0,0.29,A - Good,192.2676003,Moderate Imbalance (~192),0
SKU0375,Dairy Product 103,Dairy,C,S006,PT Frozen Express,WHMDN,Medan - Deli Serdang,BATCH3346,17/04/2025,28/03/2025,08/05/2025,145,204,44,53,3,0,23.06,8100,8.85,92.24,49,4,$3.73,$4.00,$760.41,3.39,8,0.7618,FIFO,Expiring Soon,-1,30/08/2025,-5.61%,77.22%,No Notes,Medium,104,In Stock,Critical,FALSE,FALSE,0,Medium Risk,41.25931373,Fast Moving,0.113039216,0.95,Low,0,0.95,A - Good,202.6218382,High Variation (~206),0
SKU0376,Pantry Product 91,Pantry,A,S006,PT Frozen Express,WHJKT,Jakarta - Cengkareng,BATCH5481,08/09/2025,26/08/2025,21/03/2029,1,306,39,24,0,0,27.34,9050,11.19,273.4,146,10,$6.99,$7.00,"$2,139.95",2.68,10,0.8738,FIFO,Low Stock,0,28/06/2025,-8.75%,92.04%,No Notes,Low,243,In Stock,Low,FALSE,FALSE,0,Low Risk,32.61143791,Fast Moving,0.089346405,1.26,Low,0,1.26,A - Good,213.1579776,Very Uneven (~213+),0
SKU0377,Frozen Product 391,Frozen,B,S002,PT Indo Fresh,WHBDG,Bandung - Rancaekek,BATCH8035,05/04/2025,11/03/2025,21/01/2026,157,470,95,62,0,0,37.77,1375,12.44,113.31,66,3,$4.18,$3.88,"$1,965.07",2.41,11,0.908,FEFO,In Stock,-1,10/07/2025,5.89%,73.17%,No Notes,Low,313,In Stock,Low,FALSE,FALSE,0,Low Risk,29.33202128,Fast Moving,0.080361702,0.28,Low,0,0.28,A - Good,192.2676003,Moderate Imbalance (~192),0
SKU0378,Fresh Product 103,Fresh Produce,C,S006,PT Frozen Express,WHJKT,Jakarta - Cengkareng,BATCH4122,19/06/2025,18/06/2025,30/06/2025,82,118,23,19,2,2,12.56,4580,9.39,87.92,45,7,$1.29,$1.28,$152.48,3.19,5,0.7702,FIFO,Low Stock,0,21/06/2025,-6.34%,64.66%,No Notes,Medium,74,In Stock,Critical,FALSE,FALSE,0,Medium Risk,38.85084746,Fast Moving,0.106440678,1.61,Low,0,1.61,A - Good,213.1579776,Very Uneven (~213+),0
SKU0379,Meat Product 450,Meat,C,S006,PT Frozen Express,WHSBY,Surabaya - Sidoarjo,BATCH7284,07/08/2025,06/07/2025,15/08/2025,33,78,16,11,3,2,9.95,2960,7.84,29.85,24,3,$10.11,$9.73,$788.81,3.83,2,0.7311,FEFO,Expiring Soon,0,19/08/2025,2.19%,71.92%,Seasonal SKU,Medium,48,Low,Critical,FALSE,FALSE,0,Medium Risk,46.56089744,Fast Moving,0.127564103,0.81,Low,0,0.81,A - Good,199.2482854,High Variation (~206),0
SKU0380,Meat Product 149,Meat,A,S008,PT Hygienic Supplies,WHDPS,Denpasar - Tabanan,BATCH6535,10/04/2025,14/03/2025,01/05/2025,152,252,83,50,4,1,27.11,9680,9.3,108.44,57,4,$8.67,$7.99,"$2,185.39",3.23,10,0.9873,FIFO,Expiring Soon,0,28/07/2025,-6.18%,97.55%,No Notes,Medium,115,In Stock,Critical,FALSE,FALSE,0,Medium Risk,39.26646825,Fast Moving,0.107579365,0.05,Low,0,0.05,A - Good,206.5718724,High Variation (~206),0
SKU0381,Frozen Product 385,Frozen,B,S004,PT Nusantara Supplier,WHBDG,Bandung - Rancaekek,BATCH4742,29/05/2025,15/05/2025,29/11/2025,103,300,23,17,0,0,21.6,5560,13.89,64.8,34,3,$5.64,$6.48,"$1,693.05",2.16,7,0.7916,FIFO,In Stock,-1,13/08/2025,3.58%,91.88%,No Notes,Low,260,In Stock,Low,FALSE,FALSE,0,Low Risk,26.28,Fast Moving,0.072,0.63,Low,0,0.63,A - Good,192.2676003,Moderate Imbalance (~192),0
SKU0382,Pantry Product 87,Pantry,A,S002,PT Indo Fresh,WHSBY,Surabaya - Sidoarjo,BATCH7147,27/03/2025,30/01/2025,11/06/2026,166,292,36,5,2,0,21.04,5800,13.88,21.04,12,1,$9.35,$10.07,"$2,730.55",2.16,8,0.9,FEFO,In Stock,-4,03/07/2025,-7.71%,69.18%,No Notes,Low,249,In Stock,Low,FALSE,FALSE,0,Low Risk,26.3,Fast Moving,0.072054795,0.1,Low,0,0.1,A - Good,199.2482854,High Variation (~206),0
SKU0383,Pantry Product 25,Pantry,A,S002,PT Indo Fresh,WHJKT,Jakarta - Cengkareng,BATCH2897,28/08/2025,02/08/2025,10/07/2030,12,256,28,45,1,0,14.92,5100,17.16,29.84,18,2,$8.71,$8.49,"$2,229.56",1.75,2,0.7451,FEFO,In Stock,3,23/07/2025,2.76%,61.53%,Promotional item,Low,182,In Stock,Low,FALSE,FALSE,0,Low Risk,21.27265625,Fast Moving,0.05828125,0.51,Low,0,0.51,A - Good,213.1579776,Very Uneven (~213+),0
SKU0384,Frozen Product 79,Frozen,C,S004,PT Nusantara Supplier,WHJKT,Jakarta - Cengkareng,BATCH2654,24/06/2025,13/05/2025,07/04/2026,77,345,76,37,0,1,49.8,1725,6.93,348.6,175,7,$1.48,$1.59,$511.60,4.33,20,0.9017,FEFO,Low Stock,1,22/06/2025,-7.59%,82.13%,No Notes,Medium,232,In Stock,Critical,TRUE,TRUE,0.07,Medium Risk,52.68695652,Very Fast Moving,0.144347826,0.69,Low,0.07,0.76,A - Good,213.1579776,Very Uneven (~213+),8.14
SKU0385,Dairy Product 426,Dairy,C,S002,PT Indo Fresh,WHDPS,Denpasar - Tabanan,BATCH5631,04/04/2025,28/03/2025,14/04/2025,158,511,60,64,1,0,56.06,1193,9.12,560.6,289,10,$0.81,$0.79,$413.45,3.29,18,0.866,FIFO,Low Stock,4,08/07/2025,-6.85%,81.20%,No Notes,Medium,386,In Stock,Critical,TRUE,TRUE,0.88,Medium Risk,40.04285714,Fast Moving,0.109706458,1.34,Low,0.88,2.22,A - Good,206.5718724,High Variation (~206),9.76
SKU0386,Dairy Product 135,Dairy,C,S009,PT Beverage Nusantara,WHBDG,Bandung - Rancaekek,BATCH7713,10/06/2025,23/05/2025,09/07/2025,91,246,47,24,1,2,19.82,5320,12.41,79.28,46,4,$1.80,$1.81,$443.49,2.42,5,0.7016,FIFO,Expiring Soon,2,04/09/2025,-9.91%,64.22%,No Notes,Low,174,In Stock,Low,FALSE,FALSE,0,Low Risk,29.40772358,Fast Moving,0.080569106,1.19,Low,0,1.19,A - Good,192.2676003,Moderate Imbalance (~192),0
SKU0387,Personal Product 353,Personal Care,B,S008,PT Hygienic Supplies,WHSBY,Surabaya - Sidoarjo,BATCH1208,11/07/2025,30/05/2025,16/07/2026,60,145,62,7,2,0,16.85,4300,8.61,84.25,45,5,$8.40,$9.48,"$1,218.48",3.49,6,0.941,FIFO,In Stock,4,26/08/2025,5.96%,97.28%,No Notes,Medium,74,In Stock,Critical,FALSE,FALSE,0,Medium Risk,42.41551724,Fast Moving,0.116206897,0.3,Low,0,0.3,A - Good,199.2482854,High Variation (~206),0
SKU0388,Beverages Product 77,Beverages,C,S002,PT Indo Fresh,WHDPS,Denpasar - Tabanan,BATCH5192,21/08/2025,11/07/2025,16/03/2027,19,1,27,30,1,1,66.4,1435,0.02,66.4,40,1,$0.31,$0.29,$311.89,1.97,25,0.7666,FIFO,In Stock,3,13/07/2025,7.71%,65.36%,No Notes,Low,-57,Out of Stock,Critical,TRUE,TRUE,0.98,High Risk,24236,Very Fast Moving,66.4,0.23,Low,0.98,1.21,A - Good,206.5718724,High Variation (~206),9.96
SKU0389,Meat Product 238,Meat,C,S001,PT Segar Makmur,WHJKT,Jakarta - Cengkareng,BATCH5760,27/07/2025,04/07/2025,02/08/2025,44,358,75,64,1,0,29.47,1065,12.15,88.41,48,3,$1.76,$1.89,$631.51,2.47,8,0.7593,FEFO,Expiring Soon,0,17/07/2025,-8.58%,83.47%,No Notes,Low,218,In Stock,Low,FALSE,FALSE,0,Low Risk,30.04622905,Fast Moving,0.082318436,0.72,Low,0,0.72,A - Good,213.1579776,Very Uneven (~213+),0
SKU0390,Fresh Product 389,Fresh Produce,C,S001,PT Segar Makmur,WHJKT,Jakarta - Cengkareng,BATCH3793,05/08/2025,15/07/2025,18/08/2025,35,337,20,7,0,0,30.33,7310,11.11,30.33,17,1,$0.69,$0.79,$233.54,2.7,6,0.8006,FEFO,Expiring Soon,0,15/07/2025,8.60%,62.25%,No Notes,Low,310,In Stock,Low,FALSE,FALSE,0,Low Risk,32.85,Fast Moving,0.09,0.2,Low,0,0.2,A - Good,213.1579776,Very Uneven (~213+),0
SKU0391,Meat Product 376,Meat,A,S002,PT Indo Fresh,WHSBY,Surabaya - Sidoarjo,BATCH2865,14/06/2025,20/05/2025,24/06/2025,87,365,26,58,3,2,29.04,7590,12.57,290.4,151,10,$7.21,$7.26,"$2,630.63",2.39,7,0.9595,FEFO,Low Stock,5,13/07/2025,-7.47%,66.46%,No Notes,Low,278,In Stock,Low,FALSE,FALSE,0,Low Risk,29.04,Fast Moving,0.079561644,0.4,Low,0,0.4,A - Good,199.2482854,High Variation (~206),0
SKU0392,Bakery Product 436,Bakery,C,S008,PT Hygienic Supplies,WHMDN,Medan - Deli Serdang,BATCH2852,27/03/2025,19/03/2025,30/03/2025,166,628,100,75,4,2,51.99,2027,12.08,363.93,188,7,$0.66,$0.65,$413.10,2.48,17,0.8847,FIFO,Expiring Soon,3,20/08/2025,7.84%,92.05%,Temperature controlled,Low,449,In Stock,Low,FALSE,FALSE,0,Low Risk,30.21711783,Fast Moving,0.082786624,0.81,Low,0,0.81,A - Good,202.6218382,High Variation (~206),0
SKU0393,Frozen Product 292,Frozen,B,S008,PT Hygienic Supplies,WHBDG,Bandung - Rancaekek,BATCH6875,06/04/2025,26/02/2025,08/01/2026,156,238,63,114,0,0,33.24,1042,7.16,132.96,68,4,$5.93,$6.20,"$1,410.72",4.19,12,0.8956,FIFO,In Stock,0,14/06/2025,-2.24%,76.09%,No Notes,Medium,61,In Stock,Critical,FALSE,FALSE,0,Medium Risk,50.97731092,Very Fast Moving,0.139663866,0.42,Low,0,0.42,A - Good,192.2676003,Moderate Imbalance (~192),0
SKU0394,Beverages Product 457,Beverages,A,S003,PT Prima Distribusi,WHMDN,Medan - Deli Serdang,BATCH7738,08/05/2025,10/04/2025,25/12/2026,124,321,54,67,0,1,27.28,6050,11.77,27.28,21,1,$6.85,$7.48,"$2,198.79",2.55,12,0.7005,FIFO,In Stock,-5,01/09/2025,9.39%,81.95%,No Notes,Low,200,In Stock,Low,FALSE,FALSE,0,Low Risk,31.01931464,Fast Moving,0.084984424,0.3,Low,0,0.3,A - Good,202.6218382,High Variation (~206),0
SKU0395,Seafood Product 361,Seafood,B,S009,PT Beverage Nusantara,WHDPS,Denpasar - Tabanan,BATCH6542,18/04/2025,16/03/2025,24/04/2025,144,95,29,22,0,0,10.98,4250,8.65,32.94,20,3,$8.80,$8.48,$836.27,3.47,3,0.7189,FIFO,Expiring Soon,-2,16/07/2025,-5.44%,71.73%,No Notes,Medium,44,Low,Critical,FALSE,FALSE,0,Medium Risk,42.18631579,Fast Moving,0.115578947,0.84,Low,0,0.84,A - Good,206.5718724,High Variation (~206),0
SKU0396,Meat Product 178,Meat,A,S007,PT Bakerindo,WHBDG,Bandung - Rancaekek,BATCH1190,20/04/2025,10/03/2025,26/04/2025,142,336,15,59,1,1,38.54,9910,8.72,115.62,63,3,$10.56,$9.64,"$3,546.68",3.44,12,0.7821,FIFO,Expiring Soon,0,07/07/2025,0.86%,97.43%,No Notes,Medium,261,In Stock,Critical,FALSE,FALSE,0,Medium Risk,41.86636905,Fast Moving,0.114702381,0.65,Low,0,0.65,A - Good,192.2676003,Moderate Imbalance (~192),0
SKU0397,Household Product 446,Household,A,S003,PT Prima Distribusi,WHJKT,Jakarta - Cengkareng,BATCH4946,07/05/2025,16/04/2025,22/02/2028,125,150,28,22,2,0,13.09,5090,11.46,26.18,21,2,$17.98,$20.48,"$2,697.18",2.62,4,0.7649,FEFO,In Stock,1,03/09/2025,-3.40%,69.60%,No Notes,Low,98,In Stock,Low,FALSE,FALSE,0,Low Risk,31.85233333,Fast Moving,0.087266667,0.47,Low,0,0.47,A - Good,213.1579776,Very Uneven (~213+),0
SKU0398,Pantry Product 194,Pantry,C,S007,PT Bakerindo,WHBDG,Bandung - Rancaekek,BATCH8277,20/08/2025,30/06/2025,17/03/2029,20,144,26,13,1,0,13.86,3960,10.39,69.3,40,5,$4.44,$4.17,$640.01,2.89,2,0.9254,FEFO,In Stock,0,29/08/2025,-2.16%,72.03%,No Notes,Low,104,In Stock,Low,FALSE,FALSE,0,Low Risk,35.13125,Fast Moving,0.09625,0.37,Low,0,0.37,A - Good,192.2676003,Moderate Imbalance (~192),0
SKU0399,Frozen Product 61,Frozen,C,S008,PT Hygienic Supplies,WHJKT,Jakarta - Cengkareng,BATCH7755,14/08/2025,12/08/2025,24/05/2026,26,392,126,32,1,0,46.84,1803,8.37,46.84,24,1,$1.13,$1.10,$441.51,3.58,19,0.8759,FIFO,In Stock,-5,29/08/2025,-1.51%,65.83%,No Notes,Medium,233,In Stock,Critical,FALSE,FALSE,0,Medium Risk,43.61377551,Fast Moving,0.119489796,0.12,Low,0,0.12,A - Good,213.1579776,Very Uneven (~213+),0
SKU0400,Personal Product 327,Personal Care,A,S005,PT Agro Raya,WHDPS,Denpasar - Tabanan,BATCH8474,19/04/2025,18/02/2025,16/06/2027,143,95,7,19,1,0,7.91,2360,12.01,15.82,17,2,$22.92,$23.40,"$2,177.76",2.5,2,0.8438,FEFO,In Stock,3,25/07/2025,-4.73%,90.17%,No Notes,Low,68,In Stock,Low,FALSE,FALSE,0,Low Risk,30.39105263,Fast Moving,0.083263158,0.31,Low,0,0.31,A - Good,206.5718724,High Variation (~206),0
SKU0401,Household Product 433,Household,A,S008,PT Hygienic Supplies,WHSBY,Surabaya - Sidoarjo,BATCH8751,19/04/2025,05/03/2025,09/10/2029,143,180,6,0,2,1,11.07,2580,16.26,44.28,26,4,$14.10,$16.06,"$2,538.74",1.85,6,0.986,FEFO,In Stock,-5,14/07/2025,4.68%,92.65%,High return rate,Low,172,In Stock,Low,FALSE,FALSE,0,Low Risk,22.4475,Fast Moving,0.0615,0.06,Low,0,0.06,A - Good,199.2482854,High Variation (~206),0
SKU0402,Fresh Product 182,Fresh Produce,C,S005,PT Agro Raya,WHDPS,Denpasar - Tabanan,BATCH2741,29/04/2025,27/04/2025,07/05/2025,133,320,68,4,2,0,31.81,9460,10.06,63.62,41,2,$2.41,$2.27,$771.58,2.98,11,0.816,FIFO,Expiring Soon,-2,08/07/2025,7.95%,80.60%,Fragile,Low,246,In Stock,Low,FALSE,FALSE,0,Low Risk,36.28328125,Fast Moving,0.09940625,0.37,Low,0,0.37,A - Good,206.5718724,High Variation (~206),0
SKU0403,Fresh Product 313,Fresh Produce,C,S004,PT Nusantara Supplier,WHBDG,Bandung - Rancaekek,BATCH4532,10/08/2025,12/07/2025,19/08/2025,30,335,41,45,0,0,26.52,6070,12.63,53.04,32,2,$1.15,$1.12,$386.29,2.37,11,0.9736,FIFO,Expiring Soon,-1,28/07/2025,-5.68%,60.71%,Fragile,Low,249,In Stock,Low,FALSE,FALSE,0,Low Risk,28.89492537,Fast Moving,0.079164179,0.05,Low,0,0.05,A - Good,192.2676003,Moderate Imbalance (~192),0
SKU0404,Fresh Product 325,Fresh Produce,C,S010,PT DailyDairy,WHJKT,Jakarta - Cengkareng,BATCH9260,17/05/2025,09/05/2025,27/05/2025,115,539,64,51,2,0,32.51,9270,16.58,97.53,55,3,$0.45,$0.48,$240.29,1.81,20,0.7044,FEFO,Expiring Soon,0,09/09/2025,-5%,94.62%,No Notes,Low,422,In Stock,Low,FALSE,FALSE,0,Low Risk,22.01512059,Fast Moving,0.060315399,0.89,Low,0,0.89,A - Good,213.1579776,Very Uneven (~213+),0
SKU0405,Fresh Product 479,Fresh Produce,C,S007,PT Bakerindo,WHDPS,Denpasar - Tabanan,BATCH3903,09/05/2025,26/03/2025,20/05/2025,123,800,52,1,1,0,79.7,2452,10.04,557.9,286,7,$0.65,$0.66,$523.52,2.99,33,0.9794,FIFO,Low Stock,2,24/08/2025,-0.66%,97.18%,Temperature controlled,Low,746,In Stock,Low,FALSE,FALSE,0,Low Risk,36.363125,Fast Moving,0.099625,0.14,Low,0,0.14,A - Good,206.5718724,High Variation (~206),0
SKU0406,Pantry Product 165,Pantry,B,S009,PT Beverage Nusantara,WHMDN,Medan - Deli Serdang,BATCH5067,25/05/2025,08/05/2025,23/10/2029,107,129,13,74,1,0,26.73,6640,4.83,106.92,54,4,$7.72,$7.82,$996.10,6.22,10,0.8216,FEFO,Low Stock,-6,28/07/2025,-1.20%,67.48%,No Notes,Medium,41,Low,Critical,FALSE,FALSE,0,High Risk,75.63139535,Very Fast Moving,0.207209302,0.71,Low,0,0.71,A - Good,202.6218382,High Variation (~206),0
SKU0407,Frozen Product 69,Frozen,C,S003,PT Prima Distribusi,WHMDN,Medan - Deli Serdang,BATCH9393,08/04/2025,20/03/2025,02/04/2026,154,465,99,16,2,0,25.9,5720,17.95,51.8,29,2,$1.25,$1.42,$580.92,1.67,5,0.9384,FEFO,In Stock,1,01/07/2025,-7.28%,72.37%,No Notes,Low,348,In Stock,Low,FALSE,FALSE,0,Low Risk,20.33010753,Fast Moving,0.055698925,0.12,Low,0,0.12,A - Good,202.6218382,High Variation (~206),0
SKU0408,Dairy Product 320,Dairy,C,S005,PT Agro Raya,WHSBY,Surabaya - Sidoarjo,BATCH3913,21/03/2025,17/02/2025,01/04/2025,172,514,8,34,0,0,37.55,1406,13.69,75.1,40,2,$1.36,$1.41,$700.99,2.19,13,0.8851,FEFO,Expiring Soon,0,11/06/2025,-9.51%,75.80%,Promotional item,Low,472,In Stock,Low,FALSE,FALSE,0,Low Risk,26.66488327,Fast Moving,0.073054475,0.23,Low,0,0.23,A - Good,199.2482854,High Variation (~206),0
SKU0409,Pantry Product 299,Pantry,A,S010,PT DailyDairy,WHMDN,Medan - Deli Serdang,BATCH5684,21/03/2025,24/01/2025,18/03/2029,172,228,44,37,1,3,19.8,7330,11.52,39.6,25,2,$11.83,$13.03,"$2,697.42",2.61,11,0.7633,FEFO,In Stock,2,08/09/2025,-4.21%,92.12%,No Notes,Low,146,In Stock,Low,FALSE,FALSE,0,Low Risk,31.69736842,Fast Moving,0.086842105,0.47,Low,0,0.47,A - Good,202.6218382,High Variation (~206),0
SKU0410,Fresh Product 75,Fresh Produce,C,S001,PT Segar Makmur,WHJKT,Jakarta - Cengkareng,BATCH3636,20/07/2025,02/07/2025,27/07/2025,51,321,33,31,0,0,26.31,6890,12.2,78.93,46,3,$1.08,$1.10,$347.68,2.46,11,0.9293,FEFO,Expiring Soon,-4,22/08/2025,-1.04%,66.09%,No Notes,Low,257,In Stock,Low,FALSE,FALSE,0,Low Risk,29.91635514,Fast Moving,0.081962617,0.21,Low,0,0.21,A - Good,213.1579776,Very Uneven (~213+),0
SKU0411,Beverages Product 152,Beverages,B,S004,PT Nusantara Supplier,WHDPS,Denpasar - Tabanan,BATCH8415,01/09/2025,26/08/2025,04/09/2028,8,296,26,36,1,1,37.4,8330,7.91,187,98,5,$6.69,$7.37,"$1,980.33",3.79,11,0.9677,FIFO,In Stock,4,19/06/2025,-4.94%,61.00%,No Notes,Medium,233,In Stock,Critical,FALSE,FALSE,0,Medium Risk,46.11824324,Fast Moving,0.126351351,0.16,Low,0,0.16,A - Good,206.5718724,High Variation (~206),0
SKU0412,Meat Product 402,Meat,A,S005,PT Agro Raya,WHJKT,Jakarta - Cengkareng,BATCH7825,04/06/2025,15/04/2025,21/06/2025,97,209,30,10,0,1,20.64,4940,10.13,20.64,18,1,$10.39,$11.35,"$2,171.01",2.96,3,0.7546,FEFO,Expiring Soon,3,01/07/2025,-2.98%,76.56%,Promotional item,Low,169,In Stock,Low,FALSE,FALSE,0,Low Risk,36.04593301,Fast Moving,0.098755981,0.25,Low,0,0.25,A - Good,213.1579776,Very Uneven (~213+),0
SKU0413,Dairy Product 445,Dairy,C,S008,PT Hygienic Supplies,WHBDG,Bandung - Rancaekek,BATCH7025,31/03/2025,11/02/2025,29/04/2025,162,225,57,0,0,1,22.47,7810,10.01,44.94,30,2,$1.16,$1.09,$261.79,3,8,0.7599,FIFO,Expiring Soon,3,16/08/2025,0.14%,69.81%,No Notes,Low,168,In Stock,Low,FALSE,FALSE,0,Low Risk,36.45133333,Fast Moving,0.099866667,0.48,Low,0,0.48,A - Good,192.2676003,Moderate Imbalance (~192),0
SKU0414,Dairy Product 350,Dairy,B,S002,PT Indo Fresh,WHBDG,Bandung - Rancaekek,BATCH9418,27/07/2025,20/07/2025,26/08/2025,44,776,36,111,0,1,51.21,146,15.15,153.63,80,3,$2.09,$2.00,"$1,618.89",1.98,18,0.8721,FEFO,Expiring Soon,4,04/09/2025,2.55%,74.65%,No Notes,Low,629,In Stock,Low,FALSE,FALSE,0,Low Risk,24.08717784,Fast Moving,0.065992268,0.38,Low,0,0.38,A - Good,192.2676003,Moderate Imbalance (~192),0
SKU0415,Pantry Product 67,Pantry,C,S003,PT Prima Distribusi,WHDPS,Denpasar - Tabanan,BATCH6415,06/07/2025,07/06/2025,17/07/2026,65,100,61,39,1,0,20.01,4270,5,140.07,79,7,$1.20,$1.26,$120.49,6,7,0.9035,FIFO,Low Stock,-1,04/09/2025,7.07%,87.83%,No Notes,Medium,-1,Out of Stock,Critical,TRUE,TRUE,2,High Risk,73.0365,Very Fast Moving,0.2001,0.68,Low,2,2.68,A - Good,206.5718724,High Variation (~206),12
SKU0416,Seafood Product 27,Seafood,C,S010,PT DailyDairy,WHSBY,Surabaya - Sidoarjo,BATCH2194,07/05/2025,18/03/2025,15/05/2025,125,81,14,13,0,1,4.61,1340,17.57,32.27,22,7,$8.26,$9.14,$669.38,1.71,3,0.729,FEFO,Expiring Soon,0,04/07/2025,4.47%,86.29%,No Notes,Low,54,In Stock,Low,FALSE,FALSE,0,Low Risk,20.77345679,Fast Moving,0.05691358,1.9,Low,0,1.9,A - Good,199.2482854,High Variation (~206),0
SKU0417,Dairy Product 35,Dairy,B,S009,PT Beverage Nusantara,WHBDG,Bandung - Rancaekek,BATCH9798,26/05/2025,01/05/2025,19/06/2025,106,405,53,20,0,0,34.93,1257,11.59,34.93,23,1,$3.73,$4.01,"$1,512.19",2.59,13,0.7413,FIFO,Expiring Soon,2,27/07/2025,-3.78%,97.26%,No Notes,Low,332,In Stock,Low,FALSE,FALSE,0,Low Risk,31.48012346,Fast Moving,0.086246914,0.26,Low,0,0.26,A - Good,192.2676003,Moderate Imbalance (~192),0
SKU0418,Dairy Product 170,Dairy,B,S006,PT Frozen Express,WHSBY,Surabaya - Sidoarjo,BATCH9691,26/06/2025,27/05/2025,09/07/2025,75,462,63,79,2,0,35.98,7740,12.84,143.92,80,4,$1.83,$1.70,$845.78,2.34,14,0.7326,FIFO,Expiring Soon,2,26/08/2025,-7.05%,90.59%,No Notes,Low,318,In Stock,Low,FALSE,FALSE,0,Low Risk,28.42575758,Fast Moving,0.077878788,1.07,Low,0,1.07,A - Good,199.2482854,High Variation (~206),0
SKU0419,Frozen Product 464,Frozen,A,S010,PT DailyDairy,WHDPS,Denpasar - Tabanan,BATCH6258,09/07/2025,15/06/2025,15/01/2026,62,428,176,110,0,0,42.28,1494,10.12,126.84,67,3,$7.03,$7.61,"$3,010.85",2.96,17,0.923,FIFO,In Stock,0,22/07/2025,-7.85%,62.39%,No Notes,Low,142,In Stock,Low,FALSE,FALSE,0,Low Risk,36.05654206,Fast Moving,0.098785047,0.23,Low,0,0.23,A - Good,206.5718724,High Variation (~206),0
SKU0420,Beverages Product 13,Beverages,B,S009,PT Beverage Nusantara,WHSBY,Surabaya - Sidoarjo,BATCH8300,01/05/2025,31/03/2025,07/03/2029,131,184,18,8,1,0,13.23,4620,13.91,92.61,50,7,$7.72,$7.49,"$1,420.88",2.16,3,0.8006,FIFO,In Stock,-2,03/08/2025,-2.03%,93.25%,No Notes,Low,157,In Stock,Low,FALSE,FALSE,0,Low Risk,26.24429348,Fast Moving,0.071902174,1.4,Low,0,1.4,A - Good,199.2482854,High Variation (~206),0
SKU0421,Dairy Product 264,Dairy,C,S002,PT Indo Fresh,WHJKT,Jakarta - Cengkareng,BATCH9736,29/07/2025,29/07/2025,22/08/2025,42,217,45,22,2,1,13.95,3130,15.56,27.9,20,2,$3.31,$3.04,$718.68,1.93,8,0.8633,FIFO,Expiring Soon,4,14/08/2025,-7.67%,76.32%,No Notes,Low,148,In Stock,Low,FALSE,FALSE,0,Low Risk,23.46428571,Fast Moving,0.064285714,0.27,Low,0,0.27,A - Good,213.1579776,Very Uneven (~213+),0
SKU0422,Beverages Product 443,Beverages,C,S007,PT Bakerindo,WHJKT,Jakarta - Cengkareng,BATCH8130,19/07/2025,08/06/2025,24/07/2029,52,859,129,129,1,0,70.26,2679,12.23,140.52,73,2,$0.29,$0.31,$248.08,2.45,23,0.714,FIFO,In Stock,3,14/06/2025,1.17%,90.05%,No Notes,Low,600,In Stock,Low,FALSE,FALSE,0,Low Risk,29.85436554,Fast Moving,0.081792782,0.57,Low,0,0.57,A - Good,213.1579776,Very Uneven (~213+),0
SKU0423,Frozen Product 170,Frozen,C,S001,PT Segar Makmur,WHJKT,Jakarta - Cengkareng,BATCH3916,22/08/2025,03/07/2025,03/03/2026,18,187,34,40,1,1,14.04,3160,13.32,42.12,30,3,$1.29,$1.32,$240.97,2.25,3,0.9398,FEFO,In Stock,7,30/06/2025,1.59%,61.99%,High return rate,Low,112,In Stock,Low,FALSE,FALSE,0,Low Risk,27.40427807,Fast Moving,0.075080214,0.18,Low,0,0.18,A - Good,213.1579776,Very Uneven (~213+),0
SKU0424,Personal Product 209,Personal Care,C,S007,PT Bakerindo,WHMDN,Medan - Deli Serdang,BATCH8094,01/04/2025,12/03/2025,07/07/2028,161,210,27,7,1,0,16.81,3660,12.49,50.43,34,3,$1.26,$1.29,$264.64,2.4,3,0.8536,FIFO,In Stock,0,22/07/2025,6.16%,70.70%,No Notes,Low,175,In Stock,Low,FALSE,FALSE,0,Low Risk,29.21738095,Fast Moving,0.080047619,0.44,Low,0,0.44,A - Good,202.6218382,High Variation (~206),0
SKU0425,Pantry Product 329,Pantry,B,S010,PT DailyDairy,WHJKT,Jakarta - Cengkareng,BATCH2189,13/04/2025,22/03/2025,15/07/2026,149,244,60,5,1,0,17.74,5380,13.75,53.22,36,3,$6.06,$5.50,"$1,478.40",2.18,7,0.7649,FIFO,In Stock,-5,03/08/2025,-2.06%,91.13%,No Notes,Low,178,In Stock,Low,FALSE,FALSE,0,Low Risk,26.53729508,Fast Moving,0.072704918,0.71,Low,0,0.71,A - Good,213.1579776,Very Uneven (~213+),0
SKU0426,Seafood Product 45,Seafood,B,S005,PT Agro Raya,WHMDN,Medan - Deli Serdang,BATCH1504,04/06/2025,05/05/2025,13/06/2025,97,323,70,44,2,0,27.75,7160,11.64,83.25,44,3,$4.62,$4.47,"$1,490.71",2.58,13,0.8844,FIFO,Expiring Soon,-7,03/07/2025,8.61%,79.55%,No Notes,Low,207,In Stock,Low,FALSE,FALSE,0,Low Risk,31.35835913,Fast Moving,0.085913313,0.35,Low,0,0.35,A - Good,202.6218382,High Variation (~206),0
SKU0427,Beverages Product 408,Beverages,A,S009,PT Beverage Nusantara,WHSBY,Surabaya - Sidoarjo,BATCH5883,31/03/2025,16/02/2025,20/01/2027,162,768,125,199,0,1,80.64,253,9.52,80.64,44,1,$6.86,$6.67,"$5,269.48",3.15,25,0.7399,FEFO,In Stock,0,08/09/2025,-8.28%,90.10%,No Notes,Medium,444,In Stock,Critical,FALSE,FALSE,0,Medium Risk,38.325,Fast Moving,0.105,0.26,Low,0,0.26,A - Good,199.2482854,High Variation (~206),0
SKU0428,Pantry Product 64,Pantry,C,S001,PT Segar Makmur,WHJKT,Jakarta - Cengkareng,BATCH7456,16/04/2025,13/03/2025,19/08/2029,146,40,13,8,2,3,5.2,1470,7.69,15.6,15,3,$4.58,$4.40,$183.28,3.9,2,0.8173,FIFO,In Stock,0,01/08/2025,-9.16%,84.47%,No Notes,Medium,17,Low,Critical,FALSE,FALSE,0,Medium Risk,47.45,Fast Moving,0.13,0.55,Low,0,0.55,A - Good,213.1579776,Very Uneven (~213+),0
SKU0429,Beverages Product 372,Beverages,A,S006,PT Frozen Express,WHBDG,Bandung - Rancaekek,BATCH9397,27/05/2025,18/05/2025,08/01/2030,105,1,319,166,2,0,88.26,2731,0.01,176.52,92,2,$3.54,$3.85,"$3,907.39",2.4,27,0.8821,FIFO,In Stock,0,17/08/2025,0.42%,85.12%,No Notes,Low,-486,Out of Stock,Critical,TRUE,TRUE,1.99,High Risk,32214.9,Very Fast Moving,88.26,0.24,Low,1.99,2.23,A - Good,192.2676003,Moderate Imbalance (~192),11.98
SKU0430,Household Product 100,Household,C,S002,PT Indo Fresh,WHBDG,Bandung - Rancaekek,BATCH1891,22/03/2025,27/01/2025,26/05/2029,171,47,12,4,0,1,4.77,1550,9.85,14.31,16,3,$8.40,$7.69,$394.60,3.04,2,0.8936,FEFO,In Stock,4,19/06/2025,6.68%,91.10%,No Notes,Medium,31,Low,Critical,FALSE,FALSE,0,Medium Risk,37.04361702,Fast Moving,0.101489362,0.32,Low,0,0.32,A - Good,192.2676003,Moderate Imbalance (~192),0
SKU0431,Meat Product 35,Meat,C,S005,PT Agro Raya,WHJKT,Jakarta - Cengkareng,BATCH6420,21/07/2025,29/06/2025,10/08/2025,50,160,6,5,0,0,14.09,4070,11.36,42.27,22,3,$3.71,$3.83,$593.57,2.64,7,0.7141,FIFO,Expiring Soon,-1,16/06/2025,-3.03%,61.15%,No Notes,Low,149,In Stock,Low,FALSE,FALSE,0,Low Risk,32.1428125,Fast Moving,0.0880625,0.86,Low,0,0.86,A - Good,213.1579776,Very Uneven (~213+),0
SKU0432,Fresh Product 318,Fresh Produce,C,S002,PT Indo Fresh,WHBDG,Bandung - Rancaekek,BATCH8383,20/06/2025,30/05/2025,30/06/2025,81,213,17,30,1,3,17.55,6670,12.14,35.1,27,2,$0.72,$0.82,$153.64,2.47,10,0.719,FEFO,Expiring Soon,0,13/06/2025,6.28%,76.83%,No Notes,Low,165,In Stock,Low,FALSE,FALSE,0,Low Risk,30.07394366,Fast Moving,0.082394366,0.56,Low,0,0.56,A - Good,192.2676003,Moderate Imbalance (~192),0
SKU0433,Pantry Product 187,Pantry,C,S006,PT Frozen Express,WHMDN,Medan - Deli Serdang,BATCH6131,28/07/2025,13/07/2025,06/08/2026,43,19,0,3,4,2,1.68,430,11.31,3.36,8,2,$6.21,$6.29,$118.08,2.65,1,0.9235,FIFO,In Stock,7,19/06/2025,0.03%,64.57%,No Notes,Low,12,Low,Low,FALSE,FALSE,0,Low Risk,32.27368421,Fast Moving,0.088421053,0.15,Low,0,0.15,A - Good,202.6218382,High Variation (~206),0
SKU0434,Household Product 69,Household,C,S006,PT Frozen Express,WHMDN,Medan - Deli Serdang,BATCH6877,14/05/2025,26/03/2025,11/11/2028,118,16,4,0,0,3,2.06,770,7.77,2.06,3,1,$4.86,$5.22,$77.74,3.86,2,0.7908,FEFO,In Stock,3,09/07/2025,3.97%,78.59%,No Notes,Medium,12,Low,Critical,FALSE,FALSE,0,Medium Risk,46.99375,Fast Moving,0.12875,0.21,Low,0,0.21,A - Good,202.6218382,High Variation (~206),0
SKU0435,Dairy Product 311,Dairy,C,S002,PT Indo Fresh,WHSBY,Surabaya - Sidoarjo,BATCH4218,05/08/2025,20/07/2025,29/08/2025,35,262,36,30,2,0,39.11,1127,6.7,78.22,42,2,$0.94,$1.07,$245.10,4.48,10,0.932,FIFO,Expiring Soon,3,31/08/2025,-4.75%,72.57%,No Notes,Medium,194,In Stock,Critical,FALSE,FALSE,0,Medium Risk,54.48530534,Very Fast Moving,0.149274809,0.14,Low,0,0.14,A - Good,199.2482854,High Variation (~206),0
SKU0436,Household Product 324,Household,B,S001,PT Segar Makmur,WHDPS,Denpasar - Tabanan,BATCH4485,14/04/2025,15/02/2025,21/07/2028,148,110,25,50,2,1,19.19,7470,5.73,38.38,24,2,$11.55,$12.73,"$1,270.28",5.23,16,0.7053,FIFO,In Stock,2,01/07/2025,9.53%,93.94%,No Notes,Medium,33,Low,Critical,FALSE,FALSE,0,Medium Risk,63.67590909,Very Fast Moving,0.174454545,0.59,Low,0,0.59,A - Good,206.5718724,High Variation (~206),0
SKU0437,Personal Product 277,Personal Care,C,S008,PT Hygienic Supplies,WHBDG,Bandung - Rancaekek,BATCH4658,08/06/2025,12/04/2025,19/08/2028,93,21,2,4,3,0,3.12,860,6.73,31.2,23,10,$13.67,$13.50,$287.00,4.46,1,0.9375,FEFO,Low Stock,4,23/08/2025,-4.70%,81.10%,No Notes,Medium,12,Low,Critical,TRUE,TRUE,3.27,Medium Risk,54.22857143,Very Fast Moving,0.148571429,0.62,Low,3.27,3.89,A - Good,192.2676003,Moderate Imbalance (~192),14.54
SKU0438,Frozen Product 204,Frozen,C,S006,PT Frozen Express,WHDPS,Denpasar - Tabanan,BATCH4913,07/09/2025,15/07/2025,22/08/2026,2,215,88,58,0,1,33.13,1179,6.49,99.39,56,3,$3.59,$4.08,$771.68,4.62,15,0.9114,FIFO,In Stock,2,06/07/2025,5.10%,86.44%,High return rate,Medium,69,In Stock,Critical,FALSE,FALSE,0,Medium Risk,56.24395349,Very Fast Moving,0.154093023,0.27,Low,0,0.27,A - Good,206.5718724,High Variation (~206),0
SKU0439,Dairy Product 486,Dairy,C,S010,PT DailyDairy,WHBDG,Bandung - Rancaekek,BATCH1662,09/05/2025,25/04/2025,27/05/2025,123,162,30,16,1,1,15.04,5540,10.77,75.2,47,5,$2.04,$2.07,$329.96,2.79,6,0.9081,FEFO,Expiring Soon,-5,11/08/2025,-2.34%,72.34%,Promotional item,Low,115,In Stock,Low,FALSE,FALSE,0,Low Risk,33.88641975,Fast Moving,0.092839506,0.46,Low,0,0.46,A - Good,192.2676003,Moderate Imbalance (~192),0
SKU0440,Meat Product 343,Meat,A,S004,PT Nusantara Supplier,WHDPS,Denpasar - Tabanan,BATCH8695,09/06/2025,12/04/2025,26/06/2025,92,297,29,33,7,1,24.26,8610,12.24,97.04,54,4,$6.89,$6.53,"$2,045.97",2.45,6,0.7728,FEFO,Expiring Soon,0,04/09/2025,-4.30%,90.07%,Promotional item,Low,228,In Stock,Low,FALSE,FALSE,0,Low Risk,29.81447811,Fast Moving,0.081683502,0.91,Low,0,0.91,A - Good,206.5718724,High Variation (~206),0
SKU0441,Fresh Product 496,Fresh Produce,C,S009,PT Beverage Nusantara,WHSBY,Surabaya - Sidoarjo,BATCH9918,04/07/2025,29/05/2025,16/07/2025,67,303,96,13,1,2,35.71,7950,8.49,142.84,75,4,$1.83,$2.05,$554.40,3.54,15,0.887,FIFO,Expiring Soon,3,23/07/2025,6.26%,82.04%,No Notes,Medium,193,In Stock,Critical,FALSE,FALSE,0,Medium Risk,43.0169967,Fast Moving,0.117854785,0.45,Low,0,0.45,A - Good,199.2482854,High Variation (~206),0
SKU0442,Bakery Product 335,Bakery,C,S002,PT Indo Fresh,WHDPS,Denpasar - Tabanan,BATCH4651,07/07/2025,04/06/2025,12/07/2025,64,308,114,48,0,1,54.2,1365,5.68,108.4,57,2,$1.50,$1.56,$462.71,5.28,15,0.7464,FEFO,Expiring Soon,1,26/07/2025,-3.98%,80.32%,No Notes,Medium,146,In Stock,Critical,FALSE,FALSE,0,Medium Risk,64.23051948,Very Fast Moving,0.175974026,0.51,Low,0,0.51,A - Good,206.5718724,High Variation (~206),0
SKU0443,Seafood Product 406,Seafood,A,S008,PT Hygienic Supplies,WHDPS,Denpasar - Tabanan,BATCH8207,08/09/2025,29/08/2025,13/09/2025,1,221,23,37,1,1,22.86,6340,9.67,45.72,29,2,$10.72,$11.89,"$2,369.72",3.1,6,0.9728,FIFO,Expiring Soon,-2,31/08/2025,-9.84%,97.40%,No Notes,Medium,160,In Stock,Critical,FALSE,FALSE,0,Medium Risk,37.75520362,Fast Moving,0.103438914,0.05,Low,0,0.05,A - Good,206.5718724,High Variation (~206),0
SKU0444,Meat Product 77,Meat,A,S003,PT Prima Distribusi,WHBDG,Bandung - Rancaekek,BATCH4773,09/06/2025,14/05/2025,17/06/2025,92,459,72,34,0,2,27.14,5920,16.91,81.42,47,3,$5.22,$4.83,"$2,395.80",1.77,10,0.957,FEFO,Expiring Soon,0,26/08/2025,-5.25%,96.88%,No Notes,Low,353,In Stock,Low,FALSE,FALSE,0,Low Risk,21.58191721,Fast Moving,0.05912854,0.13,Low,0,0.13,A - Good,192.2676003,Moderate Imbalance (~192),0
SKU0445,Frozen Product 108,Frozen,B,S010,PT DailyDairy,WHBDG,Bandung - Rancaekek,BATCH1367,28/03/2025,13/03/2025,07/01/2026,165,176,68,13,2,2,18.4,6000,9.57,55.2,36,3,$5.64,$5.25,$992.99,3.14,5,0.7023,FIFO,In Stock,0,24/08/2025,-6.63%,75.06%,No Notes,Medium,93,In Stock,Critical,FALSE,FALSE,0,Medium Risk,38.15909091,Fast Moving,0.104545455,0.89,Low,0,0.89,A - Good,192.2676003,Moderate Imbalance (~192),0
SKU0446,Dairy Product 323,Dairy,C,S009,PT Beverage Nusantara,WHJKT,Jakarta - Cengkareng,BATCH1916,16/04/2025,06/04/2025,27/04/2025,146,95,7,0,2,1,9.06,2020,10.49,45.3,29,5,$3.21,$3.56,$304.90,2.86,5,0.9803,FEFO,Expiring Soon,2,17/08/2025,1.44%,77.66%,No Notes,Low,86,In Stock,Low,FALSE,FALSE,0,Low Risk,34.80947368,Fast Moving,0.095368421,0.1,Low,0,0.1,A - Good,213.1579776,Very Uneven (~213+),0
SKU0447,Bakery Product 497,Bakery,C,S010,PT DailyDairy,WHJKT,Jakarta - Cengkareng,BATCH2404,24/03/2025,11/03/2025,28/03/2025,169,48,7,5,4,1,4.7,1260,10.21,32.9,20,7,$1.13,$1.15,$54.15,2.94,3,0.8359,FEFO,Low Stock,-2,24/06/2025,4.41%,83.19%,No Notes,Low,32,Low,Low,FALSE,FALSE,0,Low Risk,35.73958333,Fast Moving,0.097916667,1.15,Low,0,1.15,A - Good,213.1579776,Very Uneven (~213+),0
SKU0448,Household Product 88,Household,C,S004,PT Nusantara Supplier,WHMDN,Medan - Deli Serdang,BATCH3979,09/04/2025,01/03/2025,26/01/2027,153,39,4,0,0,1,2.79,760,13.98,11.16,15,4,$17.87,$16.24,$696.97,2.15,1,0.7317,FEFO,In Stock,-6,19/08/2025,1.86%,77.82%,No Notes,Low,35,Low,Low,FALSE,FALSE,0,Low Risk,26.11153846,Fast Moving,0.071538462,1.07,Low,0,1.07,A - Good,202.6218382,High Variation (~206),0
SKU0449,Seafood Product 233,Seafood,C,S010,PT DailyDairy,WHDPS,Denpasar - Tabanan,BATCH7196,23/08/2025,30/07/2025,29/08/2025,17,24,3,4,1,3,1.97,710,12.18,7.88,5,4,$3.89,$3.61,$93.44,2.46,3,0.8004,FIFO,Expiring Soon,4,27/08/2025,0.10%,62.75%,Temperature controlled,Low,16,Low,Low,FALSE,FALSE,0,Low Risk,29.96041667,Fast Moving,0.082083333,0.8,Low,0,0.8,A - Good,206.5718724,High Variation (~206),0
SKU0450,Household Product 259,Household,A,S007,PT Bakerindo,WHBDG,Bandung - Rancaekek,BATCH3906,07/04/2025,08/03/2025,21/10/2026,155,273,35,11,0,0,17.93,5530,15.23,17.93,15,1,$12.61,$12.41,"$3,441.49",1.97,7,0.8505,FIFO,In Stock,0,03/07/2025,4.36%,65.49%,No Notes,Low,227,In Stock,Low,FALSE,FALSE,0,Low Risk,23.97234432,Fast Moving,0.065677656,0.15,Low,0,0.15,A - Good,192.2676003,Moderate Imbalance (~192),0
SKU0451,Fresh Product 247,Fresh Produce,C,S003,PT Prima Distribusi,WHDPS,Denpasar - Tabanan,BATCH8069,24/04/2025,22/03/2025,27/04/2025,138,244,81,88,3,0,60.42,1517,4.04,181.26,99,3,$0.58,$0.55,$141.84,7.43,19,0.7067,FEFO,Low Stock,-7,24/07/2025,8.19%,78.63%,No Notes,Medium,72,In Stock,Critical,FALSE,FALSE,0,High Risk,90.38237705,Very Fast Moving,0.247622951,0.88,Low,0,0.88,A - Good,206.5718724,High Variation (~206),0
SKU0452,Beverages Product 220,Beverages,C,S004,PT Nusantara Supplier,WHMDN,Medan - Deli Serdang,BATCH2600,04/06/2025,08/05/2025,21/05/2028,97,162,53,5,0,0,16.95,4140,9.56,237.3,121,14,$2.10,$2.34,$340.52,3.14,5,0.8756,FIFO,Low Stock,-6,08/08/2025,3.76%,76.80%,No Notes,Medium,104,In Stock,Critical,TRUE,TRUE,4.44,Medium Risk,38.18981481,Fast Moving,0.10462963,1.74,Low,4.44,6.18,A - Good,202.6218382,High Variation (~206),16.88
SKU0453,Meat Product 440,Meat,C,S002,PT Indo Fresh,WHSBY,Surabaya - Sidoarjo,BATCH5223,09/04/2025,28/03/2025,27/04/2025,153,21,6,3,0,1,3.81,1350,5.51,19.05,17,5,$10.66,$10.33,$223.82,5.44,1,0.897,FIFO,Low Stock,0,11/06/2025,6.02%,90.08%,No Notes,Medium,12,Low,Critical,FALSE,FALSE,0,Medium Risk,66.22142857,Very Fast Moving,0.181428571,0.51,Low,0,0.51,A - Good,199.2482854,High Variation (~206),0
SKU0454,Fresh Product 268,Fresh Produce,C,S002,PT Indo Fresh,WHDPS,Denpasar - Tabanan,BATCH4365,08/09/2025,26/07/2025,17/09/2025,1,381,35,79,0,0,43.09,1215,8.84,129.27,70,3,$0.51,$0.57,$192.63,3.39,14,0.7348,FEFO,Expiring Soon,-5,19/07/2025,-2.53%,93.08%,No Notes,Medium,267,In Stock,Critical,FALSE,FALSE,0,Medium Risk,41.28044619,Fast Moving,0.113097113,0.8,Low,0,0.8,A - Good,206.5718724,High Variation (~206),0
SKU0455,Dairy Product 334,Dairy,C,S010,PT DailyDairy,WHSBY,Surabaya - Sidoarjo,BATCH7939,05/07/2025,30/05/2025,29/07/2025,66,68,68,0,3,0,26.48,7980,2.57,132.4,72,5,$0.98,$0.98,$66.65,11.68,13,0.8628,FEFO,Low Stock,7,23/06/2025,1.60%,60.91%,No Notes,High,-3,Out of Stock,Critical,TRUE,TRUE,2.43,High Risk,142.1352941,Very Fast Moving,0.389411765,0.69,Low,2.43,3.12,A - Good,199.2482854,High Variation (~206),12.86
SKU0456,Beverages Product 387,Beverages,A,S004,PT Nusantara Supplier,WHMDN,Medan - Deli Serdang,BATCH8904,21/04/2025,10/04/2025,05/06/2029,141,1,160,61,0,2,74.86,1762,0.01,374.3,193,5,$2.00,$2.28,"$2,319.51",1.94,28,0.7433,FEFO,In Stock,1,30/06/2025,8.83%,68.28%,No Notes,Low,-220,Out of Stock,Critical,TRUE,TRUE,4.99,High Risk,27323.9,Very Fast Moving,74.86,1.28,Low,4.99,6.27,A - Good,202.6218382,High Variation (~206),17.98
SKU0457,Meat Product 158,Meat,C,S010,PT DailyDairy,WHSBY,Surabaya - Sidoarjo,BATCH3262,13/03/2025,18/01/2025,30/03/2025,180,23,5,7,0,0,2.66,820,8.65,2.66,3,1,$6.53,$7.15,$150.18,3.47,1,0.835,FIFO,Expiring Soon,1,11/08/2025,-4.79%,81.86%,No Notes,Medium,11,Low,Critical,FALSE,FALSE,0,Medium Risk,42.21304348,Fast Moving,0.115652174,0.17,Low,0,0.17,A - Good,199.2482854,High Variation (~206),0
SKU0458,Beverages Product 83,Beverages,A,S002,PT Indo Fresh,WHBDG,Bandung - Rancaekek,BATCH6544,02/05/2025,12/03/2025,30/07/2028,130,1,127,265,1,1,84.52,2179,0.01,253.56,136,3,$2.29,$2.24,"$2,625.03",2.21,34,0.7106,FIFO,In Stock,-1,20/08/2025,2.76%,86.14%,No Notes,Low,-392,Out of Stock,Critical,TRUE,TRUE,2.99,High Risk,30849.8,Very Fast Moving,84.52,0.87,Low,2.99,3.86,A - Good,192.2676003,Moderate Imbalance (~192),13.98
SKU0459,Pantry Product 412,Pantry,B,S002,PT Indo Fresh,WHBDG,Bandung - Rancaekek,BATCH8133,12/05/2025,07/05/2025,22/09/2029,120,109,11,8,2,2,11.01,3760,9.9,22.02,12,2,$14.01,$12.86,"$1,527.30",3.03,4,0.8407,FIFO,In Stock,2,07/08/2025,2.80%,73.51%,No Notes,Medium,88,In Stock,Critical,FALSE,FALSE,0,Medium Risk,36.86834862,Fast Moving,0.101009174,0.32,Low,0,0.32,A - Good,192.2676003,Moderate Imbalance (~192),0
SKU0460,Fresh Product 20,Fresh Produce,C,S007,PT Bakerindo,WHMDN,Medan - Deli Serdang,BATCH9536,05/04/2025,18/03/2025,18/04/2025,157,310,25,70,0,0,25.35,5760,12.23,50.7,30,2,$2.11,$2.12,$654.04,2.45,3,0.7233,FIFO,Expiring Soon,8,18/08/2025,-7.87%,85.04%,No Notes,Low,215,In Stock,Low,FALSE,FALSE,0,Low Risk,29.84758065,Fast Moving,0.081774194,0.55,Low,0,0.55,A - Good,202.6218382,High Variation (~206),0
SKU0461,Bakery Product 104,Bakery,B,S009,PT Beverage Nusantara,WHSBY,Surabaya - Sidoarjo,BATCH9364,22/07/2025,19/06/2025,24/07/2025,49,419,60,92,0,1,42.17,9850,9.94,421.7,216,10,$3.17,$3.18,"$1,328.44",3.02,16,0.9179,FIFO,Low Stock,1,23/06/2025,8.61%,85.68%,No Notes,Medium,267,In Stock,Critical,TRUE,TRUE,0.06,Medium Risk,36.73520286,Fast Moving,0.100644391,0.82,Low,0.06,0.88,A - Good,199.2482854,High Variation (~206),8.12
SKU0462,Fresh Product 123,Fresh Produce,C,S001,PT Segar Makmur,WHBDG,Bandung - Rancaekek,BATCH7544,18/08/2025,27/07/2025,25/08/2025,22,473,164,76,3,0,78.98,216,5.99,552.86,281,7,$1.68,$1.80,$792.51,5.01,31,0.7585,FEFO,Low Stock,2,20/07/2025,1.92%,84.18%,No Notes,Medium,230,In Stock,Critical,TRUE,TRUE,1.01,Medium Risk,60.94651163,Very Fast Moving,0.166976744,1.69,Low,1.01,2.7,A - Good,192.2676003,Moderate Imbalance (~192),10.02
SKU0463,Frozen Product 378,Frozen,A,S002,PT Indo Fresh,WHJKT,Jakarta - Cengkareng,BATCH6703,22/04/2025,31/03/2025,30/12/2025,140,815,11,87,1,0,40,1098,20.38,120,67,3,$4.46,$4.81,"$3,633.19",1.47,13,0.9008,FEFO,In Stock,3,12/08/2025,2.07%,64.50%,No Notes,Low,716,In Stock,Low,FALSE,FALSE,0,Low Risk,17.91411043,Medium Moving,0.049079755,0.3,Low,0,0.3,A - Good,213.1579776,Very Uneven (~213+),0
SKU0464,Dairy Product 477,Dairy,B,S007,PT Bakerindo,WHDPS,Denpasar - Tabanan,BATCH3867,08/09/2025,13/08/2025,23/09/2025,1,537,62,77,1,0,49.47,1395,10.86,247.35,130,5,$3.33,$3.72,"$1,787.08",2.76,18,0.9886,FIFO,Expiring Soon,2,30/06/2025,-0.33%,73.93%,Promotional item,Low,397,In Stock,Low,FALSE,FALSE,0,Low Risk,33.62486034,Fast Moving,0.092122905,0.06,Low,0,0.06,A - Good,206.5718724,High Variation (~206),0
SKU0465,Seafood Product 60,Seafood,A,S009,PT Beverage Nusantara,WHSBY,Surabaya - Sidoarjo,BATCH8254,25/04/2025,01/04/2025,02/05/2025,137,180,37,48,1,0,19.67,4340,9.15,39.34,29,2,$11.47,$11.08,"$2,064.42",3.28,8,0.9629,FEFO,Expiring Soon,-2,09/08/2025,-5.80%,74.15%,No Notes,Medium,94,In Stock,Critical,FALSE,FALSE,0,Medium Risk,39.88638889,Fast Moving,0.109277778,0.07,Low,0,0.07,A - Good,199.2482854,High Variation (~206),0
SKU0466,Personal Product 235,Personal Care,B,S008,PT Hygienic Supplies,WHDPS,Denpasar - Tabanan,BATCH2904,02/09/2025,17/08/2025,16/05/2029,7,76,5,13,0,2,5.42,1600,14.02,5.42,12,1,$20.16,$19.25,"$1,531.86",2.14,6,0.8092,FIFO,In Stock,2,23/07/2025,7.24%,75.63%,No Notes,Low,58,In Stock,Low,FALSE,FALSE,0,Low Risk,26.03026316,Fast Moving,0.071315789,0.19,Low,0,0.19,A - Good,206.5718724,High Variation (~206),0
SKU0467,Personal Product 347,Personal Care,C,S004,PT Nusantara Supplier,WHSBY,Surabaya - Sidoarjo,BATCH9462,27/05/2025,23/04/2025,19/05/2028,105,37,14,4,0,0,4.06,1320,9.11,40.6,22,10,$0.75,$0.74,$27.86,3.29,3,0.929,FIFO,Low Stock,-2,12/06/2025,0.86%,68.90%,No Notes,Medium,19,Low,Critical,TRUE,TRUE,0.89,Medium Risk,40.05135135,Fast Moving,0.10972973,0.71,Low,0.89,1.6,A - Good,199.2482854,High Variation (~206),9.78
SKU0468,Meat Product 48,Meat,B,S007,PT Bakerindo,WHSBY,Surabaya - Sidoarjo,BATCH8807,21/08/2025,01/08/2025,31/08/2025,19,223,59,47,0,0,23.58,5520,9.46,23.58,13,1,$4.77,$4.53,"$1,063.51",3.17,16,0.8069,FEFO,Expiring Soon,3,13/08/2025,-8.41%,94.72%,No Notes,Medium,117,In Stock,Critical,FALSE,FALSE,0,Medium Risk,38.59506726,Fast Moving,0.10573991,0.19,Low,0,0.19,A - Good,199.2482854,High Variation (~206),0
SKU0469,Meat Product 485,Meat,B,S004,PT Nusantara Supplier,WHMDN,Medan - Deli Serdang,BATCH4965,20/07/2025,26/05/2025,01/08/2025,51,193,27,56,4,0,24.79,6960,7.79,173.53,94,7,$9.24,$10.05,"$1,784.25",3.85,11,0.8721,FEFO,Low Stock,-5,14/08/2025,6.86%,83.41%,No Notes,Medium,106,In Stock,Critical,FALSE,FALSE,0,Medium Risk,46.88264249,Fast Moving,0.128445596,0.9,Low,0,0.9,A - Good,202.6218382,High Variation (~206),0
SKU0470,Household Product 429,Household,A,S010,PT DailyDairy,WHSBY,Surabaya - Sidoarjo,BATCH2964,01/08/2025,04/06/2025,07/03/2027,39,120,12,0,1,0,10.22,2820,11.74,51.1,30,5,$18.98,$17.94,"$2,278.02",2.56,5,0.8843,FIFO,In Stock,-1,15/06/2025,8.29%,62.05%,No Notes,Low,107,In Stock,Low,FALSE,FALSE,0,Low Risk,31.08583333,Fast Moving,0.085166667,0.58,Low,0,0.58,A - Good,199.2482854,High Variation (~206),0
SKU0471,Frozen Product 4,Frozen,B,S009,PT Beverage Nusantara,WHJKT,Jakarta - Cengkareng,BATCH6167,09/05/2025,08/04/2025,08/02/2026,123,344,55,85,1,1,28.89,9080,11.91,288.9,152,10,$3.92,$3.54,"$1,347.72",2.52,13,0.7884,FEFO,Low Stock,1,09/07/2025,-9.31%,67.69%,No Notes,Low,203,In Stock,Low,FALSE,FALSE,0,Low Risk,30.65363372,Fast Moving,0.083982558,2.12,Medium,0,2.12,B - Normal,213.1579776,Very Uneven (~213+),0
SKU0472,Beverages Product 262,Beverages,A,S005,PT Agro Raya,WHMDN,Medan - Deli Serdang,BATCH3101,15/07/2025,12/07/2025,08/10/2029,56,422,54,74,1,0,47.99,1302,8.79,479.9,244,10,$5.06,$5.44,"$2,135.62",3.41,17,0.7358,FEFO,Low Stock,0,10/07/2025,-0.68%,67.13%,No Notes,Medium,293,In Stock,Critical,TRUE,TRUE,1.21,Medium Risk,41.50793839,Fast Moving,0.113720379,2.64,Medium,1.21,3.85,B - Normal,202.6218382,High Variation (~206),10.42
SKU0473,Fresh Product 178,Fresh Produce,C,S007,PT Bakerindo,WHBDG,Bandung - Rancaekek,BATCH9490,15/05/2025,16/04/2025,19/05/2025,117,211,98,107,2,1,57.71,2233,3.66,577.1,296,10,$1.64,$1.86,$345.79,8.21,16,0.7168,FEFO,Low Stock,1,13/06/2025,6.15%,70.42%,High return rate,Medium,4,Low,Critical,TRUE,TRUE,6.34,High Risk,99.83009479,Very Fast Moving,0.273507109,2.83,Medium,6.34,9.17,B - Normal,192.2676003,Moderate Imbalance (~192),20.68
SKU0474,Bakery Product 52,Bakery,A,S006,PT Frozen Express,WHSBY,Surabaya - Sidoarjo,BATCH4066,06/04/2025,02/03/2025,10/04/2025,156,759,115,41,0,0,42.43,1014,17.89,169.72,86,4,$3.92,$3.94,"$2,978.85",1.68,14,0.9126,FEFO,Expiring Soon,0,10/08/2025,5.15%,74.14%,No Notes,Low,603,In Stock,Low,FALSE,FALSE,0,Low Risk,20.4044137,Fast Moving,0.055902503,0.35,Low,0,0.35,A - Good,199.2482854,High Variation (~206),0
SKU0475,Personal Product 176,Personal Care,C,S006,PT Frozen Express,WHBDG,Bandung - Rancaekek,BATCH4449,05/05/2025,09/04/2025,19/09/2028,127,52,11,2,5,1,5.04,1320,10.32,10.08,14,2,$6.26,$6.69,$325.41,2.91,2,0.8973,FEFO,In Stock,2,25/07/2025,2.67%,60.92%,No Notes,Low,34,Low,Low,FALSE,FALSE,0,Low Risk,35.37692308,Fast Moving,0.096923077,0.21,Low,0,0.21,A - Good,192.2676003,Moderate Imbalance (~192),0
SKU0476,Meat Product 93,Meat,A,S010,PT DailyDairy,WHBDG,Bandung - Rancaekek,BATCH2636,15/04/2025,28/02/2025,27/04/2025,147,239,145,48,1,0,36.81,1149,6.49,110.43,64,3,$9.34,$8.50,"$2,233.12",4.62,19,0.8844,FEFO,Expiring Soon,0,10/08/2025,-9.71%,81.03%,No Notes,Medium,45,Low,Critical,FALSE,FALSE,0,Medium Risk,56.21610879,Very Fast Moving,0.154016736,0.35,Low,0,0.35,A - Good,192.2676003,Moderate Imbalance (~192),0
SKU0477,Household Product 101,Household,A,S003,PT Prima Distribusi,WHBDG,Bandung - Rancaekek,BATCH3893,11/05/2025,15/04/2025,30/05/2026,121,232,32,38,2,0,15.89,4380,14.6,31.78,22,2,$15.71,$16.08,"$3,643.91",2.05,7,0.899,FEFO,In Stock,0,23/08/2025,-0.20%,76.50%,No Notes,Low,160,In Stock,Low,FALSE,FALSE,0,Low Risk,24.99935345,Fast Moving,0.068491379,0.2,Low,0,0.2,A - Good,192.2676003,Moderate Imbalance (~192),0
SKU0478,Household Product 265,Household,C,S009,PT Beverage Nusantara,WHSBY,Surabaya - Sidoarjo,BATCH5111,08/05/2025,03/04/2025,12/01/2028,124,90,28,10,3,2,9.46,2690,9.51,66.22,35,7,$8.39,$9.00,$755.08,3.15,4,0.7285,FIFO,Low Stock,-2,21/07/2025,-0.61%,80.47%,High return rate,Medium,49,Low,Critical,FALSE,FALSE,0,Medium Risk,38.36555556,Fast Moving,0.105111111,1.9,Low,0,1.9,A - Good,199.2482854,High Variation (~206),0
SKU0479,Fresh Product 417,Fresh Produce,C,S005,PT Agro Raya,WHMDN,Medan - Deli Serdang,BATCH8370,01/04/2025,13/02/2025,05/04/2025,161,661,81,52,0,1,36.71,8850,18.01,183.55,97,5,$0.33,$0.36,$217.80,1.67,11,0.7605,FEFO,Expiring Soon,-2,07/08/2025,-5.97%,71.61%,No Notes,Low,528,In Stock,Low,FALSE,FALSE,0,Low Risk,20.27102874,Fast Moving,0.055537065,1.2,Low,0,1.2,A - Good,202.6218382,High Variation (~206),0
SKU0480,Pantry Product 478,Pantry,C,S005,PT Agro Raya,WHSBY,Surabaya - Sidoarjo,BATCH2986,04/09/2025,13/08/2025,25/12/2028,5,60,10,9,1,0,5.85,1540,10.26,58.5,36,10,$11.89,$12.78,$713.50,2.92,4,0.8395,FIFO,Low Stock,-2,28/06/2025,0.05%,70.75%,No Notes,Low,40,Low,Low,FALSE,FALSE,0,Low Risk,35.5875,Fast Moving,0.0975,1.6,Low,0,1.6,A - Good,199.2482854,High Variation (~206),0
SKU0481,Pantry Product 90,Pantry,C,S005,PT Agro Raya,WHSBY,Surabaya - Sidoarjo,BATCH9363,18/06/2025,18/05/2025,27/03/2030,83,51,13,38,0,2,18.61,6690,2.74,74.44,40,4,$10.18,$11.20,$519.19,10.95,7,0.9323,FEFO,Low Stock,-5,30/08/2025,1.61%,70.43%,No Notes,High,0,Out of Stock,Critical,TRUE,TRUE,1.26,High Risk,133.1892157,Very Fast Moving,0.364901961,0.27,Low,1.26,1.53,A - Good,199.2482854,High Variation (~206),10.52
SKU0482,Meat Product 324,Meat,C,S003,PT Prima Distribusi,WHBDG,Bandung - Rancaekek,BATCH7911,30/03/2025,18/02/2025,14/04/2025,163,16,7,3,0,0,2.76,710,5.8,27.6,16,10,$11.83,$11.35,$189.34,5.17,2,0.9732,FEFO,Low Stock,-1,31/08/2025,7.89%,71.56%,Promotional item,Medium,6,Low,Critical,TRUE,TRUE,4.2,Medium Risk,62.9625,Very Fast Moving,0.1725,0.27,Low,4.2,4.47,A - Good,192.2676003,Moderate Imbalance (~192),16.4
SKU0483,Meat Product 163,Meat,B,S005,PT Agro Raya,WHSBY,Surabaya - Sidoarjo,BATCH5444,08/04/2025,11/02/2025,25/04/2025,154,554,57,108,2,1,38.27,1052,14.48,191.35,105,5,$2.43,$2.75,"$1,345.44",2.07,13,0.973,FEFO,Expiring Soon,1,25/07/2025,-0.40%,76.36%,No Notes,Low,387,In Stock,Low,FALSE,FALSE,0,Low Risk,25.21398917,Fast Moving,0.069079422,0.14,Low,0,0.14,A - Good,199.2482854,High Variation (~206),0
SKU0484,Pantry Product 231,Pantry,C,S007,PT Bakerindo,WHBDG,Bandung - Rancaekek,BATCH3048,24/07/2025,08/06/2025,09/09/2026,47,38,4,7,2,0,4.16,1460,9.13,4.16,8,1,$12.49,$13.99,$474.44,3.28,1,0.774,FIFO,In Stock,-2,17/06/2025,1.54%,80.68%,No Notes,Medium,25,Low,Critical,FALSE,FALSE,0,Medium Risk,39.95789474,Fast Moving,0.109473684,0.23,Low,0,0.23,A - Good,192.2676003,Moderate Imbalance (~192),0
SKU0485,Beverages Product 384,Beverages,A,S002,PT Indo Fresh,WHBDG,Bandung - Rancaekek,BATCH2687,29/07/2025,23/07/2025,19/10/2028,42,538,48,138,0,0,81,2477,6.64,81,44,1,$5.96,$5.72,"$3,206.59",4.52,23,0.7563,FIFO,In Stock,-1,11/07/2025,8.17%,78.16%,No Notes,Medium,352,In Stock,Critical,FALSE,FALSE,0,Medium Risk,54.9535316,Very Fast Moving,0.150557621,0.24,Low,0,0.24,A - Good,192.2676003,Moderate Imbalance (~192),0
SKU0486,Fresh Product 204,Fresh Produce,C,S009,PT Beverage Nusantara,WHJKT,Jakarta - Cengkareng,BATCH3544,14/08/2025,09/08/2025,21/08/2025,26,179,30,1,2,1,23.99,5200,7.46,71.97,41,3,$1.52,$1.47,$271.42,4.02,13,0.8452,FEFO,Expiring Soon,-1,01/08/2025,2.27%,65.58%,No Notes,Medium,146,In Stock,Critical,FALSE,FALSE,0,Medium Risk,48.91815642,Fast Moving,0.134022346,0.46,Low,0,0.46,A - Good,213.1579776,Very Uneven (~213+),0
SKU0487,Beverages Product 227,Beverages,B,S003,PT Prima Distribusi,WHBDG,Bandung - Rancaekek,BATCH1468,28/04/2025,26/04/2025,12/04/2027,134,300,26,10,2,0,21.72,8030,13.81,86.88,49,4,$4.34,$4.32,"$1,303.38",2.17,3,0.9415,FEFO,In Stock,0,30/07/2025,-7.99%,96.39%,No Notes,Low,262,In Stock,Low,FALSE,FALSE,0,Low Risk,26.426,Fast Moving,0.0724,0.23,Low,0,0.23,A - Good,192.2676003,Moderate Imbalance (~192),0
SKU0488,Frozen Product 446,Frozen,C,S009,PT Beverage Nusantara,WHSBY,Surabaya - Sidoarjo,BATCH3213,22/04/2025,21/02/2025,09/02/2026,140,108,101,7,1,1,30.87,8900,3.5,92.61,49,3,$3.56,$3.73,$384.89,8.58,7,0.8679,FIFO,Low Stock,2,26/06/2025,2.66%,73.16%,No Notes,Medium,-1,Out of Stock,Critical,FALSE,FALSE,0,High Risk,104.3291667,Very Fast Moving,0.285833333,0.4,Low,0,0.4,A - Good,199.2482854,High Variation (~206),0
SKU0489,Pantry Product 326,Pantry,C,S010,PT DailyDairy,WHMDN,Medan - Deli Serdang,BATCH9745,28/04/2025,09/04/2025,28/11/2029,134,146,52,7,1,0,15.42,3780,9.47,46.26,31,3,$3.92,$4.01,$571.75,3.17,5,0.9341,FEFO,In Stock,-4,10/07/2025,-6.56%,96.97%,No Notes,Medium,86,In Stock,Critical,FALSE,FALSE,0,Medium Risk,38.55,Fast Moving,0.105616438,0.2,Low,0,0.2,A - Good,202.6218382,High Variation (~206),0
SKU0490,Household Product 227,Household,B,S005,PT Agro Raya,WHSBY,Surabaya - Sidoarjo,BATCH3551,27/05/2025,08/05/2025,10/11/2027,105,61,10,11,4,1,5.51,1480,11.07,5.51,7,1,$15.81,$16.44,$964.50,2.71,4,0.9471,FIFO,In Stock,2,09/09/2025,-6.25%,89.68%,No Notes,Low,36,Low,Low,FALSE,FALSE,0,Low Risk,32.96967213,Fast Moving,0.090327869,0.05,Low,0,0.05,A - Good,199.2482854,High Variation (~206),0
SKU0491,Beverages Product 70,Beverages,C,S006,PT Frozen Express,WHSBY,Surabaya - Sidoarjo,BATCH1136,12/05/2025,29/03/2025,11/05/2029,120,83,42,12,2,2,10.13,2410,8.19,20.26,17,2,$1.39,$1.40,$115.49,3.66,4,0.7003,FEFO,In Stock,2,10/07/2025,-7.12%,70.08%,No Notes,Medium,27,Low,Critical,FALSE,FALSE,0,Medium Risk,44.54759036,Fast Moving,0.122048193,0.6,Low,0,0.6,A - Good,199.2482854,High Variation (~206),0
SKU0492,Beverages Product 409,Beverages,B,S005,PT Agro Raya,WHDPS,Denpasar - Tabanan,BATCH9981,12/07/2025,19/06/2025,26/07/2026,59,256,82,14,7,1,29.84,115,8.58,29.84,21,1,$4.88,$4.42,"$1,249.64",3.5,13,0.7148,FIFO,In Stock,-2,19/07/2025,0.48%,94.64%,No Notes,Medium,153,In Stock,Critical,FALSE,FALSE,0,Medium Risk,42.5453125,Fast Moving,0.1165625,0.29,Low,0,0.29,A - Good,206.5718724,High Variation (~206),0
SKU0493,Bakery Product 128,Bakery,C,S003,PT Prima Distribusi,WHMDN,Medan - Deli Serdang,BATCH5308,05/06/2025,31/05/2025,08/06/2025,96,357,24,20,2,2,26.81,6820,13.32,26.81,21,1,$2.21,$1.99,$787.33,2.25,8,0.711,FEFO,Expiring Soon,2,21/06/2025,8.74%,60.34%,No Notes,Low,311,In Stock,Low,FALSE,FALSE,0,Low Risk,27.41078431,Fast Moving,0.075098039,0.29,Low,0,0.29,A - Good,202.6218382,High Variation (~206),0
SKU0494,Beverages Product 466,Beverages,C,S010,PT DailyDairy,WHSBY,Surabaya - Sidoarjo,BATCH9715,29/06/2025,09/05/2025,16/02/2030,72,1,101,1,1,0,74.43,2608,0.01,223.29,120,3,$0.41,$0.39,$425.78,2.13,23,0.9541,FEFO,In Stock,-6,19/07/2025,6.16%,72.54%,No Notes,Low,-102,Out of Stock,Critical,TRUE,TRUE,2.99,High Risk,27166.95,Very Fast Moving,74.43,0.14,Low,2.99,3.13,A - Good,199.2482854,High Variation (~206),13.98
SKU0495,Fresh Product 70,Fresh Produce,C,S005,PT Agro Raya,WHJKT,Jakarta - Cengkareng,BATCH8418,30/03/2025,13/03/2025,09/04/2025,163,821,165,245,2,3,75.59,2037,10.86,529.13,271,7,$0.79,$0.86,$650.72,2.76,27,0.7308,FEFO,Expiring Soon,-1,16/08/2025,5.18%,63.43%,No Notes,Low,409,In Stock,Low,FALSE,FALSE,0,Low Risk,33.60578563,Fast Moving,0.092070646,1.88,Low,0,1.88,A - Good,213.1579776,Very Uneven (~213+),0
SKU0496,Dairy Product 497,Dairy,B,S009,PT Beverage Nusantara,WHJKT,Jakarta - Cengkareng,BATCH5622,24/07/2025,07/07/2025,03/08/2025,47,502,98,92,3,4,45.06,105,11.14,315.42,164,7,$2.76,$2.63,"$1,385.52",2.69,9,0.9095,FIFO,Expiring Soon,0,15/07/2025,-2.36%,84.68%,No Notes,Low,309,In Stock,Low,FALSE,FALSE,0,Low Risk,32.762749,Fast Moving,0.089760956,0.63,Low,0,0.63,A - Good,213.1579776,Very Uneven (~213+),0
SKU0497,Meat Product 78,Meat,C,S001,PT Segar Makmur,WHMDN,Medan - Deli Serdang,BATCH7885,16/07/2025,27/06/2025,31/07/2025,55,249,47,97,0,1,23.66,6480,10.52,70.98,41,3,$1.71,$1.79,$425.84,2.85,12,0.9642,FEFO,Expiring Soon,4,24/07/2025,2.60%,94.43%,No Notes,Low,105,In Stock,Low,FALSE,FALSE,0,Low Risk,34.68232932,Fast Moving,0.09502008,0.11,Low,0,0.11,A - Good,202.6218382,High Variation (~206),0
SKU0498,Household Product 170,Household,C,S002,PT Indo Fresh,WHBDG,Bandung - Rancaekek,BATCH7429,26/08/2025,22/08/2025,22/02/2028,14,45,11,0,0,0,3.65,890,12.33,25.55,19,7,$16.15,$16.75,$726.85,2.43,3,0.7613,FEFO,Low Stock,-1,17/08/2025,2.19%,67.92%,No Notes,Low,34,Low,Low,FALSE,FALSE,0,Low Risk,29.60555556,Fast Moving,0.081111111,1.67,Low,0,1.67,A - Good,192.2676003,Moderate Imbalance (~192),0
SKU0499,Household Product 419,Household,A,S007,PT Bakerindo,WHJKT,Jakarta - Cengkareng,BATCH7304,09/08/2025,21/06/2025,31/12/2027,31,215,41,54,2,0,17.55,6560,12.25,17.55,14,1,$13.15,$13.79,"$2,827.38",2.45,3,0.869,FEFO,In Stock,0,09/08/2025,6.02%,95.46%,No Notes,Low,118,In Stock,Low,FALSE,FALSE,0,Low Risk,29.79418605,Fast Moving,0.081627907,0.13,Low,0,0.13,A - Good,213.1579776,Very Uneven (~213+),0
SKU0500,Fresh Product 236,Fresh Produce,C,S002,PT Indo Fresh,WHDPS,Denpasar - Tabanan,BATCH8746,23/03/2025,27/02/2025,29/03/2025,170,498,34,51,1,1,34.77,1314,14.32,139.08,75,4,$0.35,$0.34,$175.45,2.09,15,0.8238,FEFO,Expiring Soon,-2,30/07/2025,3.65%,87.26%,No Notes,Low,412,In Stock,Low,FALSE,FALSE,0,Low Risk,25.48403614,Fast Moving,0.069819277,0.7,Low,0,0.7,A - Good,206.5718724,High Variation (~206),0
SKU0501,Beverages Product 382,Beverages,C,S009,PT Beverage Nusantara,WHDPS,Denpasar - Tabanan,BATCH8884,09/08/2025,30/06/2025,09/01/2028,31,71,61,10,1,0,27.12,8120,2.62,81.36,46,3,$3.98,$3.98,$282.82,11.46,13,0.822,FEFO,Low Stock,5,15/08/2025,-2.75%,82.80%,No Notes,High,-1,Out of Stock,Critical,TRUE,TRUE,0.38,High Risk,139.4197183,Very Fast Moving,0.381971831,0.53,Low,0.38,0.91,A - Good,206.5718724,High Variation (~206),8.76
SKU0502,Fresh Product 342,Fresh Produce,C,S004,PT Nusantara Supplier,WHJKT,Jakarta - Cengkareng,BATCH8113,11/07/2025,21/06/2025,24/07/2025,60,210,52,53,0,0,24.23,6630,8.67,72.69,40,3,$1.32,$1.37,$276.34,3.46,8,0.7378,FIFO,Expiring Soon,-2,19/08/2025,9.01%,65.44%,No Notes,Medium,105,In Stock,Critical,FALSE,FALSE,0,Medium Risk,42.11404762,Fast Moving,0.115380952,0.79,Low,0,0.79,A - Good,213.1579776,Very Uneven (~213+),0
SKU0503,Pantry Product 203,Pantry,B,S004,PT Nusantara Supplier,WHJKT,Jakarta - Cengkareng,BATCH8786,30/08/2025,17/07/2025,02/12/2029,10,227,46,63,3,1,24.52,9300,9.26,49.04,28,2,$3.60,$3.84,$817.70,3.24,5,0.7715,FIFO,In Stock,-1,24/07/2025,-7.68%,88.96%,No Notes,Medium,115,In Stock,Critical,FALSE,FALSE,0,Medium Risk,39.42643172,Fast Moving,0.108017621,0.46,Low,0,0.46,A - Good,213.1579776,Very Uneven (~213+),0
SKU0504,Meat Product 256,Meat,B,S002,PT Indo Fresh,WHDPS,Denpasar - Tabanan,BATCH1979,15/06/2025,24/05/2025,21/06/2025,86,151,21,6,0,0,10.78,3440,14.01,32.34,24,3,$8.63,$8.90,"$1,302.69",2.14,6,0.8162,FIFO,Expiring Soon,4,12/06/2025,9.62%,65.52%,No Notes,Low,124,In Stock,Low,FALSE,FALSE,0,Low Risk,26.05761589,Fast Moving,0.071390728,0.55,Low,0,0.55,A - Good,206.5718724,High Variation (~206),0
SKU0505,Fresh Product 250,Fresh Produce,C,S004,PT Nusantara Supplier,WHSBY,Surabaya - Sidoarjo,BATCH6690,20/04/2025,28/02/2025,03/05/2025,142,75,17,9,1,1,8.34,2880,8.99,25.02,19,3,$1.64,$1.78,$123.37,3.34,3,0.7549,FEFO,Expiring Soon,1,16/08/2025,-3.57%,61.16%,Fragile,Medium,48,Low,Critical,FALSE,FALSE,0,Medium Risk,40.588,Fast Moving,0.1112,0.74,Low,0,0.74,A - Good,199.2482854,High Variation (~206),0
SKU0506,Seafood Product 69,Seafood,A,S005,PT Agro Raya,WHJKT,Jakarta - Cengkareng,BATCH5828,08/05/2025,04/04/2025,18/05/2025,124,190,83,67,4,0,29.33,8450,6.48,29.33,21,1,$14.15,$14.44,"$2,688.31",4.63,6,0.9829,FEFO,Expiring Soon,-3,16/08/2025,1.95%,67.69%,No Notes,Medium,36,Low,Critical,FALSE,FALSE,0,Medium Risk,56.34447368,Very Fast Moving,0.154368421,0.02,Low,0,0.02,A - Good,213.1579776,Very Uneven (~213+),0
SKU0507,Pantry Product 166,Pantry,A,S008,PT Hygienic Supplies,WHSBY,Surabaya - Sidoarjo,BATCH3627,09/04/2025,05/04/2025,18/05/2029,153,390,81,73,1,1,27.59,7050,14.14,82.77,46,3,$7.69,$8.28,"$2,997.27",2.12,11,0.9291,FIFO,In Stock,-1,14/07/2025,3.43%,60.71%,No Notes,Low,235,In Stock,Low,FALSE,FALSE,0,Low Risk,25.82141026,Fast Moving,0.07074359,0.21,Low,0,0.21,A - Good,199.2482854,High Variation (~206),0
SKU0508,Meat Product 188,Meat,C,S008,PT Hygienic Supplies,WHJKT,Jakarta - Cengkareng,BATCH7210,30/03/2025,12/02/2025,20/04/2025,163,101,17,25,0,0,15.54,5930,6.5,31.08,21,2,$4.87,$4.63,$492.17,4.62,6,0.7675,FIFO,Expiring Soon,1,07/09/2025,-1.41%,64.89%,No Notes,Medium,59,In Stock,Critical,FALSE,FALSE,0,Medium Risk,56.15940594,Very Fast Moving,0.153861386,0.47,Low,0,0.47,A - Good,213.1579776,Very Uneven (~213+),0
SKU0509,Bakery Product 318,Bakery,C,S004,PT Nusantara Supplier,WHSBY,Surabaya - Sidoarjo,BATCH9830,24/08/2025,03/07/2025,31/08/2025,16,278,8,43,3,0,27.35,8320,10.16,273.5,142,10,$0.93,$1.01,$257.34,2.95,10,0.7847,FEFO,Low Stock,1,16/08/2025,-9.23%,80.90%,No Notes,Low,224,In Stock,Low,FALSE,FALSE,0,Low Risk,35.90917266,Fast Moving,0.098381295,2.15,Medium,0,2.15,B - Normal,199.2482854,High Variation (~206),0
SKU0510,Frozen Product 283,Frozen,B,S003,PT Prima Distribusi,WHDPS,Denpasar - Tabanan,BATCH7714,29/06/2025,19/05/2025,18/03/2026,72,832,98,17,0,2,38.65,1068,21.53,38.65,27,1,$1.73,$1.78,"$1,441.44",1.39,15,0.7829,FEFO,In Stock,-7,26/08/2025,-8.28%,62.50%,Seasonal SKU,Low,717,In Stock,Low,FALSE,FALSE,0,Low Risk,16.95582933,Medium Moving,0.046454327,0.22,Low,0,0.22,A - Good,206.5718724,High Variation (~206),0
SKU0511,Fresh Product 481,Fresh Produce,B,S003,PT Prima Distribusi,WHBDG,Bandung - Rancaekek,BATCH2753,01/09/2025,01/08/2025,07/09/2025,8,485,3,22,0,0,27.81,9940,17.44,83.43,46,3,$2.30,$2.37,"$1,116.71",1.72,8,0.7377,FIFO,Expiring Soon,0,28/08/2025,3.89%,63.04%,Fragile,Low,460,In Stock,Low,FALSE,FALSE,0,Low Risk,20.92917526,Fast Moving,0.057340206,0.79,Low,0,0.79,A - Good,192.2676003,Moderate Imbalance (~192),0
SKU0512,Pantry Product 270,Pantry,B,S010,PT DailyDairy,WHDPS,Denpasar - Tabanan,BATCH7002,06/07/2025,22/06/2025,14/10/2026,65,245,38,41,1,1,15.92,5890,15.39,47.76,31,3,$4.89,$4.91,"$1,198.64",1.95,3,0.8797,FIFO,In Stock,4,08/09/2025,6.84%,92.64%,No Notes,Low,165,In Stock,Low,FALSE,FALSE,0,Low Risk,23.71755102,Fast Moving,0.064979592,0.36,Low,0,0.36,A - Good,206.5718724,High Variation (~206),0
SKU0513,Dairy Product 252,Dairy,C,S002,PT Indo Fresh,WHMDN,Medan - Deli Serdang,BATCH6913,30/03/2025,23/02/2025,07/04/2025,163,142,127,15,2,3,43.86,1686,3.24,131.58,72,3,$1.68,$1.61,$238.52,9.27,17,0.8418,FEFO,Low Stock,-1,24/07/2025,-4.88%,62.13%,No Notes,Medium,-2,Out of Stock,Critical,FALSE,FALSE,0,High Risk,112.7387324,Very Fast Moving,0.308873239,0.47,Low,0,0.47,A - Good,202.6218382,High Variation (~206),0
SKU0514,Fresh Product 316,Fresh Produce,C,S005,PT Agro Raya,WHDPS,Denpasar - Tabanan,BATCH2153,30/08/2025,08/07/2025,13/09/2025,10,242,45,23,0,1,23.21,8350,10.43,232.1,125,10,$0.31,$0.29,$74.17,2.88,10,0.8149,FEFO,Low Stock,3,31/08/2025,-9.35%,85.12%,No Notes,Low,174,In Stock,Low,FALSE,FALSE,0,Low Risk,35.00681818,Fast Moving,0.095909091,1.85,Low,0,1.85,A - Good,206.5718724,High Variation (~206),0
SKU0515,Personal Product 50,Personal Care,C,S002,PT Indo Fresh,WHBDG,Bandung - Rancaekek,BATCH4104,26/04/2025,14/04/2025,23/06/2028,136,70,4,11,2,1,4.81,1700,14.55,19.24,18,4,$10.47,$11.79,$732.58,2.06,2,0.8759,FIFO,In Stock,-2,29/06/2025,-7.39%,62.67%,No Notes,Low,53,In Stock,Low,FALSE,FALSE,0,Low Risk,25.08071429,Fast Moving,0.068714286,0.5,Low,0,0.5,A - Good,192.2676003,Moderate Imbalance (~192),0
SKU0516,Dairy Product 384,Dairy,B,S009,PT Beverage Nusantara,WHMDN,Medan - Deli Serdang,BATCH6864,13/08/2025,01/07/2025,09/09/2025,27,481,167,78,2,0,46.04,1527,10.45,460.4,231,10,$3.47,$3.64,"$1,671.09",2.87,16,0.9833,FEFO,Low Stock,2,12/06/2025,-3.70%,73.57%,No Notes,Low,234,In Stock,Low,FALSE,FALSE,0,Low Risk,34.93679834,Fast Moving,0.095717256,0.17,Low,0,0.17,A - Good,202.6218382,High Variation (~206),0
SKU0517,Personal Product 86,Personal Care,B,S003,PT Prima Distribusi,WHDPS,Denpasar - Tabanan,BATCH6529,30/05/2025,18/04/2025,28/03/2029,102,239,56,29,0,0,22,4750,10.86,308,156,14,$6.57,$5.99,"$1,569.18",2.76,6,0.8233,FIFO,Low Stock,2,03/07/2025,3.32%,92.01%,No Notes,Low,154,In Stock,Low,TRUE,TRUE,3.14,Low Risk,33.59832636,Fast Moving,0.092050209,2.47,Medium,3.14,5.61,B - Normal,206.5718724,High Variation (~206),14.28
SKU0518,Frozen Product 181,Frozen,C,S006,PT Frozen Express,WHDPS,Denpasar - Tabanan,BATCH7755,18/06/2025,01/05/2025,20/03/2026,83,85,4,4,0,1,6.52,1730,13.04,91.28,50,14,$1.60,$1.54,$135.95,2.3,3,0.9211,FEFO,Low Stock,0,30/07/2025,-7.55%,78.63%,No Notes,Low,77,In Stock,Low,TRUE,TRUE,0.96,Low Risk,27.99764706,Fast Moving,0.076705882,1.1,Low,0.96,2.06,A - Good,206.5718724,High Variation (~206),9.92
SKU0519,Pantry Product 110,Pantry,A,S007,PT Bakerindo,WHDPS,Denpasar - Tabanan,BATCH8412,06/07/2025,08/06/2025,12/07/2028,65,288,25,17,0,2,26.11,7990,11.03,52.22,28,2,$8.23,$8.88,"$2,369.78",2.72,8,0.9417,FEFO,In Stock,-4,09/09/2025,5.10%,70.17%,No Notes,Low,246,In Stock,Low,FALSE,FALSE,0,Low Risk,33.09079861,Fast Moving,0.090659722,0.12,Low,0,0.12,A - Good,206.5718724,High Variation (~206),0
SKU0520,Personal Product 306,Personal Care,A,S001,PT Segar Makmur,WHDPS,Denpasar - Tabanan,BATCH1107,06/08/2025,18/07/2025,15/04/2028,34,141,4,6,2,1,8.91,3050,15.82,89.1,47,10,$24.90,$23.07,"$3,511.58",1.9,5,0.7176,FIFO,In Stock,4,13/08/2025,5.38%,77.88%,No Notes,Low,129,In Stock,Low,FALSE,FALSE,0,Low Risk,23.06489362,Fast Moving,0.063191489,2.82,Medium,0,2.82,B - Normal,206.5718724,High Variation (~206),0
SKU0521,Fresh Product 421,Fresh Produce,C,S005,PT Agro Raya,WHDPS,Denpasar - Tabanan,BATCH3534,02/05/2025,26/04/2025,13/05/2025,130,98,16,33,4,2,10.4,3830,9.42,10.4,7,1,$2.48,$2.64,$243.46,3.18,5,0.8095,FIFO,Expiring Soon,-3,13/07/2025,2.83%,95.27%,No Notes,Medium,45,Low,Critical,FALSE,FALSE,0,Medium Risk,38.73469388,Fast Moving,0.106122449,0.19,Low,0,0.19,A - Good,206.5718724,High Variation (~206),0
SKU0522,Dairy Product 188,Dairy,C,S010,PT DailyDairy,WHBDG,Bandung - Rancaekek,BATCH5920,12/07/2025,07/07/2025,27/07/2025,59,52,10,1,1,2,4.04,1030,12.87,28.28,20,7,$2.83,$3.16,$147.13,2.33,3,0.7343,FEFO,Expiring Soon,-6,29/06/2025,4.85%,85.10%,No Notes,Low,40,Low,Low,FALSE,FALSE,0,Low Risk,28.35769231,Fast Moving,0.077692308,1.86,Low,0,1.86,A - Good,192.2676003,Moderate Imbalance (~192),0
SKU0523,Beverages Product 371,Beverages,C,S006,PT Frozen Express,WHMDN,Medan - Deli Serdang,BATCH2562,27/07/2025,19/06/2025,21/04/2029,44,60,24,21,1,0,10.26,2240,5.85,20.52,12,2,$1.79,$1.72,$107.69,5.13,4,0.8471,FEFO,In Stock,1,05/09/2025,2.43%,96.45%,No Notes,Medium,14,Low,Critical,FALSE,FALSE,0,Medium Risk,62.415,Very Fast Moving,0.171,0.31,Low,0,0.31,A - Good,202.6218382,High Variation (~206),0
SKU0524,Pantry Product 41,Pantry,C,S001,PT Segar Makmur,WHSBY,Surabaya - Sidoarjo,BATCH7824,12/06/2025,14/04/2025,17/11/2028,89,92,68,4,1,0,17.83,4790,5.16,53.49,31,3,$5.45,$5.41,$500.95,5.81,10,0.8037,FIFO,In Stock,1,11/08/2025,-4.40%,67.58%,No Notes,Medium,19,Low,Critical,FALSE,FALSE,0,Medium Risk,70.73858696,Very Fast Moving,0.193804348,0.59,Low,0,0.59,A - Good,199.2482854,High Variation (~206),0
SKU0525,Household Product 476,Household,C,S001,PT Segar Makmur,WHMDN,Medan - Deli Serdang,BATCH9591,27/08/2025,25/08/2025,12/05/2028,13,143,8,29,3,1,12.83,4780,11.15,25.66,15,2,$1.73,$1.65,$246.83,2.69,3,0.8132,FEFO,In Stock,2,02/07/2025,-2.21%,94.79%,No Notes,Low,103,In Stock,Low,FALSE,FALSE,0,Low Risk,32.7479021,Fast Moving,0.08972028,0.37,Low,0,0.37,A - Good,202.6218382,High Variation (~206),0
SKU0526,Seafood Product 358,Seafood,C,S004,PT Nusantara Supplier,WHBDG,Bandung - Rancaekek,BATCH8300,28/08/2025,11/07/2025,06/09/2025,12,186,45,21,0,2,21.6,4930,8.61,64.8,37,3,$3.84,$3.87,$714.26,3.48,5,0.8878,FIFO,Expiring Soon,2,12/08/2025,8.64%,78.76%,No Notes,Medium,120,In Stock,Critical,FALSE,FALSE,0,Medium Risk,42.38709677,Fast Moving,0.116129032,0.34,Low,0,0.34,A - Good,192.2676003,Moderate Imbalance (~192),0
SKU0527,Household Product 76,Household,C,S003,PT Prima Distribusi,WHSBY,Surabaya - Sidoarjo,BATCH1807,19/08/2025,15/07/2025,19/04/2029,21,93,16,6,1,0,6.67,1610,13.94,20.01,16,3,$8.18,$8.31,$760.81,2.15,3,0.8036,FEFO,In Stock,0,07/08/2025,-4.41%,76.18%,Temperature controlled,Low,70,In Stock,Low,FALSE,FALSE,0,Low Risk,26.17795699,Fast Moving,0.07172043,0.59,Low,0,0.59,A - Good,199.2482854,High Variation (~206),0
SKU0528,Bakery Product 358,Bakery,B,S003,PT Prima Distribusi,WHBDG,Bandung - Rancaekek,BATCH4245,09/05/2025,08/04/2025,15/05/2025,123,1,145,110,0,2,60.1,1628,0.02,60.1,39,1,$1.76,$1.76,"$1,795.55",1.77,22,0.7955,FEFO,Expiring Soon,0,18/06/2025,-9.32%,69.53%,No Notes,Low,-254,Out of Stock,Critical,TRUE,TRUE,0.98,High Risk,21936.5,Very Fast Moving,60.1,0.2,Low,0.98,1.18,A - Good,192.2676003,Moderate Imbalance (~192),9.96
SKU0529,Pantry Product 377,Pantry,A,S009,PT Beverage Nusantara,WHBDG,Bandung - Rancaekek,BATCH5362,09/07/2025,21/05/2025,02/12/2026,62,435,58,59,1,0,26.56,9840,16.38,53.12,34,2,$9.66,$8.80,"$4,200.80",1.83,6,0.9669,FEFO,In Stock,3,30/07/2025,-5.11%,84.08%,No Notes,Low,317,In Stock,Low,FALSE,FALSE,0,Low Risk,22.28597701,Fast Moving,0.061057471,0.07,Low,0,0.07,A - Good,192.2676003,Moderate Imbalance (~192),0
SKU0530,Pantry Product 58,Pantry,C,S007,PT Bakerindo,WHMDN,Medan - Deli Serdang,BATCH4120,08/06/2025,19/05/2025,21/05/2028,93,61,19,17,0,1,7.49,1730,8.14,14.98,13,2,$7.28,$6.95,$444.32,3.68,1,0.9815,FEFO,In Stock,-1,25/06/2025,-1.34%,60.88%,No Notes,Medium,25,Low,Critical,FALSE,FALSE,0,Medium Risk,44.81721311,Fast Moving,0.122786885,0.04,Low,0,0.04,A - Good,202.6218382,High Variation (~206),0
SKU0531,Beverages Product 87,Beverages,C,S006,PT Frozen Express,WHDPS,Denpasar - Tabanan,BATCH3389,19/05/2025,21/04/2025,15/11/2029,113,0,0,0,2,2,71.43,1691,0,214.29,112,3,$1.31,$1.39,$0.00,2142.9,16,0.7773,FIFO,Out of Stock,4,11/08/2025,5.44%,89.11%,No Notes,,-2,Out of Stock,Critical,TRUE,TRUE,3,High Risk,inf,Very Fast Moving,inf,0.67,Low,3,3.67,A - Good,206.5718724,High Variation (~206),14
SKU0532,Bakery Product 388,Bakery,B,S002,PT Indo Fresh,WHJKT,Jakarta - Cengkareng,BATCH3419,27/08/2025,03/07/2025,30/08/2025,13,658,8,18,0,2,64.89,1498,10.14,259.56,138,4,$2.91,$2.99,"$1,915.44",2.96,28,0.9137,FEFO,Expiring Soon,0,08/09/2025,4.38%,76.64%,No Notes,Low,632,In Stock,Low,FALSE,FALSE,0,Low Risk,35.99521277,Fast Moving,0.098617021,0.35,Low,0,0.35,A - Good,213.1579776,Very Uneven (~213+),0
SKU0533,Household Product 157,Household,B,S008,PT Hygienic Supplies,WHMDN,Medan - Deli Serdang,BATCH4424,04/09/2025,19/07/2025,14/07/2028,5,325,18,25,2,0,19.32,5520,16.82,57.96,33,3,$4.11,$4.48,"$1,336.63",1.78,11,0.7588,FIFO,In Stock,0,14/08/2025,-2.56%,97.29%,No Notes,Low,280,In Stock,Low,FALSE,FALSE,0,Low Risk,21.69784615,Fast Moving,0.059446154,0.72,Low,0,0.72,A - Good,202.6218382,High Variation (~206),0
SKU0534,Beverages Product 281,Beverages,A,S008,PT Hygienic Supplies,WHDPS,Denpasar - Tabanan,BATCH1301,04/08/2025,11/07/2025,27/06/2030,36,1,219,102,2,1,76.04,2023,0.01,76.04,42,1,$3.52,$3.55,"$4,387.44",1.83,25,0.7374,FIFO,In Stock,-5,08/08/2025,9.62%,97.64%,No Notes,Low,-322,Out of Stock,Critical,TRUE,TRUE,0.99,High Risk,27754.6,Very Fast Moving,76.04,0.26,Low,0.99,1.25,A - Good,206.5718724,High Variation (~206),9.98
SKU0535,Meat Product 405,Meat,B,S010,PT DailyDairy,WHSBY,Surabaya - Sidoarjo,BATCH1136,27/08/2025,23/08/2025,15/09/2025,13,171,22,17,2,0,12.23,4430,13.98,85.61,47,7,$9.20,$10.23,"$1,572.65",2.15,5,0.9015,FEFO,Expiring Soon,1,17/06/2025,2.59%,71.28%,No Notes,Low,130,In Stock,Low,FALSE,FALSE,0,Low Risk,26.10497076,Fast Moving,0.071520468,0.69,Low,0,0.69,A - Good,199.2482854,High Variation (~206),0
SKU0536,Household Product 338,Household,B,S006,PT Frozen Express,WHJKT,Jakarta - Cengkareng,BATCH7332,05/09/2025,22/08/2025,26/04/2028,4,72,13,8,1,0,12.3,2600,5.85,36.9,24,3,$11.82,$13.09,$851.05,5.12,7,0.9745,FEFO,In Stock,2,06/07/2025,-2.70%,78.06%,No Notes,Medium,50,In Stock,Critical,FALSE,FALSE,0,Medium Risk,62.35416667,Very Fast Moving,0.170833333,0.08,Low,0,0.08,A - Good,213.1579776,Very Uneven (~213+),0
SKU0537,Fresh Product 162,Fresh Produce,B,S008,PT Hygienic Supplies,WHDPS,Denpasar - Tabanan,BATCH4054,26/04/2025,14/04/2025,30/04/2025,136,742,11,76,0,2,63.94,2294,11.6,191.82,104,3,$2.26,$2.43,"$1,675.36",2.59,19,0.8271,FEFO,Expiring Soon,-4,30/06/2025,-1.65%,70.16%,No Notes,Low,655,In Stock,Low,FALSE,FALSE,0,Low Risk,31.45296496,Fast Moving,0.086172507,0.52,Low,0,0.52,A - Good,206.5718724,High Variation (~206),0
SKU0538,Fresh Product 127,Fresh Produce,C,S009,PT Beverage Nusantara,WHSBY,Surabaya - Sidoarjo,BATCH7445,16/06/2025,30/04/2025,26/06/2025,85,300,14,12,0,1,32.32,8310,9.28,129.28,74,4,$1.73,$1.72,$517.77,3.23,16,0.9448,FIFO,Expiring Soon,0,07/09/2025,-4.41%,84.51%,No Notes,Medium,274,In Stock,Critical,FALSE,FALSE,0,Medium Risk,39.32266667,Fast Moving,0.107733333,0.22,Low,0,0.22,A - Good,199.2482854,High Variation (~206),0
SKU0539,Seafood Product 321,Seafood,C,S005,PT Agro Raya,WHBDG,Bandung - Rancaekek,BATCH2015,04/05/2025,25/03/2025,11/05/2025,128,98,55,41,4,2,24.86,5960,3.94,174.02,88,7,$4.01,$4.21,$392.73,7.61,11,0.8176,FEFO,Low Stock,0,22/07/2025,-2.22%,75.30%,No Notes,Medium,-2,Out of Stock,Critical,TRUE,TRUE,3.06,High Risk,92.59081633,Very Fast Moving,0.253673469,1.28,Low,3.06,4.34,A - Good,192.2676003,Moderate Imbalance (~192),14.12
SKU0540,Household Product 16,Household,B,S009,PT Beverage Nusantara,WHSBY,Surabaya - Sidoarjo,BATCH6599,14/07/2025,18/05/2025,20/05/2027,57,255,33,6,0,0,19.99,6350,12.76,79.96,46,4,$5.78,$5.43,"$1,473.72",2.35,9,0.7638,FEFO,In Stock,3,17/06/2025,-3.21%,92.48%,Fragile,Low,216,In Stock,Low,FALSE,FALSE,0,Low Risk,28.61313725,Fast Moving,0.078392157,0.94,Low,0,0.94,A - Good,199.2482854,High Variation (~206),0
SKU0541,Pantry Product 348,Pantry,C,S010,PT DailyDairy,WHBDG,Bandung - Rancaekek,BATCH3502,26/05/2025,29/04/2025,30/09/2027,106,144,40,29,1,0,17.54,4800,8.21,87.7,48,5,$1.32,$1.23,$190.28,3.65,6,0.8364,FEFO,In Stock,3,24/06/2025,5.66%,84.52%,No Notes,Medium,74,In Stock,Critical,FALSE,FALSE,0,Medium Risk,44.45902778,Fast Moving,0.121805556,0.82,Low,0,0.82,A - Good,192.2676003,Moderate Imbalance (~192),0
SKU0542,Pantry Product 106,Pantry,B,S003,PT Prima Distribusi,WHDPS,Denpasar - Tabanan,BATCH4314,24/04/2025,28/02/2025,22/02/2030,138,202,57,43,0,2,18.77,5010,10.76,56.31,35,3,$4.73,$4.88,$956.17,2.79,4,0.7327,FIFO,In Stock,1,01/08/2025,-5.55%,72.75%,No Notes,Low,102,In Stock,Low,FALSE,FALSE,0,Low Risk,33.91608911,Fast Moving,0.092920792,0.8,Low,0,0.8,A - Good,206.5718724,High Variation (~206),0
SKU0543,Personal Product 466,Personal Care,B,S003,PT Prima Distribusi,WHMDN,Medan - Deli Serdang,BATCH3589,03/08/2025,14/07/2025,07/04/2030,37,158,29,24,1,0,15.25,5720,10.36,76.25,41,5,$8.79,$8.54,"$1,388.76",2.9,7,0.8222,FIFO,In Stock,4,30/06/2025,5.63%,85.83%,No Notes,Low,104,In Stock,Low,FALSE,FALSE,0,Low Risk,35.22943038,Fast Moving,0.096518987,0.89,Low,0,0.89,A - Good,202.6218382,High Variation (~206),0
SKU0544,Beverages Product 95,Beverages,C,S006,PT Frozen Express,WHBDG,Bandung - Rancaekek,BATCH7783,02/09/2025,07/08/2025,15/06/2028,7,693,315,95,1,0,78.88,2022,8.79,157.76,83,2,$0.55,$0.60,$379.42,3.41,20,0.7162,FEFO,In Stock,2,15/07/2025,-4.68%,95.06%,No Notes,Medium,282,In Stock,Critical,FALSE,FALSE,0,Medium Risk,41.54574315,Fast Moving,0.113823954,0.57,Low,0,0.57,A - Good,192.2676003,Moderate Imbalance (~192),0
SKU0545,Household Product 327,Household,A,S005,PT Agro Raya,WHBDG,Bandung - Rancaekek,BATCH3155,23/07/2025,12/07/2025,26/02/2027,48,219,38,30,0,1,17.93,5050,12.21,125.51,72,7,$14.21,$14.08,"$3,112.98",2.46,7,0.7817,FIFO,In Stock,0,23/06/2025,-5.65%,86.58%,No Notes,Low,151,In Stock,Low,FALSE,FALSE,0,Low Risk,29.88333333,Fast Moving,0.081872146,1.53,Low,0,1.53,A - Good,192.2676003,Moderate Imbalance (~192),0
SKU0546,Pantry Product 314,Pantry,C,S004,PT Nusantara Supplier,WHDPS,Denpasar - Tabanan,BATCH1427,12/07/2025,20/06/2025,27/10/2027,59,49,36,13,2,0,14.05,5190,3.49,98.35,50,7,$7.12,$6.63,$348.97,8.6,6,0.8478,FIFO,Low Stock,2,13/06/2025,6.45%,60.92%,No Notes,Medium,-2,Out of Stock,Critical,TRUE,TRUE,3.51,High Risk,104.6581633,Very Fast Moving,0.286734694,1.07,Low,3.51,4.58,A - Good,206.5718724,High Variation (~206),15.02
SKU0547,Dairy Product 434,Dairy,B,S010,PT DailyDairy,WHMDN,Medan - Deli Serdang,BATCH4014,27/03/2025,01/02/2025,14/04/2025,166,346,88,61,2,1,46.44,177,7.45,325.08,168,7,$3.84,$4.32,"$1,329.92",4.03,15,0.7508,FEFO,Low Stock,-3,09/07/2025,8.28%,62.93%,No Notes,Medium,195,In Stock,Critical,FALSE,FALSE,0,Medium Risk,48.99017341,Fast Moving,0.134219653,1.74,Low,0,1.74,A - Good,202.6218382,High Variation (~206),0
SKU0548,Dairy Product 116,Dairy,C,S001,PT Segar Makmur,WHMDN,Medan - Deli Serdang,BATCH7767,06/09/2025,23/08/2025,21/09/2025,3,262,64,47,0,0,35.99,9690,7.28,179.95,95,5,$1.17,$1.33,$306.72,4.12,11,0.9278,FIFO,Low Stock,0,14/08/2025,-0.72%,84.83%,Fragile,Medium,151,In Stock,Critical,FALSE,FALSE,0,Medium Risk,50.13874046,Very Fast Moving,0.137366412,0.36,Low,0,0.36,A - Good,202.6218382,High Variation (~206),0
SKU0549,Household Product 251,Household,B,S006,PT Frozen Express,WHMDN,Medan - Deli Serdang,BATCH7633,08/07/2025,20/05/2025,29/11/2028,63,49,0,3,0,0,5.96,1460,8.22,17.88,11,3,$18.60,$18.51,$911.21,3.65,3,0.7793,FIFO,In Stock,0,24/06/2025,1.89%,60.60%,No Notes,Medium,46,Low,Critical,FALSE,FALSE,0,Medium Risk,44.39591837,Fast Moving,0.121632653,0.66,Low,0,0.66,A - Good,202.6218382,High Variation (~206),0
SKU0550,Bakery Product 161,Bakery,C,S007,PT Bakerindo,WHDPS,Denpasar - Tabanan,BATCH9784,16/04/2025,14/03/2025,22/04/2025,146,195,25,24,2,0,12.02,4140,16.22,84.14,46,7,$2.78,$2.90,$542.53,1.85,3,0.7905,FIFO,Expiring Soon,-1,05/07/2025,1.39%,64.83%,Fragile,Low,144,In Stock,Low,FALSE,FALSE,0,Low Risk,22.49897436,Fast Moving,0.061641026,1.47,Low,0,1.47,A - Good,206.5718724,High Variation (~206),0
SKU0551,Household Product 22,Household,B,S004,PT Nusantara Supplier,WHDPS,Denpasar - Tabanan,BATCH1643,25/04/2025,21/03/2025,13/07/2028,137,128,33,27,3,0,9.54,3000,13.42,19.08,13,2,$9.77,$10.23,"$1,250.16",2.24,3,0.9786,FEFO,In Stock,2,05/07/2025,-3.79%,95.56%,No Notes,Low,65,In Stock,Low,FALSE,FALSE,0,Low Risk,27.20390625,Fast Moving,0.07453125,0.04,Low,0,0.04,A - Good,206.5718724,High Variation (~206),0
SKU0552,Personal Product 98,Personal Care,C,S005,PT Agro Raya,WHMDN,Medan - Deli Serdang,BATCH5684,31/05/2025,02/05/2025,13/02/2028,101,30,6,2,0,0,2.79,700,10.75,13.95,9,5,$13.08,$11.94,$392.31,2.79,1,0.7376,FIFO,In Stock,6,17/07/2025,-9.80%,97.50%,No Notes,Low,22,Low,Low,FALSE,FALSE,0,Low Risk,33.945,Fast Moving,0.093,1.31,Low,0,1.31,A - Good,202.6218382,High Variation (~206),0
SKU0553,Personal Product 354,Personal Care,B,S009,PT Beverage Nusantara,WHBDG,Bandung - Rancaekek,BATCH8400,14/05/2025,09/05/2025,27/12/2029,118,113,65,48,2,2,21.59,5420,5.23,107.95,63,5,$13.78,$12.72,"$1,556.62",5.73,12,0.8968,FIFO,Low Stock,1,17/08/2025,4.64%,76.08%,No Notes,Medium,-2,Out of Stock,Critical,FALSE,FALSE,0,Medium Risk,69.73761062,Very Fast Moving,0.191061947,0.52,Low,0,0.52,A - Good,192.2676003,Moderate Imbalance (~192),0
SKU0554,Personal Product 357,Personal Care,B,S009,PT Beverage Nusantara,WHBDG,Bandung - Rancaekek,BATCH6299,01/06/2025,04/05/2025,24/09/2028,100,75,31,37,0,0,14.87,4500,5.04,208.18,111,14,$22.43,$25.46,"$1,682.07",5.95,9,0.8002,FIFO,Low Stock,3,18/08/2025,-6.12%,81.65%,No Notes,Medium,7,Low,Critical,TRUE,TRUE,8.96,Medium Risk,72.36733333,Very Fast Moving,0.198266667,2.8,Medium,8.96,11.76,B - Normal,192.2676003,Moderate Imbalance (~192),25.92
SKU0555,Personal Product 459,Personal Care,B,S004,PT Nusantara Supplier,WHMDN,Medan - Deli Serdang,BATCH6309,17/08/2025,04/07/2025,11/01/2028,23,48,7,10,2,1,4.95,1270,9.7,49.5,32,10,$23.42,$25.41,"$1,124.07",3.09,3,0.8554,FIFO,Low Stock,2,25/08/2025,7.41%,63.71%,Fragile,Medium,29,Low,Critical,TRUE,TRUE,0.3,Medium Risk,37.640625,Fast Moving,0.103125,1.45,Low,0.3,1.75,A - Good,202.6218382,High Variation (~206),8.6
SKU0556,Pantry Product 44,Pantry,B,S009,PT Beverage Nusantara,WHMDN,Medan - Deli Serdang,BATCH3619,02/05/2025,08/04/2025,06/10/2029,130,231,3,20,1,1,19.16,5680,12.06,76.64,44,4,$5.61,$5.43,"$1,296.44",2.49,10,0.7711,FEFO,In Stock,4,04/09/2025,2.53%,82.22%,No Notes,Low,207,In Stock,Low,FALSE,FALSE,0,Low Risk,30.27445887,Fast Moving,0.082943723,0.92,Low,0,0.92,A - Good,202.6218382,High Variation (~206),0
SKU0557,Personal Product 290,Personal Care,C,S003,PT Prima Distribusi,WHBDG,Bandung - Rancaekek,BATCH1840,03/08/2025,08/07/2025,04/08/2027,37,162,35,41,0,0,22.27,5870,7.27,22.27,15,1,$4.12,$3.71,$667.07,4.12,6,0.7873,FEFO,In Stock,-2,01/08/2025,4.36%,81.29%,No Notes,Medium,86,In Stock,Critical,FALSE,FALSE,0,Medium Risk,50.17623457,Very Fast Moving,0.137469136,0.21,Low,0,0.21,A - Good,192.2676003,Moderate Imbalance (~192),0
SKU0558,Personal Product 148,Personal Care,C,S003,PT Prima Distribusi,WHJKT,Jakarta - Cengkareng,BATCH1057,07/08/2025,29/06/2025,26/09/2027,33,159,53,15,0,0,22.5,6400,7.07,112.5,59,5,$1.96,$2.25,$310.94,4.25,6,0.8673,FEFO,Low Stock,5,08/09/2025,4.61%,92.55%,No Notes,Medium,91,In Stock,Critical,FALSE,FALSE,0,Medium Risk,51.6509434,Very Fast Moving,0.141509434,0.66,Low,0,0.66,A - Good,213.1579776,Very Uneven (~213+),0
SKU0559,Household Product 279,Household,C,S001,PT Segar Makmur,WHDPS,Denpasar - Tabanan,BATCH4553,06/05/2025,30/03/2025,05/09/2027,126,81,47,17,2,1,14.95,4990,5.42,29.9,23,2,$5.24,$5.49,$424.14,5.54,8,0.7771,FEFO,In Stock,4,13/07/2025,0.36%,76.72%,No Notes,Medium,15,Low,Critical,FALSE,FALSE,0,Medium Risk,67.36728395,Very Fast Moving,0.184567901,0.45,Low,0,0.45,A - Good,206.5718724,High Variation (~206),0
SKU0560,Fresh Product 308,Fresh Produce,C,S001,PT Segar Makmur,WHBDG,Bandung - Rancaekek,BATCH4401,22/04/2025,19/04/2025,29/04/2025,140,217,52,64,0,0,32.75,1103,6.63,32.75,19,1,$1.95,$2.17,$423.80,4.53,4,0.7405,FIFO,Expiring Soon,-2,22/08/2025,6.90%,73.69%,Promotional item,Medium,101,In Stock,Critical,FALSE,FALSE,0,Medium Risk,55.08640553,Very Fast Moving,0.150921659,0.26,Low,0,0.26,A - Good,192.2676003,Moderate Imbalance (~192),0
SKU0561,Fresh Product 438,Fresh Produce,B,S001,PT Segar Makmur,WHDPS,Denpasar - Tabanan,BATCH6424,08/04/2025,09/02/2025,15/04/2025,154,789,247,244,3,1,72.36,1726,10.9,217.08,110,3,$1.60,$1.47,"$1,259.32",2.75,24,0.838,FIFO,Expiring Soon,-3,03/09/2025,-3.58%,92.70%,High return rate,Low,295,In Stock,Low,FALSE,FALSE,0,Low Risk,33.47452471,Fast Moving,0.091711027,0.49,Low,0,0.49,A - Good,206.5718724,High Variation (~206),0
SKU0562,Dairy Product 146,Dairy,C,S010,PT DailyDairy,WHDPS,Denpasar - Tabanan,BATCH3906,16/04/2025,18/03/2025,10/05/2025,146,111,20,13,2,1,11.08,3740,10.02,44.32,28,4,$1.68,$1.82,$186.49,2.99,4,0.7208,FEFO,Expiring Soon,-2,05/09/2025,-1.76%,75.42%,Promotional item,Low,76,In Stock,Low,FALSE,FALSE,0,Low Risk,36.43423423,Fast Moving,0.09981982,1.12,Low,0,1.12,A - Good,206.5718724,High Variation (~206),0
SKU0563,Seafood Product 460,Seafood,A,S007,PT Bakerindo,WHJKT,Jakarta - Cengkareng,BATCH5797,23/05/2025,23/04/2025,27/05/2025,109,393,79,79,0,1,26.88,8670,14.62,26.88,14,1,$9.03,$8.87,"$3,549.81",2.05,9,0.921,FIFO,Expiring Soon,0,25/08/2025,7.72%,62.76%,No Notes,Low,235,In Stock,Low,FALSE,FALSE,0,Low Risk,24.9648855,Fast Moving,0.068396947,0.08,Low,0,0.08,A - Good,213.1579776,Very Uneven (~213+),0
SKU0564,Meat Product 270,Meat,B,S007,PT Bakerindo,WHDPS,Denpasar - Tabanan,BATCH1953,18/07/2025,12/07/2025,29/07/2025,53,192,0,51,0,2,19.02,4700,10.09,76.08,44,4,$7.43,$7.70,"$1,427.39",2.97,9,0.7819,FIFO,Expiring Soon,-2,10/07/2025,-5.23%,83.69%,No Notes,Low,141,In Stock,Low,FALSE,FALSE,0,Low Risk,36.1578125,Fast Moving,0.0990625,0.87,Low,0,0.87,A - Good,206.5718724,High Variation (~206),0
SKU0565,Pantry Product 404,Pantry,B,S005,PT Agro Raya,WHMDN,Medan - Deli Serdang,BATCH5254,07/04/2025,05/03/2025,15/01/2028,155,262,56,57,0,0,19.86,4850,13.19,59.58,36,3,$5.15,$5.37,"$1,348.85",2.27,8,0.8406,FEFO,In Stock,0,24/08/2025,-5.75%,61.21%,No Notes,Low,149,In Stock,Low,FALSE,FALSE,0,Low Risk,27.66755725,Fast Moving,0.075801527,0.48,Low,0,0.48,A - Good,202.6218382,High Variation (~206),0
SKU0566,Frozen Product 374,Frozen,B,S008,PT Hygienic Supplies,WHMDN,Medan - Deli Serdang,BATCH4812,25/07/2025,10/06/2025,26/06/2026,46,264,144,50,0,0,36.75,1187,7.18,147,74,4,$7.44,$6.80,"$1,965.03",4.18,14,0.7805,FEFO,In Stock,0,16/08/2025,-5.78%,81.52%,Seasonal SKU,Medium,70,In Stock,Critical,FALSE,FALSE,0,Medium Risk,50.80965909,Very Fast Moving,0.139204545,0.88,Low,0,0.88,A - Good,202.6218382,High Variation (~206),0
SKU0567,Frozen Product 408,Frozen,C,S002,PT Indo Fresh,WHBDG,Bandung - Rancaekek,BATCH7783,05/04/2025,03/04/2025,16/01/2026,157,97,26,8,0,0,8.58,2860,11.31,60.06,34,7,$2.71,$2.47,$263.03,2.65,9,0.8019,FEFO,In Stock,-1,27/07/2025,-3%,70.99%,No Notes,Low,63,In Stock,Low,FALSE,FALSE,0,Low Risk,32.28556701,Fast Moving,0.088453608,1.39,Low,0,1.39,A - Good,192.2676003,Moderate Imbalance (~192),0
SKU0568,Pantry Product 6,Pantry,A,S004,PT Nusantara Supplier,WHSBY,Surabaya - Sidoarjo,BATCH6042,06/07/2025,17/06/2025,21/11/2026,65,180,19,14,0,3,13.31,4260,13.52,39.93,24,3,$11.37,$11.00,"$2,046.26",2.22,3,0.8026,FEFO,In Stock,-2,09/09/2025,9.78%,70.36%,Promotional item,Low,147,In Stock,Low,FALSE,FALSE,0,Low Risk,26.98972222,Fast Moving,0.073944444,0.59,Low,0,0.59,A - Good,199.2482854,High Variation (~206),0
SKU0569,Seafood Product 371,Seafood,A,S010,PT DailyDairy,WHDPS,Denpasar - Tabanan,BATCH4178,02/09/2025,12/08/2025,07/09/2025,7,221,39,9,1,1,18.63,6230,11.86,55.89,33,3,$11.92,$11.19,"$2,633.68",2.53,6,0.9309,FEFO,Expiring Soon,1,15/06/2025,9.15%,76.09%,No Notes,Low,172,In Stock,Low,FALSE,FALSE,0,Low Risk,30.76900452,Fast Moving,0.084298643,0.21,Low,0,0.21,A - Good,206.5718724,High Variation (~206),0
SKU0570,Frozen Product 19,Frozen,A,S003,PT Prima Distribusi,WHMDN,Medan - Deli Serdang,BATCH8546,01/08/2025,05/06/2025,07/07/2026,39,370,56,67,2,1,30.02,1106,12.33,120.08,66,4,$6.87,$7.48,"$2,541.79",2.43,13,0.8786,FEFO,In Stock,-1,12/07/2025,1.07%,61.49%,No Notes,Low,245,In Stock,Low,FALSE,FALSE,0,Low Risk,29.61432432,Fast Moving,0.081135135,0.49,Low,0,0.49,A - Good,202.6218382,High Variation (~206),0
SKU0571,Bakery Product 381,Bakery,C,S001,PT Segar Makmur,WHDPS,Denpasar - Tabanan,BATCH6169,25/06/2025,21/05/2025,01/07/2025,76,123,16,7,2,0,10.09,3880,12.19,10.09,8,1,$2.20,$2.48,$270.19,2.46,10,0.8833,FIFO,Expiring Soon,3,14/08/2025,2.78%,79.10%,No Notes,Low,98,In Stock,Low,FALSE,FALSE,0,Low Risk,29.94186992,Fast Moving,0.08203252,0.12,Low,0,0.12,A - Good,206.5718724,High Variation (~206),0
SKU0572,Seafood Product 470,Seafood,B,S006,PT Frozen Express,WHJKT,Jakarta - Cengkareng,BATCH1510,02/08/2025,12/07/2025,09/08/2025,38,147,51,11,0,2,26,7030,5.65,52,32,2,$8.78,$8.33,"$1,290.57",5.31,13,0.7156,FEFO,Expiring Soon,1,21/06/2025,-0.29%,63.13%,No Notes,Medium,85,In Stock,Critical,FALSE,FALSE,0,Medium Risk,64.55782313,Very Fast Moving,0.176870748,0.57,Low,0,0.57,A - Good,213.1579776,Very Uneven (~213+),0
SKU0573,Dairy Product 311,Dairy,A,S007,PT Bakerindo,WHBDG,Bandung - Rancaekek,BATCH6050,10/04/2025,24/02/2025,20/04/2025,152,809,149,94,3,0,55.85,216,14.49,390.95,201,7,$3.54,$3.46,"$2,862.16",2.07,23,0.9292,FEFO,Expiring Soon,4,11/06/2025,1.22%,75.62%,Fragile,Low,563,In Stock,Low,FALSE,FALSE,0,Low Risk,25.19808405,Fast Moving,0.069035847,0.5,Low,0,0.5,A - Good,192.2676003,Moderate Imbalance (~192),0
SKU0574,Fresh Product 450,Fresh Produce,C,S004,PT Nusantara Supplier,WHSBY,Surabaya - Sidoarjo,BATCH4541,17/05/2025,14/04/2025,24/05/2025,115,120,3,3,0,1,7.95,1980,15.09,23.85,13,3,$1.12,$1.23,$134.05,1.99,5,0.8,FEFO,Expiring Soon,3,18/08/2025,2.36%,87.69%,Seasonal SKU,Low,114,In Stock,Low,FALSE,FALSE,0,Low Risk,24.18125,Fast Moving,0.06625,0.6,Low,0,0.6,A - Good,199.2482854,High Variation (~206),0
SKU0575,Beverages Product 468,Beverages,A,S002,PT Indo Fresh,WHMDN,Medan - Deli Serdang,BATCH8907,03/05/2025,07/03/2025,23/06/2026,129,1,61,115,1,1,89.01,2332,0.01,1246.14,624,14,$3.16,$3.24,"$4,732.77",1.78,28,0.8975,FIFO,Low Stock,0,16/08/2025,-1.38%,77.80%,No Notes,Low,-176,Out of Stock,Critical,TRUE,TRUE,13.99,High Risk,32488.65,Very Fast Moving,89.01,1.44,Low,13.99,15.43,A - Good,202.6218382,High Variation (~206),35.98
SKU0576,Frozen Product 448,Frozen,C,S009,PT Beverage Nusantara,WHSBY,Surabaya - Sidoarjo,BATCH2609,18/06/2025,27/04/2025,20/01/2026,83,302,8,60,2,1,41.37,1457,7.3,124.11,69,3,$1.12,$1.28,$338.27,4.11,11,0.9908,FIFO,In Stock,0,14/08/2025,-1.37%,89.78%,No Notes,Medium,232,In Stock,Critical,FALSE,FALSE,0,Medium Risk,50.00016556,Very Fast Moving,0.136986755,0.03,Low,0,0.03,A - Good,199.2482854,High Variation (~206),0
SKU0577,Frozen Product 366,Frozen,A,S009,PT Beverage Nusantara,WHJKT,Jakarta - Cengkareng,BATCH1721,08/09/2025,27/07/2025,25/05/2026,1,335,81,71,0,0,47.92,111,6.99,335.44,177,7,$7.18,$7.09,"$2,404.23",4.29,23,0.8614,FIFO,Low Stock,-4,29/07/2025,6.92%,60.22%,No Notes,Medium,183,In Stock,Critical,TRUE,TRUE,0.01,Medium Risk,52.21134328,Very Fast Moving,0.143044776,0.97,Low,0.01,0.98,A - Good,213.1579776,Very Uneven (~213+),8.02
SKU0578,Fresh Product 267,Fresh Produce,B,S005,PT Agro Raya,WHJKT,Jakarta - Cengkareng,BATCH4438,15/04/2025,26/03/2025,22/04/2025,147,357,18,58,0,0,42.25,10,8.45,295.75,157,7,$2.40,$2.31,$857.19,3.55,14,0.9816,FIFO,Low Stock,4,16/08/2025,-3.47%,90.84%,No Notes,Medium,281,In Stock,Critical,FALSE,FALSE,0,Medium Risk,43.19677871,Fast Moving,0.118347339,0.13,Low,0,0.13,A - Good,213.1579776,Very Uneven (~213+),0
SKU0579,Pantry Product 396,Pantry,B,S008,PT Hygienic Supplies,WHJKT,Jakarta - Cengkareng,BATCH3580,02/07/2025,15/06/2025,03/05/2027,69,147,64,54,1,1,28.59,8330,5.14,114.36,64,4,$12.79,$13.90,"$1,879.73",5.83,12,0.7769,FIFO,Low Stock,2,08/09/2025,-8.17%,60.60%,No Notes,Medium,28,Low,Critical,FALSE,FALSE,0,Medium Risk,70.98877551,Very Fast Moving,0.194489796,0.89,Low,0,0.89,A - Good,213.1579776,Very Uneven (~213+),0
SKU0580,Pantry Product 53,Pantry,C,S004,PT Nusantara Supplier,WHDPS,Denpasar - Tabanan,BATCH6218,12/06/2025,26/05/2025,11/07/2029,89,72,49,2,0,1,16.45,4250,4.38,32.9,21,2,$8.21,$8.80,$591.23,6.85,3,0.9517,FIFO,In Stock,0,11/06/2025,-7.59%,74.91%,No Notes,Medium,21,Low,Critical,FALSE,FALSE,0,High Risk,83.39236111,Very Fast Moving,0.228472222,0.1,Low,0,0.1,A - Good,206.5718724,High Variation (~206),0
SKU0581,Pantry Product 88,Pantry,A,S002,PT Indo Fresh,WHSBY,Surabaya - Sidoarjo,BATCH9856,06/04/2025,09/03/2025,28/02/2028,156,364,50,35,2,1,21.03,6860,17.31,42.06,27,2,$10.81,$11.98,"$3,935.02",1.73,8,0.7721,FIFO,In Stock,1,24/08/2025,-0.82%,97.47%,Seasonal SKU,Low,277,In Stock,Low,FALSE,FALSE,0,Low Risk,21.08777473,Fast Moving,0.057774725,0.46,Low,0,0.46,A - Good,199.2482854,High Variation (~206),0
SKU0582,Fresh Product 28,Fresh Produce,B,S002,PT Indo Fresh,WHMDN,Medan - Deli Serdang,BATCH8304,01/06/2025,23/04/2025,06/06/2025,100,483,112,82,5,1,51.08,18,9.46,255.4,130,5,$2.13,$2.16,"$1,029.90",3.17,16,0.9153,FEFO,Expiring Soon,0,01/08/2025,5.82%,81.27%,No Notes,Medium,284,In Stock,Critical,FALSE,FALSE,0,Medium Risk,38.60082816,Fast Moving,0.105755694,0.42,Low,0,0.42,A - Good,202.6218382,High Variation (~206),0
SKU0583,Dairy Product 389,Dairy,A,S009,PT Beverage Nusantara,WHJKT,Jakarta - Cengkareng,BATCH3159,13/05/2025,08/05/2025,07/06/2025,119,864,152,201,2,2,58.29,1531,14.82,174.87,94,3,$3.59,$3.72,"$3,099.69",2.02,23,0.7627,FEFO,Expiring Soon,-4,28/08/2025,2.11%,72.55%,No Notes,Low,509,In Stock,Low,FALSE,FALSE,0,Low Risk,24.62482639,Fast Moving,0.067465278,0.71,Low,0,0.71,A - Good,213.1579776,Very Uneven (~213+),0
SKU0584,Beverages Product 364,Beverages,C,S008,PT Hygienic Supplies,WHMDN,Medan - Deli Serdang,BATCH3354,12/07/2025,18/05/2025,13/10/2027,59,240,71,45,3,1,28.66,8680,8.37,57.32,36,2,$3.12,$3.20,$748.75,3.58,14,0.8381,FEFO,In Stock,0,25/07/2025,6.80%,86.59%,No Notes,Medium,121,In Stock,Critical,FALSE,FALSE,0,Medium Risk,43.58708333,Fast Moving,0.119416667,0.32,Low,0,0.32,A - Good,202.6218382,High Variation (~206),0
SKU0585,Beverages Product 341,Beverages,C,S006,PT Frozen Express,WHSBY,Surabaya - Sidoarjo,BATCH1495,16/05/2025,12/05/2025,07/02/2029,116,31,6,5,4,1,9.85,2170,3.15,29.55,22,3,$2.15,$2.19,$66.77,9.53,3,0.8745,FEFO,Low Stock,-3,26/08/2025,9.73%,92.00%,No Notes,Medium,16,Low,Critical,FALSE,FALSE,0,High Risk,115.9758065,Very Fast Moving,0.317741935,0.38,Low,0,0.38,A - Good,199.2482854,High Variation (~206),0
SKU0586,Frozen Product 88,Frozen,C,S005,PT Agro Raya,WHSBY,Surabaya - Sidoarjo,BATCH3087,08/04/2025,07/03/2025,01/03/2026,154,10,5,4,1,1,2.06,470,4.85,2.06,5,1,$1.09,$1.14,$10.89,6.18,3,0.7757,FIFO,In Stock,-3,20/07/2025,3.24%,62.99%,No Notes,Medium,0,Out of Stock,Critical,FALSE,FALSE,0,High Risk,75.19,Very Fast Moving,0.206,0.22,Low,0,0.22,A - Good,199.2482854,High Variation (~206),0
SKU0587,Household Product 167,Household,C,S009,PT Beverage Nusantara,WHJKT,Jakarta - Cengkareng,BATCH8552,24/06/2025,30/05/2025,19/06/2029,77,180,42,18,2,1,12.51,3940,14.39,12.51,9,1,$2.47,$2.29,$444.11,2.08,7,0.9655,FEFO,In Stock,3,10/08/2025,9.83%,89.83%,No Notes,Low,118,In Stock,Low,FALSE,FALSE,0,Low Risk,25.3675,Fast Moving,0.0695,0.03,Low,0,0.03,A - Good,213.1579776,Very Uneven (~213+),0
SKU0588,Pantry Product 499,Pantry,B,S008,PT Hygienic Supplies,WHMDN,Medan - Deli Serdang,BATCH4411,24/08/2025,03/07/2025,21/07/2028,16,311,31,31,1,0,27.12,6480,11.47,54.24,36,2,$4.49,$4.46,"$1,396.95",2.62,12,0.8845,FEFO,In Stock,9,16/07/2025,-8.03%,63.25%,No Notes,Low,248,In Stock,Low,FALSE,FALSE,0,Low Risk,31.82893891,Fast Moving,0.087202572,0.23,Low,0,0.23,A - Good,202.6218382,High Variation (~206),0
SKU0589,Seafood Product 356,Seafood,B,S004,PT Nusantara Supplier,WHBDG,Bandung - Rancaekek,BATCH8972,24/03/2025,17/03/2025,28/03/2025,169,144,16,18,0,2,8.98,2860,16.04,26.94,16,3,$8.44,$8.59,"$1,215.04",1.87,4,0.777,FEFO,Expiring Soon,3,30/07/2025,-2.23%,94.03%,No Notes,Low,110,In Stock,Low,FALSE,FALSE,0,Low Risk,22.76180556,Fast Moving,0.062361111,0.67,Low,0,0.67,A - Good,192.2676003,Moderate Imbalance (~192),0
SKU0590,Household Product 91,Household,C,S005,PT Agro Raya,WHMDN,Medan - Deli Serdang,BATCH2781,23/08/2025,11/07/2025,30/12/2029,17,135,40,52,5,0,18.28,4100,7.39,127.96,68,7,$5.93,$6.41,$801.20,4.06,5,0.7513,FEFO,Low Stock,2,30/07/2025,-1.61%,70.90%,No Notes,Medium,38,Low,Critical,FALSE,FALSE,0,Medium Risk,49.4237037,Fast Moving,0.135407407,1.74,Low,0,1.74,A - Good,202.6218382,High Variation (~206),0
SKU0591,Beverages Product 47,Beverages,A,S004,PT Nusantara Supplier,WHBDG,Bandung - Rancaekek,BATCH1003,14/04/2025,25/02/2025,06/11/2029,148,362,110,68,2,0,29.86,8430,12.12,29.86,23,1,$6.77,$7.08,"$2,451.83",2.47,12,0.9547,FIFO,In Stock,-3,17/06/2025,-8.61%,87.32%,Temperature controlled,Low,182,In Stock,Low,FALSE,FALSE,0,Low Risk,30.10745856,Fast Moving,0.082486188,0.05,Low,0,0.05,A - Good,192.2676003,Moderate Imbalance (~192),0
SKU0592,Meat Product 316,Meat,B,S010,PT DailyDairy,WHMDN,Medan - Deli Serdang,BATCH6187,21/07/2025,02/07/2025,01/08/2025,50,237,41,39,1,1,29.41,9790,8.06,294.1,153,10,$8.43,$8.68,"$1,997.44",3.72,15,0.9587,FEFO,Low Stock,-3,16/07/2025,8.43%,76.23%,No Notes,Medium,156,In Stock,Critical,TRUE,TRUE,1.94,Medium Risk,45.29388186,Fast Moving,0.124092827,0.41,Low,1.94,2.35,A - Good,202.6218382,High Variation (~206),11.88
SKU0593,Personal Product 46,Personal Care,C,S010,PT DailyDairy,WHJKT,Jakarta - Cengkareng,BATCH7622,06/04/2025,11/02/2025,14/02/2029,156,42,30,12,2,1,20.13,4440,2.09,100.65,56,5,$4.77,$4.43,$200.34,14.38,10,0.7965,FIFO,Low Stock,0,03/08/2025,-8.55%,81.29%,Temperature controlled,High,-2,Out of Stock,Critical,TRUE,TRUE,2.91,High Risk,174.9392857,Very Fast Moving,0.479285714,1.02,Low,2.91,3.93,A - Good,213.1579776,Very Uneven (~213+),13.82
SKU0594,Personal Product 1,Personal Care,C,S009,PT Beverage Nusantara,WHSBY,Surabaya - Sidoarjo,BATCH1510,12/08/2025,28/07/2025,11/03/2028,28,46,1,10,0,2,5.14,1580,8.95,51.4,34,10,$15.82,$14.36,$727.89,3.35,1,0.7949,FEFO,Low Stock,-4,12/06/2025,1.27%,79.62%,No Notes,Medium,35,Low,Critical,TRUE,TRUE,1.05,Medium Risk,40.78478261,Fast Moving,0.11173913,2.05,Medium,1.05,3.1,B - Normal,199.2482854,High Variation (~206),10.1
SKU0595,Pantry Product 365,Pantry,C,S007,PT Bakerindo,WHMDN,Medan - Deli Serdang,BATCH9931,04/06/2025,22/05/2025,11/11/2028,97,49,10,8,0,1,4.21,1000,11.64,29.47,20,7,$0.59,$0.58,$28.70,2.58,3,0.861,FIFO,Low Stock,2,11/07/2025,7.49%,83.58%,Temperature controlled,Low,31,Low,Low,FALSE,FALSE,0,Low Risk,31.36020408,Fast Moving,0.085918367,0.97,Low,0,0.97,A - Good,202.6218382,High Variation (~206),0
SKU0596,Bakery Product 474,Bakery,B,S006,PT Frozen Express,WHMDN,Medan - Deli Serdang,BATCH3056,01/08/2025,24/07/2025,05/08/2025,39,402,40,149,1,0,65.66,2105,6.12,131.32,72,2,$2.70,$2.66,"$1,084.07",4.9,17,0.8852,FIFO,Expiring Soon,4,31/08/2025,-6.13%,67.84%,No Notes,Medium,212,In Stock,Critical,FALSE,FALSE,0,Medium Risk,59.61666667,Very Fast Moving,0.163333333,0.23,Low,0,0.23,A - Good,202.6218382,High Variation (~206),0
SKU0597,Dairy Product 454,Dairy,C,S008,PT Hygienic Supplies,WHMDN,Medan - Deli Serdang,BATCH3248,06/08/2025,26/06/2025,15/08/2025,34,65,4,3,1,0,4.04,1450,16.09,20.2,12,5,$0.80,$0.78,$52.03,1.86,3,0.7171,FEFO,Expiring Soon,5,13/07/2025,-6.51%,78.28%,No Notes,Low,57,In Stock,Low,FALSE,FALSE,0,Low Risk,22.68615385,Fast Moving,0.062153846,1.41,Low,0,1.41,A - Good,202.6218382,High Variation (~206),0
SKU0598,Beverages Product 477,Beverages,C,S007,PT Bakerindo,WHDPS,Denpasar - Tabanan,BATCH9346,25/07/2025,28/06/2025,09/02/2029,46,84,17,5,0,0,7.18,2160,11.7,21.54,17,3,$5.63,$6.12,$473.00,2.56,3,0.7591,FEFO,In Stock,-3,22/07/2025,2.23%,97.84%,No Notes,Low,62,In Stock,Low,FALSE,FALSE,0,Low Risk,31.19880952,Fast Moving,0.08547619,0.72,Low,0,0.72,A - Good,206.5718724,High Variation (~206),0
SKU0599,Dairy Product 310,Dairy,C,S001,PT Segar Makmur,WHDPS,Denpasar - Tabanan,BATCH4878,05/05/2025,21/03/2025,04/06/2025,127,275,39,24,0,1,38,1084,7.24,266,137,7,$2.13,$1.97,$584.40,4.15,13,0.7799,FEFO,Low Stock,-1,19/07/2025,-2.95%,71.42%,No Notes,Medium,212,In Stock,Critical,FALSE,FALSE,0,Medium Risk,50.43636364,Very Fast Moving,0.138181818,1.54,Low,0,1.54,A - Good,206.5718724,High Variation (~206),0
SKU0600,Pantry Product 18,Pantry,B,S001,PT Segar Makmur,WHDPS,Denpasar - Tabanan,BATCH7038,09/05/2025,02/05/2025,21/04/2030,123,93,32,4,3,0,17.58,5810,5.29,175.8,93,10,$12.85,$13.11,"$1,195.40",5.67,5,0.8928,FEFO,Low Stock,-1,13/06/2025,0.75%,64.81%,Temperature controlled,Medium,54,In Stock,Critical,TRUE,TRUE,4.71,Medium Risk,68.99677419,Very Fast Moving,0.189032258,1.07,Low,4.71,5.78,A - Good,206.5718724,High Variation (~206),17.42
SKU0601,Personal Product 385,Personal Care,A,S005,PT Agro Raya,WHMDN,Medan - Deli Serdang,BATCH9574,30/04/2025,05/03/2025,07/10/2026,132,375,31,65,0,1,23.36,7230,16.05,70.08,44,3,$21.32,$22.16,"$7,995.23",1.87,9,0.7237,FIFO,In Stock,0,09/08/2025,-6.57%,94.48%,No Notes,Low,279,In Stock,Low,FALSE,FALSE,0,Low Risk,22.73706667,Fast Moving,0.062293333,0.83,Low,0,0.83,A - Good,202.6218382,High Variation (~206),0
SKU0602,Beverages Product 492,Beverages,B,S002,PT Indo Fresh,WHDPS,Denpasar - Tabanan,BATCH1864,14/04/2025,16/02/2025,13/01/2028,148,166,17,49,2,1,15.8,4280,10.51,47.4,26,3,$6.06,$6.10,"$1,005.69",2.86,9,0.8694,FEFO,In Stock,-1,03/07/2025,7.44%,67.47%,No Notes,Low,98,In Stock,Low,FALSE,FALSE,0,Low Risk,34.74096386,Fast Moving,0.095180723,0.39,Low,0,0.39,A - Good,206.5718724,High Variation (~206),0
SKU0603,Frozen Product 263,Frozen,C,S008,PT Hygienic Supplies,WHDPS,Denpasar - Tabanan,BATCH6782,17/06/2025,27/04/2025,31/03/2026,84,147,59,23,0,1,21.31,8080,6.9,85.24,49,4,$3.05,$3.13,$447.88,4.35,12,0.7167,FEFO,In Stock,3,03/08/2025,7.42%,76.29%,No Notes,Medium,65,In Stock,Critical,FALSE,FALSE,0,Medium Risk,52.91258503,Very Fast Moving,0.144965986,1.13,Low,0,1.13,A - Good,206.5718724,High Variation (~206),0
SKU0604,Beverages Product 306,Beverages,C,S005,PT Agro Raya,WHDPS,Denpasar - Tabanan,BATCH8752,05/07/2025,29/05/2025,07/11/2026,66,414,24,18,1,2,29.96,7870,13.82,89.88,53,3,$1.53,$1.41,$631.39,2.17,7,0.943,FIFO,In Stock,-3,28/06/2025,-1.11%,75.99%,Promotional item,Low,371,In Stock,Low,FALSE,FALSE,0,Low Risk,26.41400966,Fast Moving,0.07236715,0.17,Low,0,0.17,A - Good,206.5718724,High Variation (~206),0
SKU0605,Household Product 320,Household,C,S001,PT Segar Makmur,WHSBY,Surabaya - Sidoarjo,BATCH3077,08/05/2025,06/04/2025,23/10/2026,124,17,1,4,1,0,2.15,730,7.91,4.3,3,2,$4.39,$4.08,$74.62,3.79,2,0.7865,FIFO,In Stock,4,05/08/2025,7.36%,66.11%,No Notes,Medium,11,Low,Critical,FALSE,FALSE,0,Medium Risk,46.16176471,Fast Moving,0.126470588,0.43,Low,0,0.43,A - Good,199.2482854,High Variation (~206),0
SKU0606,Pantry Product 141,Pantry,C,S005,PT Agro Raya,WHJKT,Jakarta - Cengkareng,BATCH3860,12/08/2025,15/06/2025,30/12/2029,28,57,7,13,1,0,5.98,1370,9.53,5.98,7,1,$13.84,$12.54,$788.94,3.15,5,0.9874,FIFO,In Stock,0,17/06/2025,8.17%,74.57%,No Notes,Medium,36,Low,Critical,FALSE,FALSE,0,Medium Risk,38.29298246,Fast Moving,0.104912281,0.01,Low,0,0.01,A - Good,213.1579776,Very Uneven (~213+),0
SKU0607,Household Product 134,Household,C,S004,PT Nusantara Supplier,WHMDN,Medan - Deli Serdang,BATCH1542,25/07/2025,04/07/2025,09/07/2029,46,210,13,53,1,1,19.01,6770,11.05,38.02,24,2,$0.83,$0.82,$175.33,2.72,7,0.9005,FIFO,In Stock,2,22/08/2025,5.27%,88.37%,No Notes,Low,143,In Stock,Low,FALSE,FALSE,0,Low Risk,33.04119048,Fast Moving,0.09052381,0.2,Low,0,0.2,A - Good,202.6218382,High Variation (~206),0
SKU0608,Household Product 429,Household,C,S008,PT Hygienic Supplies,WHMDN,Medan - Deli Serdang,BATCH8211,03/06/2025,18/04/2025,03/10/2027,98,58,8,23,4,0,10.04,3830,5.78,30.12,17,3,$5.58,$5.90,$323.38,5.19,4,0.9895,FIFO,In Stock,-2,14/08/2025,6.55%,91.91%,No Notes,Medium,23,Low,Critical,FALSE,FALSE,0,Medium Risk,63.18275862,Very Fast Moving,0.173103448,0.03,Low,0,0.03,A - Good,202.6218382,High Variation (~206),0
SKU0609,Household Product 28,Household,B,S005,PT Agro Raya,WHJKT,Jakarta - Cengkareng,BATCH8602,27/08/2025,02/08/2025,05/08/2027,13,146,38,1,0,0,18.63,6280,7.84,18.63,13,1,$10.61,$11.08,"$1,548.64",3.83,6,0.8562,FEFO,In Stock,1,02/08/2025,-1.64%,97.04%,No Notes,Medium,107,In Stock,Critical,FALSE,FALSE,0,Medium Risk,46.575,Fast Moving,0.12760274,0.14,Low,0,0.14,A - Good,213.1579776,Very Uneven (~213+),0
SKU0610,Personal Product 473,Personal Care,A,S009,PT Beverage Nusantara,WHBDG,Bandung - Rancaekek,BATCH7390,04/06/2025,05/05/2025,03/04/2030,97,209,35,9,2,0,23.67,6500,8.83,71.01,39,3,$22.10,$24.62,"$4,619.03",3.4,12,0.8039,FEFO,In Stock,2,22/08/2025,7.65%,63.76%,No Notes,Medium,163,In Stock,Critical,FALSE,FALSE,0,Medium Risk,41.33755981,Fast Moving,0.113253589,0.59,Low,0,0.59,A - Good,192.2676003,Moderate Imbalance (~192),0
SKU0611,Bakery Product 148,Bakery,B,S008,PT Hygienic Supplies,WHMDN,Medan - Deli Serdang,BATCH9687,20/03/2025,05/02/2025,24/03/2025,173,437,193,157,0,1,58.22,1318,7.51,58.22,32,1,$2.00,$2.29,$874.13,4,21,0.7976,FIFO,Expiring Soon,0,28/08/2025,-6.53%,76.59%,No Notes,Medium,87,In Stock,Critical,FALSE,FALSE,0,Medium Risk,48.62768879,Fast Moving,0.133226545,0.2,Low,0,0.2,A - Good,202.6218382,High Variation (~206),0
SKU0612,Pantry Product 490,Pantry,A,S007,PT Bakerindo,WHDPS,Denpasar - Tabanan,BATCH6488,27/03/2025,10/03/2025,06/10/2027,166,356,25,15,2,2,28.81,6190,12.36,28.81,16,1,$8.27,$9.24,"$2,945.54",2.43,14,0.8985,FEFO,In Stock,0,28/08/2025,-2.12%,70.00%,No Notes,Low,314,In Stock,Low,FALSE,FALSE,0,Low Risk,29.5383427,Fast Moving,0.080926966,0.1,Low,0,0.1,A - Good,206.5718724,High Variation (~206),0
SKU0613,Pantry Product 237,Pantry,A,S004,PT Nusantara Supplier,WHDPS,Denpasar - Tabanan,BATCH6528,22/07/2025,09/06/2025,20/06/2029,49,189,5,92,0,1,24.68,7600,7.66,49.36,29,2,$13.89,$14.94,"$2,625.44",3.92,12,0.8633,FIFO,In Stock,-6,31/07/2025,-4.02%,90.56%,No Notes,Medium,92,In Stock,Critical,FALSE,FALSE,0,Medium Risk,47.66243386,Fast Moving,0.130582011,0.27,Low,0,0.27,A - Good,206.5718724,High Variation (~206),0
SKU0614,Beverages Product 426,Beverages,A,S002,PT Indo Fresh,WHJKT,Jakarta - Cengkareng,BATCH9605,27/05/2025,21/05/2025,13/12/2026,105,278,2,19,1,1,20.31,5720,13.69,60.93,36,3,$7.70,$8.83,"$2,139.65",2.19,6,0.8716,FEFO,In Stock,0,27/07/2025,-1.38%,91.22%,No Notes,Low,256,In Stock,Low,FALSE,FALSE,0,Low Risk,26.66600719,Fast Moving,0.073057554,0.39,Low,0,0.39,A - Good,213.1579776,Very Uneven (~213+),0
SKU0615,Meat Product 99,Meat,C,S001,PT Segar Makmur,WHJKT,Jakarta - Cengkareng,BATCH1931,04/04/2025,03/02/2025,11/04/2025,158,50,27,0,0,0,13.64,3630,3.67,68.2,38,5,$2.55,$2.72,$127.27,8.18,8,0.8215,FIFO,Low Stock,0,25/06/2025,-6.60%,85.27%,No Notes,Medium,23,Low,Critical,TRUE,TRUE,1.33,High Risk,99.572,Very Fast Moving,0.2728,0.89,Low,1.33,2.22,A - Good,213.1579776,Very Uneven (~213+),10.66
SKU0616,Beverages Product 62,Beverages,B,S002,PT Indo Fresh,WHDPS,Denpasar - Tabanan,BATCH4027,07/08/2025,11/06/2025,14/09/2028,33,190,22,32,0,2,12.72,3390,14.94,63.6,38,5,$5.79,$6.12,"$1,099.25",2.01,5,0.9796,FIFO,In Stock,2,12/06/2025,-7.58%,97.66%,No Notes,Low,136,In Stock,Low,FALSE,FALSE,0,Low Risk,24.43578947,Fast Moving,0.066947368,0.1,Low,0,0.1,A - Good,206.5718724,High Variation (~206),0
SKU0617,Meat Product 339,Meat,C,S002,PT Indo Fresh,WHMDN,Medan - Deli Serdang,BATCH6298,01/07/2025,15/06/2025,19/07/2025,70,15,5,3,0,0,3.31,800,4.53,6.62,6,2,$2.85,$2.58,$42.78,6.62,2,0.8592,FIFO,Expiring Soon,-2,31/08/2025,4.77%,82.85%,No Notes,Medium,7,Low,Critical,FALSE,FALSE,0,High Risk,80.54333333,Very Fast Moving,0.220666667,0.28,Low,0,0.28,A - Good,202.6218382,High Variation (~206),0
SKU0618,Fresh Product 199,Fresh Produce,C,S006,PT Frozen Express,WHJKT,Jakarta - Cengkareng,BATCH3915,05/07/2025,07/06/2025,12/07/2025,66,426,92,61,1,0,36.6,1119,11.64,73.2,45,2,$1.82,$2.04,$775.32,2.58,14,0.7955,FIFO,Expiring Soon,-1,09/07/2025,-1.91%,64.34%,No Notes,Low,272,In Stock,Low,FALSE,FALSE,0,Low Risk,31.35915493,Fast Moving,0.085915493,0.41,Low,0,0.41,A - Good,213.1579776,Very Uneven (~213+),0
SKU0619,Dairy Product 202,Dairy,C,S003,PT Prima Distribusi,WHMDN,Medan - Deli Serdang,BATCH9857,13/08/2025,25/06/2025,24/08/2025,27,382,192,89,2,1,58.36,1412,6.55,116.72,64,2,$1.50,$1.69,$574.45,4.58,23,0.734,FEFO,Expiring Soon,-2,13/08/2025,-5.31%,77.64%,No Notes,Medium,99,In Stock,Critical,FALSE,FALSE,0,Medium Risk,55.76282723,Very Fast Moving,0.152774869,0.53,Low,0,0.53,A - Good,202.6218382,High Variation (~206),0
SKU0620,Fresh Product 227,Fresh Produce,C,S005,PT Agro Raya,WHJKT,Jakarta - Cengkareng,BATCH2153,01/09/2025,27/07/2025,05/09/2025,8,72,22,39,2,1,12.42,3890,5.8,62.1,40,5,$0.80,$0.86,$57.67,5.18,6,0.7541,FEFO,Low Stock,-1,14/07/2025,8.55%,69.33%,Fragile,Medium,9,Low,Critical,FALSE,FALSE,0,Medium Risk,62.9625,Very Fast Moving,0.1725,1.23,Low,0,1.23,A - Good,213.1579776,Very Uneven (~213+),0
SKU0621,Dairy Product 328,Dairy,B,S001,PT Segar Makmur,WHJKT,Jakarta - Cengkareng,BATCH5365,23/03/2025,14/03/2025,11/04/2025,170,324,66,52,0,1,56.52,1697,5.73,395.64,206,7,$3.66,$3.69,"$1,185.61",5.23,22,0.9138,FEFO,Low Stock,0,21/07/2025,0.80%,94.25%,No Notes,Medium,206,In Stock,Critical,TRUE,TRUE,1.27,Medium Risk,63.67222222,Very Fast Moving,0.174444444,0.6,Low,1.27,1.87,A - Good,213.1579776,Very Uneven (~213+),10.54
SKU0622,Frozen Product 482,Frozen,C,S008,PT Hygienic Supplies,WHMDN,Medan - Deli Serdang,BATCH2148,21/05/2025,17/04/2025,28/02/2026,111,421,135,40,3,1,49.87,105,8.44,149.61,77,3,$1.25,$1.13,$525.79,3.55,19,0.9318,FIFO,In Stock,-4,09/09/2025,7.92%,83.87%,No Notes,Medium,243,In Stock,Critical,FALSE,FALSE,0,Medium Risk,43.23646081,Fast Moving,0.118456057,0.2,Low,0,0.2,A - Good,202.6218382,High Variation (~206),0
SKU0623,Beverages Product 400,Beverages,A,S008,PT Hygienic Supplies,WHJKT,Jakarta - Cengkareng,BATCH6880,17/04/2025,27/03/2025,17/04/2029,145,1,120,168,0,2,86,2496,0.01,860,431,10,$4.54,$4.18,"$4,966.70",2.36,31,0.8849,FEFO,Low Stock,-1,20/07/2025,-6.79%,71.73%,Seasonal SKU,Low,-287,Out of Stock,Critical,TRUE,TRUE,9.99,High Risk,31390,Very Fast Moving,86,1.15,Low,9.99,11.14,A - Good,213.1579776,Very Uneven (~213+),27.98
SKU0624,Bakery Product 437,Bakery,C,S006,PT Frozen Express,WHJKT,Jakarta - Cengkareng,BATCH4327,15/05/2025,04/05/2025,19/05/2025,117,39,9,12,2,1,7.28,2430,5.36,21.84,18,3,$1.11,$1.20,$43.22,5.6,7,0.9324,FIFO,Low Stock,-3,22/07/2025,-1.79%,77.45%,No Notes,Medium,16,Low,Critical,FALSE,FALSE,0,Medium Risk,68.13333333,Very Fast Moving,0.186666667,0.2,Low,0,0.2,A - Good,213.1579776,Very Uneven (~213+),0
SKU0625,Meat Product 200,Meat,B,S002,PT Indo Fresh,WHSBY,Surabaya - Sidoarjo,BATCH8175,08/05/2025,22/03/2025,15/05/2025,124,104,16,33,1,1,9.81,3600,10.6,29.43,20,3,$8.85,$10.03,$920.15,2.83,4,0.7318,FIFO,Expiring Soon,0,23/08/2025,-5.60%,90.28%,Seasonal SKU,Low,54,In Stock,Low,FALSE,FALSE,0,Low Risk,34.42932692,Fast Moving,0.094326923,0.8,Low,0,0.8,A - Good,199.2482854,High Variation (~206),0
SKU0626,Beverages Product 304,Beverages,C,S004,PT Nusantara Supplier,WHMDN,Medan - Deli Serdang,BATCH9856,02/06/2025,22/04/2025,09/10/2026,99,10,10,0,0,1,30.52,6450,0.33,213.64,116,7,$7.49,$7.48,$74.94,91.56,12,0.8344,FEFO,Low Stock,0,08/07/2025,4.59%,88.83%,No Notes,,0,Out of Stock,Critical,TRUE,TRUE,6.67,High Risk,1113.98,Very Fast Moving,3.052,1.16,Low,6.67,7.83,A - Good,202.6218382,High Variation (~206),21.34
SKU0627,Household Product 231,Household,A,S001,PT Segar Makmur,WHJKT,Jakarta - Cengkareng,BATCH6533,15/06/2025,26/04/2025,07/10/2026,86,260,24,22,3,0,13.3,4370,19.55,53.2,35,4,$16.09,$18.47,"$4,184.67",1.53,5,0.8758,FIFO,In Stock,-1,20/07/2025,-4.39%,82.08%,Temperature controlled,Low,211,In Stock,Low,FALSE,FALSE,0,Low Risk,18.67115385,Medium Moving,0.051153846,0.5,Low,0,0.5,A - Good,213.1579776,Very Uneven (~213+),0
SKU0628,Frozen Product 348,Frozen,C,S009,PT Beverage Nusantara,WHBDG,Bandung - Rancaekek,BATCH2180,14/04/2025,12/04/2025,09/12/2025,148,147,35,31,1,0,18.02,4480,8.16,54.06,30,3,$2.75,$3.02,$404.81,3.68,8,0.8193,FIFO,In Stock,-1,09/07/2025,-9.31%,70.62%,No Notes,Medium,80,In Stock,Critical,FALSE,FALSE,0,Medium Risk,44.74353741,Fast Moving,0.122585034,0.54,Low,0,0.54,A - Good,192.2676003,Moderate Imbalance (~192),0
SKU0629,Frozen Product 471,Frozen,A,S010,PT DailyDairy,WHJKT,Jakarta - Cengkareng,BATCH3138,09/07/2025,09/07/2025,03/07/2026,62,444,99,63,0,1,41.11,11,10.8,41.11,23,1,$6.49,$6.74,"$2,882.94",2.78,19,0.7477,FIFO,In Stock,-4,21/06/2025,3.34%,67.55%,Promotional item,Low,282,In Stock,Low,FALSE,FALSE,0,Low Risk,33.79538288,Fast Moving,0.09259009,0.25,Low,0,0.25,A - Good,213.1579776,Very Uneven (~213+),0
SKU0630,Household Product 50,Household,C,S008,PT Hygienic Supplies,WHDPS,Denpasar - Tabanan,BATCH2047,28/07/2025,06/06/2025,19/11/2029,43,158,32,14,0,2,10.67,2720,14.81,149.38,84,14,$4.53,$4.53,$715.57,2.03,6,0.9623,FIFO,Low Stock,-1,26/08/2025,-2.13%,74.24%,No Notes,Low,112,In Stock,Low,FALSE,FALSE,0,Low Risk,24.64905063,Fast Moving,0.067531646,0.53,Low,0,0.53,A - Good,206.5718724,High Variation (~206),0
SKU0631,Household Product 113,Household,B,S002,PT Indo Fresh,WHBDG,Bandung - Rancaekek,BATCH7586,23/05/2025,03/05/2025,12/04/2028,109,215,57,28,1,0,13.89,3140,15.48,97.23,55,7,$4.77,$5.26,"$1,026.43",1.94,4,0.8194,FIFO,In Stock,-6,14/06/2025,-2.01%,79.56%,No Notes,Low,129,In Stock,Low,FALSE,FALSE,0,Low Risk,23.58069767,Fast Moving,0.064604651,1.26,Low,0,1.26,A - Good,192.2676003,Moderate Imbalance (~192),0
SKU0632,Dairy Product 429,Dairy,C,S004,PT Nusantara Supplier,WHJKT,Jakarta - Cengkareng,BATCH6496,11/04/2025,07/04/2025,23/04/2025,151,198,30,22,0,2,15.93,4730,12.43,15.93,11,1,$2.17,$2.24,$430.25,2.41,4,0.9262,FIFO,Expiring Soon,0,05/08/2025,0.76%,96.81%,Fragile,Low,146,In Stock,Low,FALSE,FALSE,0,Low Risk,29.36590909,Fast Moving,0.080454545,0.07,Low,0,0.07,A - Good,213.1579776,Very Uneven (~213+),0
SKU0633,Dairy Product 190,Dairy,C,S009,PT Beverage Nusantara,WHBDG,Bandung - Rancaekek,BATCH1666,20/05/2025,12/05/2025,03/06/2025,112,34,2,3,2,3,4.22,970,8.06,16.88,12,4,$1.75,$1.73,$59.34,3.72,1,0.9193,FIFO,Expiring Soon,-3,21/06/2025,-8.85%,94.54%,No Notes,Medium,27,Low,Critical,FALSE,FALSE,0,Medium Risk,45.30294118,Fast Moving,0.124117647,0.32,Low,0,0.32,A - Good,192.2676003,Moderate Imbalance (~192),0
SKU0634,Beverages Product 9,Beverages,A,S008,PT Hygienic Supplies,WHJKT,Jakarta - Cengkareng,BATCH3939,08/09/2025,11/07/2025,22/09/2026,1,396,54,67,0,0,58.79,1684,6.74,293.95,149,5,$7.10,$6.63,"$2,813.03",4.45,18,0.8776,FIFO,Low Stock,1,11/06/2025,-0.21%,60.68%,No Notes,Medium,275,In Stock,Critical,FALSE,FALSE,0,Medium Risk,54.18775253,Very Fast Moving,0.148459596,0.61,Low,0,0.61,A - Good,213.1579776,Very Uneven (~213+),0
SKU0635,Personal Product 214,Personal Care,B,S008,PT Hygienic Supplies,WHBDG,Bandung - Rancaekek,BATCH5439,19/07/2025,16/06/2025,08/05/2027,52,82,21,14,1,1,10.79,2700,7.6,10.79,13,1,$11.51,$11.92,$943.99,3.95,3,0.8125,FEFO,In Stock,0,19/07/2025,1.55%,85.61%,No Notes,Medium,46,Low,Critical,FALSE,FALSE,0,Medium Risk,48.02865854,Fast Moving,0.131585366,0.19,Low,0,0.19,A - Good,192.2676003,Moderate Imbalance (~192),0
SKU0636,Dairy Product 355,Dairy,C,S001,PT Segar Makmur,WHDPS,Denpasar - Tabanan,BATCH9190,25/07/2025,16/06/2025,23/08/2025,46,231,2,35,1,0,23.25,6400,9.94,23.25,17,1,$1.39,$1.25,$321.76,3.02,9,0.784,FIFO,Expiring Soon,0,21/06/2025,1.20%,74.98%,No Notes,Medium,193,In Stock,Critical,FALSE,FALSE,0,Medium Risk,36.73701299,Fast Moving,0.100649351,0.22,Low,0,0.22,A - Good,206.5718724,High Variation (~206),0
SKU0637,Seafood Product 215,Seafood,A,S001,PT Segar Makmur,WHDPS,Denpasar - Tabanan,BATCH2925,11/07/2025,08/06/2025,17/07/2025,60,232,39,40,0,0,25.99,7960,8.93,77.97,48,3,$13.65,$15.30,"$3,166.38",3.36,3,0.8377,FIFO,Expiring Soon,1,22/06/2025,-0.36%,71.45%,No Notes,Medium,153,In Stock,Critical,FALSE,FALSE,0,Medium Risk,40.88943966,Fast Moving,0.112025862,0.49,Low,0,0.49,A - Good,206.5718724,High Variation (~206),0
SKU0638,Beverages Product 277,Beverages,C,S009,PT Beverage Nusantara,WHBDG,Bandung - Rancaekek,BATCH4409,14/05/2025,27/04/2025,16/11/2029,118,146,105,41,3,0,86.59,1932,1.69,259.77,136,3,$4.00,$4.40,$583.30,17.79,29,0.9235,FIFO,Low Stock,0,16/08/2025,-3.19%,92.88%,High return rate,High,-3,Out of Stock,Critical,TRUE,TRUE,1.31,High Risk,216.475,Very Fast Moving,0.593082192,0.23,Low,1.31,1.54,A - Good,192.2676003,Moderate Imbalance (~192),10.62
SKU0639,Beverages Product 496,Beverages,A,S008,PT Hygienic Supplies,WHMDN,Medan - Deli Serdang,BATCH1706,26/07/2025,23/07/2025,18/06/2027,45,890,215,105,0,2,89.25,2146,9.97,178.5,95,2,$2.28,$2.23,"$2,024.93",3.01,29,0.9126,FEFO,In Stock,1,04/08/2025,-5.73%,79.41%,No Notes,Medium,570,In Stock,Critical,FALSE,FALSE,0,Medium Risk,36.60252809,Fast Moving,0.100280899,0.17,Low,0,0.17,A - Good,202.6218382,High Variation (~206),0
SKU0640,Meat Product 316,Meat,C,S008,PT Hygienic Supplies,WHJKT,Jakarta - Cengkareng,BATCH9804,14/08/2025,03/08/2025,20/08/2025,26,60,16,4,0,0,5.79,1900,10.36,5.79,9,1,$8.13,$9.16,$487.71,2.9,1,0.7941,FIFO,Expiring Soon,-1,06/09/2025,6.56%,84.84%,No Notes,Low,40,Low,Low,FALSE,FALSE,0,Low Risk,35.2225,Fast Moving,0.0965,0.21,Low,0,0.21,A - Good,213.1579776,Very Uneven (~213+),0
SKU0641,Fresh Product 459,Fresh Produce,B,S004,PT Nusantara Supplier,WHMDN,Medan - Deli Serdang,BATCH6340,11/04/2025,16/03/2025,23/04/2025,151,365,150,72,0,0,55.88,1998,6.53,111.76,57,2,$2.48,$2.43,$906.73,4.59,28,0.8108,FIFO,Expiring Soon,-1,15/06/2025,-7.08%,89.43%,No Notes,Medium,143,In Stock,Critical,FALSE,FALSE,0,Medium Risk,55.88,Very Fast Moving,0.15309589,0.38,Low,0,0.38,A - Good,202.6218382,High Variation (~206),0
SKU0642,Meat Product 57,Meat,B,S006,PT Frozen Express,WHBDG,Bandung - Rancaekek,BATCH7759,15/08/2025,21/06/2025,27/08/2025,25,282,69,23,3,2,34.71,1223,8.12,138.84,71,4,$4.46,$4.87,"$1,258.43",3.69,11,0.7774,FIFO,Expiring Soon,4,23/07/2025,6.06%,86.49%,No Notes,Medium,187,In Stock,Critical,FALSE,FALSE,0,Medium Risk,44.92606383,Fast Moving,0.123085106,0.89,Low,0,0.89,A - Good,192.2676003,Moderate Imbalance (~192),0
SKU0643,Fresh Product 300,Fresh Produce,C,S008,PT Hygienic Supplies,WHJKT,Jakarta - Cengkareng,BATCH4541,21/05/2025,23/03/2025,26/05/2025,111,628,96,24,1,1,58.18,1497,10.79,116.36,62,2,$0.79,$0.91,$495.87,2.78,26,0.7108,FEFO,Expiring Soon,2,18/08/2025,-7.49%,88.33%,No Notes,Low,507,In Stock,Low,FALSE,FALSE,0,Low Risk,33.81480892,Fast Moving,0.092643312,0.58,Low,0,0.58,A - Good,213.1579776,Very Uneven (~213+),0
SKU0644,Dairy Product 369,Dairy,C,S004,PT Nusantara Supplier,WHSBY,Surabaya - Sidoarjo,BATCH6503,02/07/2025,24/06/2025,15/07/2025,69,218,66,64,0,1,25.17,8990,8.66,50.34,28,2,$2.71,$2.75,$590.67,3.46,10,0.7553,FIFO,Expiring Soon,-7,13/06/2025,-1.52%,64.65%,No Notes,Medium,88,In Stock,Critical,FALSE,FALSE,0,Medium Risk,42.14243119,Fast Moving,0.115458716,0.49,Low,0,0.49,A - Good,199.2482854,High Variation (~206),0
SKU0645,Meat Product 57,Meat,C,S008,PT Hygienic Supplies,WHMDN,Medan - Deli Serdang,BATCH6629,25/05/2025,11/05/2025,04/06/2025,107,23,7,7,3,0,2.28,530,10.09,6.84,10,3,$10.86,$12.39,$249.81,2.97,1,0.7475,FEFO,Expiring Soon,1,24/06/2025,6.63%,79.46%,No Notes,Low,6,Low,Low,FALSE,FALSE,0,Low Risk,36.1826087,Fast Moving,0.099130435,0.76,Low,0,0.76,A - Good,202.6218382,High Variation (~206),0
SKU0646,Household Product 488,Household,C,S010,PT DailyDairy,WHBDG,Bandung - Rancaekek,BATCH4763,15/04/2025,10/04/2025,21/05/2029,147,29,13,1,1,1,3.49,870,8.31,3.49,9,1,$8.81,$8.37,$255.56,3.61,2,0.9402,FEFO,In Stock,0,05/07/2025,-1.77%,70.75%,No Notes,Medium,14,Low,Critical,FALSE,FALSE,0,Medium Risk,43.92586207,Fast Moving,0.120344828,0.06,Low,0,0.06,A - Good,192.2676003,Moderate Imbalance (~192),0
SKU0647,Personal Product 303,Personal Care,A,S008,PT Hygienic Supplies,WHMDN,Medan - Deli Serdang,BATCH8014,30/06/2025,14/05/2025,29/07/2026,71,181,61,34,1,3,22.93,5760,7.89,22.93,17,1,$18.90,$19.70,"$3,420.79",3.8,10,0.8345,FIFO,In Stock,-6,09/08/2025,0.36%,67.64%,No Notes,Medium,85,In Stock,Critical,FALSE,FALSE,0,Medium Risk,46.24005525,Fast Moving,0.126685083,0.17,Low,0,0.17,A - Good,202.6218382,High Variation (~206),0
SKU0648,Pantry Product 457,Pantry,C,S010,PT DailyDairy,WHBDG,Bandung - Rancaekek,BATCH7844,16/04/2025,14/04/2025,26/04/2026,146,5,2,3,0,1,1.52,360,3.29,15.2,9,10,$0.87,$0.79,$4.34,9.12,3,0.833,FIFO,Low Stock,2,11/07/2025,-2.57%,63.71%,No Notes,Medium,0,Out of Stock,Critical,TRUE,TRUE,6.71,High Risk,110.96,Very Fast Moving,0.304,1.67,Low,6.71,8.38,A - Good,192.2676003,Moderate Imbalance (~192),21.42
SKU0649,Frozen Product 218,Frozen,B,S009,PT Beverage Nusantara,WHMDN,Medan - Deli Serdang,BATCH2605,10/05/2025,12/04/2025,03/05/2026,122,241,56,57,1,2,26.78,7450,9,53.56,31,2,$4.66,$4.32,"$1,122.10",3.33,9,0.9197,FEFO,In Stock,4,10/08/2025,0.49%,95.50%,Seasonal SKU,Medium,127,In Stock,Critical,FALSE,FALSE,0,Medium Risk,40.55892116,Fast Moving,0.111120332,0.16,Low,0,0.16,A - Good,202.6218382,High Variation (~206),0
SKU0650,Beverages Product 209,Beverages,C,S004,PT Nusantara Supplier,WHBDG,Bandung - Rancaekek,BATCH4916,10/06/2025,30/04/2025,05/02/2028,91,833,66,147,0,1,65.73,2503,12.67,197.19,108,3,$0.39,$0.38,$322.79,2.37,25,0.7068,FIFO,In Stock,-1,07/09/2025,8.34%,73.57%,No Notes,Low,620,In Stock,Low,FALSE,FALSE,0,Low Risk,28.8012605,Fast Moving,0.078907563,0.88,Low,0,0.88,A - Good,192.2676003,Moderate Imbalance (~192),0
SKU0651,Seafood Product 361,Seafood,B,S008,PT Hygienic Supplies,WHDPS,Denpasar - Tabanan,BATCH8452,13/04/2025,15/03/2025,16/04/2025,149,126,18,10,3,1,10.99,3000,11.46,10.99,13,1,$14.47,$15.58,"$1,822.79",2.62,3,0.9269,FIFO,Expiring Soon,0,11/06/2025,-8.40%,70.39%,No Notes,Low,95,In Stock,Low,FALSE,FALSE,0,Low Risk,31.83611111,Fast Moving,0.087222222,0.07,Low,0,0.07,A - Good,206.5718724,High Variation (~206),0
SKU0652,Household Product 190,Household,B,S008,PT Hygienic Supplies,WHJKT,Jakarta - Cengkareng,BATCH7305,02/04/2025,04/02/2025,24/08/2026,160,81,40,41,0,0,19.32,6710,4.19,193.2,106,10,$14.59,$15.51,"$1,182.05",7.16,8,0.8946,FEFO,Low Stock,0,04/07/2025,-2.10%,63.78%,Fragile,Medium,0,Out of Stock,Critical,TRUE,TRUE,5.81,High Risk,87.05925926,Very Fast Moving,0.238518519,1.05,Low,5.81,6.86,A - Good,213.1579776,Very Uneven (~213+),19.62
SKU0653,Beverages Product 358,Beverages,C,S010,PT DailyDairy,WHDPS,Denpasar - Tabanan,BATCH2326,15/04/2025,07/03/2025,13/06/2027,147,37,5,6,0,0,5.03,1140,7.36,5.03,5,1,$4.69,$4.80,$173.38,4.08,4,0.8759,FEFO,In Stock,-1,02/09/2025,-2.02%,84.78%,No Notes,Medium,26,Low,Critical,FALSE,FALSE,0,Medium Risk,49.62027027,Fast Moving,0.135945946,0.12,Low,0,0.12,A - Good,206.5718724,High Variation (~206),0
SKU0654,Personal Product 187,Personal Care,A,S001,PT Segar Makmur,WHJKT,Jakarta - Cengkareng,BATCH8624,03/06/2025,25/04/2025,20/06/2028,98,326,30,16,1,3,24.56,5940,13.27,245.6,130,10,$12.67,$14.42,"$4,129.51",2.26,9,0.7563,FIFO,Low Stock,-2,25/07/2025,-1.15%,82.50%,No Notes,Low,279,In Stock,Low,FALSE,FALSE,0,Low Risk,27.49815951,Fast Moving,0.075337423,2.44,Medium,0,2.44,B - Normal,213.1579776,Very Uneven (~213+),0
SKU0655,Pantry Product 361,Pantry,B,S002,PT Indo Fresh,WHDPS,Denpasar - Tabanan,BATCH6487,19/07/2025,04/07/2025,28/04/2027,52,186,29,8,0,0,13.16,3220,14.13,52.64,32,4,$5.02,$4.61,$933.40,2.12,3,0.8984,FIFO,In Stock,-4,18/06/2025,-6.21%,94.63%,No Notes,Low,149,In Stock,Low,FALSE,FALSE,0,Low Risk,25.82473118,Fast Moving,0.070752688,0.41,Low,0,0.41,A - Good,206.5718724,High Variation (~206),0
SKU0656,Personal Product 298,Personal Care,B,S004,PT Nusantara Supplier,WHBDG,Bandung - Rancaekek,BATCH5380,19/06/2025,18/05/2025,10/06/2028,82,62,20,7,4,2,6.36,2360,9.75,89.04,51,14,$14.84,$13.90,$920.12,3.08,2,0.7721,FEFO,Low Stock,3,05/08/2025,7.83%,71.40%,Promotional item,Medium,31,Low,Critical,TRUE,TRUE,4.25,Medium Risk,37.44193548,Fast Moving,0.102580645,3.19,Medium,4.25,7.44,B - Normal,192.2676003,Moderate Imbalance (~192),16.5
SKU0657,Seafood Product 249,Seafood,B,S009,PT Beverage Nusantara,WHDPS,Denpasar - Tabanan,BATCH9714,09/08/2025,27/06/2025,19/08/2025,31,100,26,2,0,0,8.98,2620,11.14,26.94,15,3,$8.86,$9.22,$886.20,2.69,2,0.8597,FEFO,Expiring Soon,-3,14/07/2025,-6.26%,88.42%,No Notes,Low,72,In Stock,Low,FALSE,FALSE,0,Low Risk,32.777,Fast Moving,0.0898,0.42,Low,0,0.42,A - Good,206.5718724,High Variation (~206),0
SKU0658,Household Product 485,Household,B,S002,PT Indo Fresh,WHBDG,Bandung - Rancaekek,BATCH2313,15/05/2025,20/04/2025,09/11/2026,117,99,16,21,2,1,8.43,2210,11.74,33.72,25,4,$19.15,$20.54,"$1,896.22",2.55,4,0.941,FIFO,In Stock,2,04/08/2025,7.90%,71.53%,No Notes,Low,60,In Stock,Low,FALSE,FALSE,0,Low Risk,31.08030303,Fast Moving,0.085151515,0.24,Low,0,0.24,A - Good,192.2676003,Moderate Imbalance (~192),0
SKU0659,Fresh Product 85,Fresh Produce,C,S005,PT Agro Raya,WHJKT,Jakarta - Cengkareng,BATCH9131,15/03/2025,06/03/2025,20/03/2025,178,342,161,18,0,0,67.21,1564,5.09,134.42,73,2,$0.54,$0.50,$185.74,5.9,24,0.9889,FIFO,Expiring Soon,1,05/07/2025,-0.65%,77.21%,No Notes,Medium,163,In Stock,Critical,FALSE,FALSE,0,Medium Risk,71.72997076,Very Fast Moving,0.196520468,0.02,Low,0,0.02,A - Good,213.1579776,Very Uneven (~213+),0
SKU0660,Fresh Product 214,Fresh Produce,C,S009,PT Beverage Nusantara,WHBDG,Bandung - Rancaekek,BATCH7883,11/05/2025,13/04/2025,19/05/2025,121,389,19,64,1,1,39.41,8710,9.87,78.82,40,2,$0.87,$0.88,$337.30,3.04,15,0.908,FIFO,Expiring Soon,4,03/08/2025,4.10%,86.10%,No Notes,Medium,305,In Stock,Critical,FALSE,FALSE,0,Medium Risk,36.9785347,Fast Moving,0.101311054,0.18,Low,0,0.18,A - Good,192.2676003,Moderate Imbalance (~192),0
SKU0661,Fresh Product 411,Fresh Produce,B,S004,PT Nusantara Supplier,WHDPS,Denpasar - Tabanan,BATCH7745,28/03/2025,19/02/2025,05/04/2025,165,766,87,9,0,0,40.19,1401,19.06,40.19,29,1,$1.48,$1.68,"$1,135.37",1.57,16,0.9065,FEFO,Expiring Soon,2,18/06/2025,-9.80%,72.16%,No Notes,Low,670,In Stock,Low,FALSE,FALSE,0,Low Risk,19.15058747,Medium Moving,0.052467363,0.09,Low,0,0.09,A - Good,206.5718724,High Variation (~206),0
SKU0662,Seafood Product 304,Seafood,B,S009,PT Beverage Nusantara,WHDPS,Denpasar - Tabanan,BATCH5982,19/05/2025,13/04/2025,29/05/2025,113,154,28,23,2,1,12.22,4620,12.6,12.22,11,1,$10.76,$10.14,"$1,656.87",2.38,3,0.7761,FIFO,Expiring Soon,0,01/08/2025,-2.95%,93.30%,No Notes,Low,101,In Stock,Low,FALSE,FALSE,0,Low Risk,28.96298701,Fast Moving,0.079350649,0.22,Low,0,0.22,A - Good,206.5718724,High Variation (~206),0
SKU0663,Meat Product 248,Meat,C,S006,PT Frozen Express,WHSBY,Surabaya - Sidoarjo,BATCH6785,28/08/2025,10/08/2025,06/09/2025,12,120,39,5,5,0,13.98,4720,8.58,41.94,28,3,$2.49,$2.82,$298.72,3.5,6,0.8691,FEFO,Expiring Soon,5,19/08/2025,7.35%,63.41%,No Notes,Medium,71,In Stock,Critical,FALSE,FALSE,0,Medium Risk,42.5225,Fast Moving,0.1165,0.39,Low,0,0.39,A - Good,199.2482854,High Variation (~206),0
SKU0664,Dairy Product 275,Dairy,C,S005,PT Agro Raya,WHBDG,Bandung - Rancaekek,BATCH3514,27/07/2025,17/07/2025,25/08/2025,44,79,20,14,1,0,16.51,5150,4.78,82.55,48,5,$3.93,$4.48,$310.30,6.27,13,0.8753,FIFO,Low Stock,-4,26/08/2025,-9.07%,83.89%,Promotional item,Medium,44,Low,Critical,TRUE,TRUE,0.22,High Risk,76.28037975,Very Fast Moving,0.208987342,0.62,Low,0.22,0.84,A - Good,192.2676003,Moderate Imbalance (~192),8.44
SKU0665,Pantry Product 226,Pantry,C,S005,PT Agro Raya,WHSBY,Surabaya - Sidoarjo,BATCH1568,24/07/2025,12/06/2025,17/09/2027,47,132,38,19,0,2,11.15,3860,11.84,111.5,63,10,$4.93,$5.43,$650.97,2.53,3,0.9937,FEFO,Low Stock,0,27/07/2025,7.77%,63.71%,Fragile,Low,75,In Stock,Low,FALSE,FALSE,0,Low Risk,30.83143939,Fast Moving,0.084469697,0.06,Low,0,0.06,A - Good,199.2482854,High Variation (~206),0
SKU0666,Pantry Product 84,Pantry,C,S009,PT Beverage Nusantara,WHSBY,Surabaya - Sidoarjo,BATCH7628,09/08/2025,11/06/2025,29/09/2026,31,392,49,44,3,0,25.81,8810,15.19,51.62,35,2,$1.73,$1.74,$678.00,1.98,9,0.7601,FEFO,In Stock,0,22/08/2025,6.57%,67.96%,No Notes,Low,296,In Stock,Low,FALSE,FALSE,0,Low Risk,24.03227041,Fast Moving,0.065841837,0.48,Low,0,0.48,A - Good,199.2482854,High Variation (~206),0
SKU0667,Personal Product 80,Personal Care,C,S001,PT Segar Makmur,WHDPS,Denpasar - Tabanan,BATCH5842,03/05/2025,03/04/2025,11/03/2028,129,143,42,22,0,1,12.74,4440,11.22,63.7,40,5,$4.92,$4.98,$703.60,2.67,2,0.9302,FEFO,In Stock,2,28/06/2025,3.79%,60.48%,No Notes,Low,79,In Stock,Low,FALSE,FALSE,0,Low Risk,32.51818182,Fast Moving,0.089090909,0.35,Low,0,0.35,A - Good,206.5718724,High Variation (~206),0
SKU0668,Household Product 374,Household,A,S008,PT Hygienic Supplies,WHSBY,Surabaya - Sidoarjo,BATCH8847,17/03/2025,19/01/2025,02/11/2026,176,164,29,11,2,0,16.46,5840,9.96,65.84,39,4,$15.24,$15.36,"$2,499.28",3.01,7,0.9037,FIFO,In Stock,1,23/08/2025,-1.32%,84.20%,No Notes,Medium,122,In Stock,Critical,FALSE,FALSE,0,Medium Risk,36.63353659,Fast Moving,0.100365854,0.39,Low,0,0.39,A - Good,199.2482854,High Variation (~206),0
SKU0669,Fresh Product 13,Fresh Produce,B,S007,PT Bakerindo,WHDPS,Denpasar - Tabanan,BATCH6855,15/07/2025,10/07/2025,25/07/2025,56,560,93,149,1,0,58.55,1375,9.56,409.85,206,7,$2.36,$2.36,"$1,319.30",3.14,14,0.7905,FEFO,Low Stock,-1,02/09/2025,-2.57%,65.03%,No Notes,Medium,317,In Stock,Critical,FALSE,FALSE,0,Medium Risk,38.16205357,Fast Moving,0.104553571,1.47,Low,0,1.47,A - Good,206.5718724,High Variation (~206),0
SKU0670,Dairy Product 270,Dairy,C,S004,PT Nusantara Supplier,WHSBY,Surabaya - Sidoarjo,BATCH2369,21/07/2025,17/06/2025,28/07/2025,50,77,54,23,0,2,35.97,1303,2.14,359.7,181,10,$3.88,$4.15,$298.54,14.01,7,0.9363,FEFO,Low Stock,0,15/06/2025,1.74%,86.46%,No Notes,High,0,Out of Stock,Critical,TRUE,TRUE,7.86,High Risk,170.5071429,Very Fast Moving,0.467142857,0.64,Low,7.86,8.5,A - Good,199.2482854,High Variation (~206),23.72
SKU0671,Fresh Product 263,Fresh Produce,C,S007,PT Bakerindo,WHBDG,Bandung - Rancaekek,BATCH9381,07/05/2025,08/03/2025,15/05/2025,125,410,95,98,0,2,48.65,1854,8.43,486.5,252,10,$0.87,$0.84,$356.95,3.56,21,0.7282,FIFO,Low Stock,7,16/06/2025,5.13%,95.65%,No Notes,Medium,217,In Stock,Critical,TRUE,TRUE,1.57,Medium Risk,43.31036585,Fast Moving,0.118658537,2.72,Medium,1.57,4.29,B - Normal,192.2676003,Moderate Imbalance (~192),11.14
SKU0672,Dairy Product 438,Dairy,C,S007,PT Bakerindo,WHSBY,Surabaya - Sidoarjo,BATCH1199,03/06/2025,16/05/2025,21/06/2025,98,131,56,61,0,1,28.91,9900,4.53,57.82,37,2,$3.31,$3.48,$433.87,6.62,6,0.8787,FEFO,Expiring Soon,5,27/07/2025,8.50%,89.47%,No Notes,Medium,14,Low,Critical,FALSE,FALSE,0,High Risk,80.55076336,Very Fast Moving,0.220687023,0.24,Low,0,0.24,A - Good,199.2482854,High Variation (~206),0
SKU0673,Frozen Product 288,Frozen,C,S002,PT Indo Fresh,WHBDG,Bandung - Rancaekek,BATCH8249,19/05/2025,01/05/2025,01/03/2026,113,62,41,21,0,0,13.64,3860,4.55,27.28,19,2,$7.88,$7.95,$488.85,6.6,4,0.8607,FIFO,In Stock,2,17/07/2025,-7.56%,87.60%,No Notes,Medium,0,Out of Stock,Critical,FALSE,FALSE,0,High Risk,80.3,Very Fast Moving,0.22,0.28,Low,0,0.28,A - Good,192.2676003,Moderate Imbalance (~192),0
SKU0674,Bakery Product 428,Bakery,C,S010,PT DailyDairy,WHDPS,Denpasar - Tabanan,BATCH4404,18/08/2025,30/07/2025,21/08/2025,22,791,236,63,0,2,58.46,1422,13.53,175.38,93,3,$0.79,$0.75,$624.73,2.22,18,0.8025,FEFO,Expiring Soon,-2,04/07/2025,-9.82%,78.70%,No Notes,Low,492,In Stock,Low,FALSE,FALSE,0,Low Risk,26.97585335,Fast Moving,0.073906448,0.59,Low,0,0.59,A - Good,206.5718724,High Variation (~206),0
SKU0675,Fresh Product 492,Fresh Produce,C,S010,PT DailyDairy,WHMDN,Medan - Deli Serdang,BATCH7708,18/08/2025,09/07/2025,21/08/2025,22,73,6,2,0,2,8.22,2320,8.88,57.54,32,7,$1.68,$1.69,$122.83,3.38,5,0.8396,FEFO,Low Stock,-4,18/07/2025,-7.09%,93.97%,No Notes,Medium,65,In Stock,Critical,FALSE,FALSE,0,Medium Risk,41.1,Fast Moving,0.11260274,1.12,Low,0,1.12,A - Good,202.6218382,High Variation (~206),0
SKU0676,Frozen Product 291,Frozen,B,S003,PT Prima Distribusi,WHBDG,Bandung - Rancaekek,BATCH5742,24/07/2025,19/06/2025,27/04/2026,47,104,29,36,1,0,19.87,6410,5.23,139.09,76,7,$7.80,$7.73,$811.11,5.73,4,0.8605,FEFO,Low Stock,-1,04/09/2025,-8.77%,95.05%,No Notes,Medium,38,Low,Critical,TRUE,TRUE,1.77,Medium Risk,69.73605769,Very Fast Moving,0.191057692,0.98,Low,1.77,2.75,A - Good,192.2676003,Moderate Imbalance (~192),11.54
SKU0677,Seafood Product 300,Seafood,B,S005,PT Agro Raya,WHMDN,Medan - Deli Serdang,BATCH4678,19/04/2025,18/04/2025,29/04/2025,143,190,19,34,0,1,21.05,4820,9.03,63.15,36,3,$8.70,$9.29,"$1,652.20",3.32,6,0.8998,FIFO,Expiring Soon,3,21/08/2025,9.73%,69.10%,No Notes,Medium,137,In Stock,Critical,FALSE,FALSE,0,Medium Risk,40.43815789,Fast Moving,0.110789474,0.3,Low,0,0.3,A - Good,202.6218382,High Variation (~206),0
SKU0678,Personal Product 428,Personal Care,A,S008,PT Hygienic Supplies,WHJKT,Jakarta - Cengkareng,BATCH5713,26/03/2025,28/02/2025,18/12/2029,167,217,46,23,0,1,16.32,6170,13.3,81.6,42,5,$23.71,$26.59,"$5,145.70",2.26,4,0.846,FIFO,In Stock,0,09/07/2025,-2.77%,88.77%,No Notes,Low,148,In Stock,Low,FALSE,FALSE,0,Low Risk,27.45069124,Fast Moving,0.075207373,0.77,Low,0,0.77,A - Good,213.1579776,Very Uneven (~213+),0
SKU0679,Pantry Product 15,Pantry,A,S002,PT Indo Fresh,WHSBY,Surabaya - Sidoarjo,BATCH6927,06/05/2025,30/03/2025,19/09/2026,126,450,47,42,3,3,28.73,1111,15.66,86.19,46,3,$7.23,$7.16,"$3,253.10",1.92,11,0.8229,FEFO,In Stock,-4,29/06/2025,6.53%,62.28%,No Notes,Low,358,In Stock,Low,FALSE,FALSE,0,Low Risk,23.30322222,Fast Moving,0.063844444,0.53,Low,0,0.53,A - Good,199.2482854,High Variation (~206),0
SKU0680,Meat Product 352,Meat,B,S008,PT Hygienic Supplies,WHJKT,Jakarta - Cengkareng,BATCH1287,06/06/2025,13/04/2025,27/06/2025,95,336,87,4,0,3,21.95,6720,15.31,21.95,20,1,$5.21,$5.80,"$1,751.64",1.96,6,0.744,FEFO,Expiring Soon,3,20/08/2025,-4.86%,85.06%,No Notes,Low,245,In Stock,Low,FALSE,FALSE,0,Low Risk,23.84449405,Fast Moving,0.065327381,0.26,Low,0,0.26,A - Good,213.1579776,Very Uneven (~213+),0
SKU0681,Dairy Product 237,Dairy,B,S003,PT Prima Distribusi,WHSBY,Surabaya - Sidoarjo,BATCH5467,30/07/2025,07/07/2025,07/08/2025,41,437,183,143,0,0,53.69,1301,8.14,161.07,87,3,$3.95,$3.70,"$1,727.07",3.69,13,0.9922,FEFO,Expiring Soon,0,20/06/2025,-6.64%,67.70%,No Notes,Medium,111,In Stock,Critical,FALSE,FALSE,0,Medium Risk,44.84405034,Fast Moving,0.122860412,0.02,Low,0,0.02,A - Good,199.2482854,High Variation (~206),0
SKU0682,Seafood Product 149,Seafood,C,S005,PT Agro Raya,WHDPS,Denpasar - Tabanan,BATCH9419,30/03/2025,18/03/2025,03/04/2025,163,33,4,5,0,0,2.32,570,14.22,16.24,11,7,$13.43,$14.30,$443.17,2.11,1,0.9538,FIFO,Expiring Soon,0,28/08/2025,-5.74%,63.89%,No Notes,Low,24,Low,Low,FALSE,FALSE,0,Low Risk,25.66060606,Fast Moving,0.07030303,0.32,Low,0,0.32,A - Good,206.5718724,High Variation (~206),0
SKU0683,Dairy Product 166,Dairy,C,S006,PT Frozen Express,WHSBY,Surabaya - Sidoarjo,BATCH6939,02/07/2025,26/06/2025,30/07/2025,69,226,14,43,0,1,19.68,6210,11.48,19.68,12,1,$0.85,$0.95,$193.21,2.61,4,0.9458,FEFO,Expiring Soon,7,22/08/2025,-5.61%,85.81%,Temperature controlled,Low,169,In Stock,Low,FALSE,FALSE,0,Low Risk,31.7840708,Fast Moving,0.087079646,0.05,Low,0,0.05,A - Good,199.2482854,High Variation (~206),0
SKU0684,Meat Product 399,Meat,C,S008,PT Hygienic Supplies,WHMDN,Medan - Deli Serdang,BATCH2678,14/06/2025,01/06/2025,24/06/2025,87,162,37,62,2,0,26.82,5720,6.04,53.64,34,2,$1.97,$2.20,$319.84,4.97,14,0.7068,FIFO,Expiring Soon,5,07/07/2025,-3.72%,70.18%,No Notes,Medium,61,In Stock,Critical,FALSE,FALSE,0,Medium Risk,60.42777778,Very Fast Moving,0.165555556,0.59,Low,0,0.59,A - Good,202.6218382,High Variation (~206),0
SKU0685,Dairy Product 460,Dairy,C,S009,PT Beverage Nusantara,WHDPS,Denpasar - Tabanan,BATCH9717,17/03/2025,31/01/2025,09/04/2025,176,84,45,32,0,3,30.6,1125,2.75,61.2,32,2,$2.45,$2.55,$206.04,10.93,14,0.7108,FIFO,Low Stock,0,18/07/2025,2.97%,64.13%,No Notes,High,7,Low,Critical,FALSE,FALSE,0,High Risk,132.9642857,Very Fast Moving,0.364285714,0.58,Low,0,0.58,A - Good,206.5718724,High Variation (~206),0
SKU0686,Fresh Product 420,Fresh Produce,C,S003,PT Prima Distribusi,WHJKT,Jakarta - Cengkareng,BATCH6104,10/05/2025,27/03/2025,18/05/2025,122,871,108,67,0,0,62.38,2069,13.96,311.9,164,5,$0.71,$0.74,$616.93,2.15,33,0.8157,FEFO,Expiring Soon,0,23/08/2025,8.65%,89.90%,No Notes,Low,696,In Stock,Low,FALSE,FALSE,0,Low Risk,26.14087256,Fast Moving,0.071618829,0.92,Low,0,0.92,A - Good,213.1579776,Very Uneven (~213+),0
SKU0687,Personal Product 306,Personal Care,B,S009,PT Beverage Nusantara,WHSBY,Surabaya - Sidoarjo,BATCH5991,27/07/2025,26/07/2025,19/07/2030,44,88,56,17,5,2,20.36,7630,4.32,203.6,110,10,$21.15,$24.29,"$1,861.23",6.94,6,0.8624,FIFO,Low Stock,-1,12/08/2025,-9.76%,79.23%,High return rate,Medium,10,Low,Critical,TRUE,TRUE,5.68,High Risk,84.44772727,Very Fast Moving,0.231363636,1.38,Low,5.68,7.06,A - Good,199.2482854,High Variation (~206),19.36
SKU0688,Beverages Product 158,Beverages,A,S003,PT Prima Distribusi,WHBDG,Bandung - Rancaekek,BATCH7960,07/08/2025,24/06/2025,14/01/2027,33,791,22,67,5,2,54.29,1244,14.57,108.58,59,2,$2.60,$2.52,"$2,054.15",2.06,20,0.7919,FIFO,In Stock,-2,31/08/2025,3.97%,96.64%,Fragile,Low,697,In Stock,Low,FALSE,FALSE,0,Low Risk,25.05164349,Fast Moving,0.06863464,0.42,Low,0,0.42,A - Good,192.2676003,Moderate Imbalance (~192),0
SKU0689,Beverages Product 22,Beverages,B,S004,PT Nusantara Supplier,WHJKT,Jakarta - Cengkareng,BATCH9412,01/09/2025,26/07/2025,14/05/2030,8,132,63,69,2,3,53.28,159,2.48,106.56,61,2,$6.44,$7.28,$850.32,12.11,16,0.7415,FIFO,Low Stock,0,11/07/2025,8.04%,93.16%,Promotional item,High,-2,Out of Stock,Critical,FALSE,FALSE,0,High Risk,147.3272727,Very Fast Moving,0.403636364,0.52,Low,0,0.52,A - Good,213.1579776,Very Uneven (~213+),0
SKU0690,Fresh Product 155,Fresh Produce,C,S001,PT Segar Makmur,WHJKT,Jakarta - Cengkareng,BATCH4365,09/08/2025,03/07/2025,21/08/2025,31,177,123,54,1,0,62.11,1527,2.85,248.44,130,4,$2.12,$2.40,$375.13,10.53,21,0.9466,FIFO,Low Stock,0,17/08/2025,-2.94%,62.48%,No Notes,High,-1,Out of Stock,Critical,TRUE,TRUE,1.15,High Risk,128.0799435,Very Fast Moving,0.350903955,0.21,Low,1.15,1.36,A - Good,213.1579776,Very Uneven (~213+),10.3
SKU0691,Fresh Product 75,Fresh Produce,C,S005,PT Agro Raya,WHDPS,Denpasar - Tabanan,BATCH3630,12/06/2025,19/04/2025,20/06/2025,89,247,40,1,3,1,24.89,7260,9.92,174.23,93,7,$1.92,$2.16,$475.43,3.02,9,0.882,FIFO,Low Stock,6,07/07/2025,0.47%,87.15%,No Notes,Medium,203,In Stock,Critical,FALSE,FALSE,0,Medium Risk,36.78076923,Fast Moving,0.100769231,0.83,Low,0,0.83,A - Good,206.5718724,High Variation (~206),0
SKU0692,Fresh Product 297,Fresh Produce,C,S001,PT Segar Makmur,WHDPS,Denpasar - Tabanan,BATCH4138,16/07/2025,28/06/2025,30/07/2025,55,292,109,132,2,0,47.51,1249,6.15,47.51,27,1,$2.01,$1.84,$588.26,4.88,13,0.9433,FIFO,Expiring Soon,-3,03/07/2025,9.92%,88.62%,Seasonal SKU,Medium,49,Low,Critical,FALSE,FALSE,0,Medium Risk,59.3875,Very Fast Moving,0.162705479,0.06,Low,0,0.06,A - Good,206.5718724,High Variation (~206),0
SKU0693,Personal Product 472,Personal Care,A,S009,PT Beverage Nusantara,WHMDN,Medan - Deli Serdang,BATCH4033,08/06/2025,11/05/2025,07/05/2030,93,160,51,15,3,0,20.06,5760,7.98,200.6,109,10,$20.46,$22.53,"$3,274.16",3.76,7,0.768,FIFO,Low Stock,-7,17/08/2025,-0.96%,86.66%,No Notes,Medium,91,In Stock,Critical,TRUE,TRUE,2.02,Medium Risk,45.761875,Fast Moving,0.125375,2.32,Medium,2.02,4.34,B - Normal,202.6218382,High Variation (~206),12.04
SKU0694,Personal Product 218,Personal Care,A,S004,PT Nusantara Supplier,WHDPS,Denpasar - Tabanan,BATCH2848,13/07/2025,26/05/2025,24/10/2028,58,155,64,30,0,1,20.16,7360,7.69,60.48,39,3,$14.61,$15.82,"$2,264.75",3.9,9,0.8994,FEFO,In Stock,0,25/08/2025,4.99%,79.15%,No Notes,Medium,61,In Stock,Critical,FALSE,FALSE,0,Medium Risk,47.47354839,Fast Moving,0.130064516,0.3,Low,0,0.3,A - Good,206.5718724,High Variation (~206),0
SKU0695,Frozen Product 254,Frozen,C,S006,PT Frozen Express,WHSBY,Surabaya - Sidoarjo,BATCH1665,20/04/2025,15/04/2025,19/04/2026,142,37,13,2,0,0,7.96,2720,4.65,39.8,21,5,$3.90,$3.71,$144.40,6.45,3,0.9777,FEFO,Low Stock,-3,08/07/2025,6.45%,82.66%,Promotional item,Medium,22,Low,Critical,TRUE,TRUE,0.35,High Risk,78.52432432,Very Fast Moving,0.215135135,0.11,Low,0.35,0.46,A - Good,199.2482854,High Variation (~206),8.7
SKU0696,Frozen Product 377,Frozen,C,S005,PT Agro Raya,WHMDN,Medan - Deli Serdang,BATCH7672,14/07/2025,26/06/2025,31/05/2026,57,51,16,5,1,0,6.11,1290,8.35,24.44,20,4,$4.46,$4.12,$227.35,3.59,2,0.7227,FEFO,In Stock,-2,16/08/2025,5.81%,76.08%,No Notes,Medium,29,Low,Critical,FALSE,FALSE,0,Medium Risk,43.72843137,Fast Moving,0.119803922,1.11,Low,0,1.11,A - Good,202.6218382,High Variation (~206),0
SKU0697,Personal Product 411,Personal Care,B,S008,PT Hygienic Supplies,WHSBY,Surabaya - Sidoarjo,BATCH9055,26/07/2025,13/06/2025,21/08/2026,45,166,60,17,0,1,18.17,6370,9.14,18.17,13,1,$5.37,$6.09,$890.72,3.28,7,0.7735,FIFO,In Stock,0,21/07/2025,-4.18%,69.36%,No Notes,Medium,89,In Stock,Critical,FALSE,FALSE,0,Medium Risk,39.95210843,Fast Moving,0.109457831,0.23,Low,0,0.23,A - Good,199.2482854,High Variation (~206),0
SKU0698,Pantry Product 44,Pantry,C,S002,PT Indo Fresh,WHBDG,Bandung - Rancaekek,BATCH2666,31/05/2025,14/04/2025,28/08/2028,101,10,1,2,1,2,1.53,390,6.54,6.12,5,4,$8.71,$9.85,$87.06,4.59,6,0.8856,FIFO,Low Stock,-4,01/09/2025,3.04%,68.45%,No Notes,Medium,6,Low,Critical,FALSE,FALSE,0,Medium Risk,55.845,Very Fast Moving,0.153,0.46,Low,0,0.46,A - Good,192.2676003,Moderate Imbalance (~192),0
SKU0699,Dairy Product 103,Dairy,C,S010,PT DailyDairy,WHMDN,Medan - Deli Serdang,BATCH7958,09/08/2025,24/06/2025,23/08/2025,31,260,39,18,1,1,26.85,8230,9.68,187.95,99,7,$2.14,$2.00,$556.40,3.1,17,0.798,FEFO,Low Stock,5,05/08/2025,6.23%,75.27%,No Notes,Medium,202,In Stock,Critical,FALSE,FALSE,0,Medium Risk,37.69326923,Fast Moving,0.103269231,1.41,Low,0,1.41,A - Good,202.6218382,High Variation (~206),0
SKU0700,Beverages Product 304,Beverages,A,S005,PT Agro Raya,WHMDN,Medan - Deli Serdang,BATCH7626,10/06/2025,10/05/2025,08/02/2029,91,1,146,64,0,1,54.27,1372,0.02,108.54,62,2,$3.75,$4.00,"$4,467.56",1.37,23,0.7525,FEFO,In Stock,0,22/08/2025,7.10%,75.15%,No Notes,Low,-209,Out of Stock,Critical,TRUE,TRUE,1.98,High Risk,19808.55,Very Fast Moving,54.27,0.5,Low,1.98,2.48,A - Good,202.6218382,High Variation (~206),11.96
SKU0701,Fresh Product 129,Fresh Produce,C,S008,PT Hygienic Supplies,WHMDN,Medan - Deli Serdang,BATCH3205,12/07/2025,11/07/2025,25/07/2025,59,561,18,107,0,4,56.22,1386,9.98,56.22,35,1,$0.41,$0.39,$231.52,3.01,19,0.9504,FIFO,Expiring Soon,4,03/09/2025,-4.84%,62.57%,No Notes,Medium,436,In Stock,Critical,FALSE,FALSE,0,Medium Risk,36.57807487,Fast Moving,0.100213904,0.05,Low,0,0.05,A - Good,202.6218382,High Variation (~206),0
SKU0702,Frozen Product 14,Frozen,A,S003,PT Prima Distribusi,WHMDN,Medan - Deli Serdang,BATCH6356,08/04/2025,30/03/2025,27/03/2026,154,445,36,81,1,0,35.92,1172,12.39,35.92,20,1,$4.58,$4.24,"$2,038.37",2.42,19,0.8998,FEFO,In Stock,-1,22/06/2025,0.86%,68.79%,No Notes,Low,327,In Stock,Low,FALSE,FALSE,0,Low Risk,29.46247191,Fast Moving,0.080719101,0.1,Low,0,0.1,A - Good,202.6218382,High Variation (~206),0
SKU0703,Beverages Product 339,Beverages,A,S009,PT Beverage Nusantara,WHMDN,Medan - Deli Serdang,BATCH5809,13/05/2025,01/04/2025,30/06/2027,119,635,158,177,0,1,68.93,1888,9.21,68.93,37,1,$5.88,$6.34,"$3,731.58",3.26,30,0.7248,FEFO,In Stock,-3,09/07/2025,1.65%,78.84%,No Notes,Medium,300,In Stock,Critical,FALSE,FALSE,0,Medium Risk,39.6211811,Fast Moving,0.108551181,0.28,Low,0,0.28,A - Good,202.6218382,High Variation (~206),0
SKU0704,Pantry Product 415,Pantry,B,S009,PT Beverage Nusantara,WHDPS,Denpasar - Tabanan,BATCH8051,05/09/2025,11/07/2025,08/11/2026,4,110,35,5,2,1,14.68,5200,7.49,44.04,23,3,$13.39,$12.42,"$1,472.63",4,6,0.9013,FIFO,In Stock,2,22/07/2025,-2.73%,88.63%,No Notes,Medium,68,In Stock,Critical,FALSE,FALSE,0,Medium Risk,48.71090909,Fast Moving,0.133454545,0.3,Low,0,0.3,A - Good,206.5718724,High Variation (~206),0
SKU0705,Household Product 227,Household,C,S008,PT Hygienic Supplies,WHJKT,Jakarta - Cengkareng,BATCH5965,01/09/2025,07/07/2025,29/08/2027,8,35,7,8,1,1,5.27,1430,6.64,36.89,22,7,$7.35,$6.84,$257.40,4.52,3,0.8749,FIFO,Low Stock,2,09/07/2025,-5.10%,68.59%,No Notes,Medium,19,Low,Critical,TRUE,TRUE,0.36,Medium Risk,54.95857143,Very Fast Moving,0.150571429,0.88,Low,0.36,1.24,A - Good,213.1579776,Very Uneven (~213+),8.72
SKU0706,Seafood Product 200,Seafood,B,S008,PT Hygienic Supplies,WHJKT,Jakarta - Cengkareng,BATCH9837,17/04/2025,12/03/2025,27/04/2025,145,172,26,14,0,1,9.8,2280,17.55,9.8,14,1,$8.39,$7.89,"$1,442.48",1.71,3,0.8431,FEFO,Expiring Soon,-1,11/07/2025,6.24%,78.04%,No Notes,Low,132,In Stock,Low,FALSE,FALSE,0,Low Risk,20.79651163,Fast Moving,0.056976744,0.16,Low,0,0.16,A - Good,213.1579776,Very Uneven (~213+),0
SKU0707,Dairy Product 29,Dairy,C,S007,PT Bakerindo,WHSBY,Surabaya - Sidoarjo,BATCH7189,06/05/2025,28/03/2025,31/05/2025,126,168,49,9,1,1,17.91,6830,9.38,53.73,31,3,$2.30,$2.32,$386.50,3.2,13,0.7354,FEFO,Expiring Soon,-1,04/08/2025,-2.92%,67.87%,No Notes,Medium,109,In Stock,Critical,FALSE,FALSE,0,Medium Risk,38.91160714,Fast Moving,0.106607143,0.79,Low,0,0.79,A - Good,199.2482854,High Variation (~206),0
SKU0708,Fresh Product 24,Fresh Produce,C,S003,PT Prima Distribusi,WHSBY,Surabaya - Sidoarjo,BATCH1440,12/06/2025,25/04/2025,26/06/2025,89,64,30,9,5,0,11.11,3150,5.76,44.44,23,4,$2.33,$2.31,$149.09,5.21,6,0.8402,FEFO,Low Stock,0,23/07/2025,4.86%,76.38%,Promotional item,Medium,20,Low,Critical,FALSE,FALSE,0,Medium Risk,63.36171875,Very Fast Moving,0.17359375,0.64,Low,0,0.64,A - Good,199.2482854,High Variation (~206),0
SKU0709,Personal Product 211,Personal Care,B,S006,PT Frozen Express,WHJKT,Jakarta - Cengkareng,BATCH5056,24/03/2025,09/03/2025,06/08/2027,169,88,29,29,1,2,10.06,3130,8.75,70.42,42,7,$18.85,$17.37,"$1,658.83",3.43,4,0.7259,FEFO,Low Stock,0,26/06/2025,-4.58%,66.32%,Seasonal SKU,Medium,29,Low,Critical,FALSE,FALSE,0,Medium Risk,41.72613636,Fast Moving,0.114318182,1.92,Low,0,1.92,A - Good,213.1579776,Very Uneven (~213+),0
SKU0710,Household Product 59,Household,C,S006,PT Frozen Express,WHBDG,Bandung - Rancaekek,BATCH6343,04/09/2025,02/09/2025,10/09/2029,5,173,9,38,0,1,15.61,5070,11.08,109.27,58,7,$3.54,$3.91,$611.85,2.71,7,0.7261,FEFO,In Stock,-1,17/06/2025,8.26%,79.83%,No Notes,Low,126,In Stock,Low,FALSE,FALSE,0,Low Risk,32.93439306,Fast Moving,0.090231214,1.92,Low,0,1.92,A - Good,192.2676003,Moderate Imbalance (~192),0
SKU0711,Pantry Product 462,Pantry,A,S007,PT Bakerindo,WHSBY,Surabaya - Sidoarjo,BATCH8695,04/09/2025,29/07/2025,30/07/2030,5,333,61,16,0,0,16.53,5940,20.15,115.71,67,7,$13.65,$15.67,"$4,545.42",1.49,6,0.8109,FIFO,In Stock,-4,31/07/2025,9.18%,93.92%,No Notes,Low,256,In Stock,Low,FALSE,FALSE,0,Low Risk,18.11846847,Medium Moving,0.04963964,1.32,Low,0,1.32,A - Good,199.2482854,High Variation (~206),0
SKU0712,Bakery Product 294,Bakery,C,S002,PT Indo Fresh,WHMDN,Medan - Deli Serdang,BATCH4373,15/08/2025,25/07/2025,22/08/2025,25,121,121,0,2,2,32.39,8650,3.74,64.78,33,2,$2.52,$2.50,$305.14,8.03,12,0.8472,FEFO,Expiring Soon,-1,07/07/2025,-6.96%,83.20%,No Notes,Medium,-2,Out of Stock,Critical,FALSE,FALSE,0,High Risk,97.7053719,Very Fast Moving,0.26768595,0.31,Low,0,0.31,A - Good,202.6218382,High Variation (~206),0
SKU0713,Beverages Product 86,Beverages,A,S010,PT DailyDairy,WHSBY,Surabaya - Sidoarjo,BATCH4305,08/06/2025,08/05/2025,16/11/2028,93,780,204,195,0,2,84.15,2503,9.27,252.45,130,3,$5.30,$5.57,"$4,132.75",3.24,31,0.9843,FIFO,In Stock,1,03/07/2025,-2.76%,75.47%,No Notes,Medium,381,In Stock,Critical,FALSE,FALSE,0,Medium Risk,39.37788462,Fast Moving,0.107884615,0.05,Low,0,0.05,A - Good,199.2482854,High Variation (~206),0
SKU0714,Meat Product 153,Meat,A,S010,PT DailyDairy,WHMDN,Medan - Deli Serdang,BATCH2552,14/07/2025,07/06/2025,21/07/2025,57,328,96,108,1,2,34.23,127,9.58,171.15,93,5,$11.33,$12.96,"$3,716.08",3.13,10,0.7192,FEFO,Expiring Soon,0,06/08/2025,-3.11%,92.18%,Temperature controlled,Medium,123,In Stock,Critical,FALSE,FALSE,0,Medium Risk,38.09131098,Fast Moving,0.104359756,1.4,Low,0,1.4,A - Good,202.6218382,High Variation (~206),0
SKU0715,Frozen Product 108,Frozen,B,S006,PT Frozen Express,WHJKT,Jakarta - Cengkareng,BATCH9268,27/03/2025,04/02/2025,09/12/2025,166,149,54,10,1,1,18.75,3980,7.95,56.25,30,3,$7.74,$7.10,"$1,153.60",3.78,5,0.9309,FEFO,In Stock,1,16/07/2025,9.87%,66.51%,No Notes,Medium,84,In Stock,Critical,FALSE,FALSE,0,Medium Risk,45.93120805,Fast Moving,0.125838926,0.21,Low,0,0.21,A - Good,213.1579776,Very Uneven (~213+),0
SKU0716,Seafood Product 213,Seafood,C,S007,PT Bakerindo,WHSBY,Surabaya - Sidoarjo,BATCH9971,03/04/2025,23/03/2025,13/04/2025,159,22,5,8,1,1,2.47,920,8.91,4.94,11,2,$11.70,$11.34,$257.40,3.37,1,0.9258,FIFO,Expiring Soon,2,21/06/2025,-3.29%,77.71%,No Notes,Medium,8,Low,Critical,FALSE,FALSE,0,Medium Risk,40.97954545,Fast Moving,0.112272727,0.15,Low,0,0.15,A - Good,199.2482854,High Variation (~206),0
SKU0717,Household Product 296,Household,C,S008,PT Hygienic Supplies,WHBDG,Bandung - Rancaekek,BATCH5389,24/03/2025,24/01/2025,05/11/2028,169,41,7,12,2,1,9.21,2970,4.45,18.42,14,2,$0.82,$0.91,$33.57,6.74,8,0.7941,FEFO,In Stock,0,29/06/2025,-2.10%,60.46%,No Notes,Medium,20,Low,Critical,FALSE,FALSE,0,High Risk,81.99146341,Very Fast Moving,0.224634146,0.41,Low,0,0.41,A - Good,192.2676003,Moderate Imbalance (~192),0
SKU0718,Fresh Product 103,Fresh Produce,C,S006,PT Frozen Express,WHMDN,Medan - Deli Serdang,BATCH3465,03/08/2025,17/06/2025,09/08/2025,37,81,27,17,1,1,8.69,3120,9.32,43.45,27,5,$2.25,$2.05,$182.39,3.22,3,0.9488,FEFO,Expiring Soon,-3,16/07/2025,3.12%,67.62%,No Notes,Medium,36,Low,Critical,FALSE,FALSE,0,Medium Risk,39.15864198,Fast Moving,0.107283951,0.26,Low,0,0.26,A - Good,202.6218382,High Variation (~206),0
SKU0719,Household Product 467,Household,B,S002,PT Indo Fresh,WHBDG,Bandung - Rancaekek,BATCH5702,27/05/2025,16/04/2025,24/11/2027,105,93,15,32,3,1,13.46,3390,6.91,13.46,15,1,$18.87,$18.49,"$1,754.49",4.34,4,0.8472,FIFO,In Stock,0,08/08/2025,-7.11%,75.16%,No Notes,Medium,43,Low,Critical,FALSE,FALSE,0,Medium Risk,52.82688172,Very Fast Moving,0.144731183,0.15,Low,0,0.15,A - Good,192.2676003,Moderate Imbalance (~192),0
SKU0720,Meat Product 123,Meat,A,S002,PT Indo Fresh,WHBDG,Bandung - Rancaekek,BATCH5023,22/07/2025,01/06/2025,27/07/2025,49,229,13,32,0,1,26.81,8970,8.54,107.24,60,4,$9.84,$10.70,"$2,253.54",3.51,11,0.7203,FEFO,Expiring Soon,0,12/07/2025,1.14%,88.61%,No Notes,Medium,184,In Stock,Critical,FALSE,FALSE,0,Medium Risk,42.73209607,Fast Moving,0.117074236,1.12,Low,0,1.12,A - Good,192.2676003,Moderate Imbalance (~192),0
SKU0721,Personal Product 217,Personal Care,B,S001,PT Segar Makmur,WHBDG,Bandung - Rancaekek,BATCH3235,31/07/2025,30/07/2025,09/02/2028,40,85,16,24,4,0,7.85,2470,10.83,23.55,13,3,$21.65,$21.47,"$1,840.47",2.77,2,0.7961,FEFO,In Stock,1,05/08/2025,0.86%,86.35%,No Notes,Low,41,Low,Low,FALSE,FALSE,0,Low Risk,33.70882353,Fast Moving,0.092352941,0.61,Low,0,0.61,A - Good,192.2676003,Moderate Imbalance (~192),0
SKU0722,Dairy Product 437,Dairy,A,S001,PT Segar Makmur,WHMDN,Medan - Deli Serdang,BATCH2375,04/09/2025,15/08/2025,12/09/2025,5,570,126,16,1,3,57.11,1374,9.98,571.1,288,10,$3.87,$4.32,"$2,205.84",3.01,18,0.9443,FEFO,Low Stock,0,01/09/2025,-9.56%,91.06%,No Notes,Medium,427,In Stock,Critical,TRUE,TRUE,0.02,Medium Risk,36.5704386,Fast Moving,0.100192982,0.56,Low,0.02,0.58,A - Good,202.6218382,High Variation (~206),8.04
SKU0723,Bakery Product 187,Bakery,A,S002,PT Indo Fresh,WHMDN,Medan - Deli Serdang,BATCH2833,05/08/2025,30/06/2025,08/08/2025,35,977,172,129,1,1,63.18,2091,15.46,63.18,38,1,$2.73,$2.59,"$2,671.90",1.94,15,0.7279,FIFO,Expiring Soon,3,05/07/2025,7.65%,78.57%,No Notes,Low,675,In Stock,Low,FALSE,FALSE,0,Low Risk,23.6035824,Fast Moving,0.064667349,0.27,Low,0,0.27,A - Good,202.6218382,High Variation (~206),0
SKU0724,Pantry Product 397,Pantry,C,S009,PT Beverage Nusantara,WHSBY,Surabaya - Sidoarjo,BATCH4900,05/05/2025,28/03/2025,05/11/2026,127,9,1,2,0,3,1.21,300,7.44,4.84,11,4,$3.10,$3.07,$27.94,4.03,2,0.9624,FIFO,Low Stock,0,31/07/2025,5.03%,71.53%,No Notes,Medium,6,Low,Critical,FALSE,FALSE,0,Medium Risk,49.07222222,Fast Moving,0.134444444,0.15,Low,0,0.15,A - Good,199.2482854,High Variation (~206),0
SKU0725,Pantry Product 200,Pantry,C,S004,PT Nusantara Supplier,WHMDN,Medan - Deli Serdang,BATCH2750,16/07/2025,05/07/2025,07/05/2027,55,42,6,9,2,0,3.12,1160,13.46,6.24,10,2,$3.75,$3.83,$157.59,2.23,2,0.7168,FIFO,In Stock,-3,05/08/2025,-6.28%,87.53%,No Notes,Low,25,Low,Low,FALSE,FALSE,0,Low Risk,27.11428571,Fast Moving,0.074285714,0.57,Low,0,0.57,A - Good,202.6218382,High Variation (~206),0
SKU0726,Meat Product 302,Meat,B,S001,PT Segar Makmur,WHMDN,Medan - Deli Serdang,BATCH2850,26/04/2025,06/04/2025,12/05/2025,136,205,62,35,2,0,19.63,4860,10.44,98.15,52,5,$5.43,$6.22,"$1,113.23",2.87,13,0.7497,FEFO,Expiring Soon,-1,11/07/2025,7.08%,65.76%,No Notes,Low,106,In Stock,Low,FALSE,FALSE,0,Low Risk,34.95097561,Fast Moving,0.095756098,1.25,Low,0,1.25,A - Good,202.6218382,High Variation (~206),0
SKU0727,Personal Product 451,Personal Care,B,S003,PT Prima Distribusi,WHSBY,Surabaya - Sidoarjo,BATCH6049,11/05/2025,10/05/2025,02/06/2028,121,185,51,25,0,2,19.4,4730,9.54,38.8,26,2,$10.04,$11.04,"$1,857.44",3.15,7,0.9641,FIFO,In Stock,4,17/06/2025,-5.94%,95.30%,No Notes,Medium,109,In Stock,Critical,FALSE,FALSE,0,Medium Risk,38.27567568,Fast Moving,0.104864865,0.07,Low,0,0.07,A - Good,199.2482854,High Variation (~206),0
SKU0728,Fresh Product 470,Fresh Produce,C,S004,PT Nusantara Supplier,WHSBY,Surabaya - Sidoarjo,BATCH6067,21/04/2025,12/03/2025,30/04/2025,141,404,107,9,0,0,54.48,1348,7.42,544.8,273,10,$1.28,$1.21,$515.58,4.05,13,0.8938,FEFO,Low Stock,0,14/06/2025,1.02%,75.07%,High return rate,Medium,288,In Stock,Critical,TRUE,TRUE,2.58,Medium Risk,49.22079208,Fast Moving,0.134851485,1.06,Low,2.58,3.64,A - Good,199.2482854,High Variation (~206),13.16
SKU0729,Household Product 199,Household,B,S001,PT Segar Makmur,WHMDN,Medan - Deli Serdang,BATCH2478,06/07/2025,08/05/2025,13/03/2028,65,99,33,11,0,0,14.46,4870,6.85,101.22,53,7,$12.40,$12.59,"$1,227.59",4.38,12,0.8568,FIFO,Low Stock,-1,02/08/2025,6.08%,64.96%,No Notes,Medium,55,In Stock,Critical,TRUE,TRUE,0.15,Medium Risk,53.31212121,Very Fast Moving,0.146060606,1,Low,0.15,1.15,A - Good,202.6218382,High Variation (~206),8.3
SKU0730,Personal Product 469,Personal Care,A,S008,PT Hygienic Supplies,WHSBY,Surabaya - Sidoarjo,BATCH1555,29/03/2025,12/03/2025,08/07/2028,164,346,45,76,1,3,23.24,8970,14.89,69.72,38,3,$7.06,$7.91,"$2,441.90",2.02,6,0.8359,FIFO,In Stock,0,09/07/2025,-7.83%,85.76%,No Notes,Low,224,In Stock,Low,FALSE,FALSE,0,Low Risk,24.51618497,Fast Moving,0.06716763,0.49,Low,0,0.49,A - Good,199.2482854,High Variation (~206),0
SKU0731,Bakery Product 431,Bakery,C,S006,PT Frozen Express,WHMDN,Medan - Deli Serdang,BATCH5275,15/08/2025,14/07/2025,18/08/2025,25,380,73,64,0,1,63.12,1554,6.02,63.12,35,1,$2.00,$1.82,$760.84,4.98,20,0.7861,FIFO,Expiring Soon,1,26/07/2025,5.38%,61.60%,No Notes,Medium,243,In Stock,Critical,FALSE,FALSE,0,Medium Risk,60.62842105,Very Fast Moving,0.166105263,0.21,Low,0,0.21,A - Good,202.6218382,High Variation (~206),0
SKU0732,Beverages Product 281,Beverages,A,S006,PT Frozen Express,WHMDN,Medan - Deli Serdang,BATCH1853,16/03/2025,03/02/2025,11/05/2026,177,1,133,24,1,1,72.3,2585,0.01,289.2,152,4,$4.86,$4.44,"$4,984.82",2.11,30,0.8731,FIFO,In Stock,0,21/06/2025,2.33%,94.62%,No Notes,Low,-157,Out of Stock,Critical,TRUE,TRUE,3.99,High Risk,26389.5,Very Fast Moving,72.3,0.51,Low,3.99,4.5,A - Good,202.6218382,High Variation (~206),15.98
SKU0733,Pantry Product 2,Pantry,B,S007,PT Bakerindo,WHBDG,Bandung - Rancaekek,BATCH6140,02/04/2025,25/02/2025,18/12/2027,160,133,27,18,1,1,10.3,3280,12.91,20.6,13,2,$13.75,$13.30,"$1,828.46",2.32,2,0.8479,FIFO,In Stock,0,26/08/2025,3.07%,64.63%,No Notes,Low,87,In Stock,Low,FALSE,FALSE,0,Low Risk,28.26691729,Fast Moving,0.077443609,0.3,Low,0,0.3,A - Good,192.2676003,Moderate Imbalance (~192),0
SKU0734,Frozen Product 497,Frozen,C,S003,PT Prima Distribusi,WHDPS,Denpasar - Tabanan,BATCH6233,18/03/2025,18/02/2025,28/12/2025,175,53,14,12,0,0,5.5,1800,9.64,11,10,2,$5.88,$6.46,$311.78,3.11,4,0.9598,FEFO,In Stock,0,23/08/2025,1.92%,66.52%,No Notes,Medium,27,Low,Critical,FALSE,FALSE,0,Medium Risk,37.87735849,Fast Moving,0.103773585,0.08,Low,0,0.08,A - Good,206.5718724,High Variation (~206),0
SKU0735,Beverages Product 424,Beverages,A,S006,PT Frozen Express,WHSBY,Surabaya - Sidoarjo,BATCH7791,21/07/2025,28/06/2025,09/01/2027,50,1,101,78,5,0,85.99,269,0.01,257.97,131,3,$4.39,$4.35,"$5,158.91",2.2,27,0.8593,FIFO,In Stock,0,21/07/2025,-2.33%,61.48%,No Notes,Low,-183,Out of Stock,Critical,TRUE,TRUE,2.99,High Risk,31386.35,Very Fast Moving,85.99,0.42,Low,2.99,3.41,A - Good,199.2482854,High Variation (~206),13.98
SKU0736,Personal Product 453,Personal Care,B,S010,PT DailyDairy,WHBDG,Bandung - Rancaekek,BATCH4747,04/09/2025,08/07/2025,21/10/2026,5,100,40,21,1,1,17.29,6460,5.78,34.58,18,2,$17.71,$17.96,"$1,771.13",5.19,4,0.7316,FIFO,In Stock,3,12/07/2025,6.52%,91.80%,No Notes,Medium,38,Low,Critical,FALSE,FALSE,0,Medium Risk,63.1085,Very Fast Moving,0.1729,0.54,Low,0,0.54,A - Good,192.2676003,Moderate Imbalance (~192),0
SKU0737,Beverages Product 87,Beverages,B,S001,PT Segar Makmur,WHMDN,Medan - Deli Serdang,BATCH5262,04/04/2025,26/03/2025,29/08/2028,158,665,49,136,1,0,56.08,1528,11.86,112.16,63,2,$2.48,$2.71,"$1,650.73",2.53,16,0.9781,FIFO,In Stock,6,24/07/2025,-9.04%,63.88%,No Notes,Low,479,In Stock,Low,FALSE,FALSE,0,Low Risk,30.78075188,Fast Moving,0.084330827,0.04,Low,0,0.04,A - Good,202.6218382,High Variation (~206),0
SKU0738,Pantry Product 8,Pantry,C,S009,PT Beverage Nusantara,WHMDN,Medan - Deli Serdang,BATCH9096,16/05/2025,09/05/2025,23/02/2030,116,66,11,12,0,2,4.27,1120,15.46,8.54,12,2,$7.83,$7.72,$516.82,1.94,2,0.8813,FIFO,In Stock,-2,14/08/2025,-4.88%,95.53%,No Notes,Low,43,Low,Low,FALSE,FALSE,0,Low Risk,23.61439394,Fast Moving,0.06469697,0.24,Low,0,0.24,A - Good,202.6218382,High Variation (~206),0
SKU0739,Household Product 401,Household,A,S005,PT Agro Raya,WHSBY,Surabaya - Sidoarjo,BATCH3133,06/05/2025,09/04/2025,26/06/2028,126,183,10,37,2,2,14.23,4860,12.86,28.46,16,2,$17.47,$15.84,"$3,197.38",2.33,8,0.8074,FIFO,In Stock,1,25/06/2025,3.92%,73.09%,No Notes,Low,134,In Stock,Low,FALSE,FALSE,0,Low Risk,28.38224044,Fast Moving,0.077759563,0.39,Low,0,0.39,A - Good,199.2482854,High Variation (~206),0
SKU0740,Household Product 373,Household,A,S004,PT Nusantara Supplier,WHMDN,Medan - Deli Serdang,BATCH3391,25/07/2025,24/07/2025,07/11/2028,46,190,29,32,0,2,17.37,4050,10.94,121.59,67,7,$13.18,$12.10,"$2,503.82",2.74,10,0.8738,FEFO,In Stock,3,07/08/2025,4.62%,90.50%,No Notes,Low,129,In Stock,Low,FALSE,FALSE,0,Low Risk,33.36868421,Fast Moving,0.091421053,0.88,Low,0,0.88,A - Good,202.6218382,High Variation (~206),0
SKU0741,Frozen Product 128,Frozen,A,S006,PT Frozen Express,WHDPS,Denpasar - Tabanan,BATCH8506,18/03/2025,13/03/2025,26/02/2026,175,362,32,78,0,0,39.13,1523,9.25,78.26,47,2,$6.05,$6.05,"$2,191.37",3.24,21,0.8295,FIFO,In Stock,-3,11/07/2025,-7.22%,72.41%,Promotional item,Medium,252,In Stock,Critical,FALSE,FALSE,0,Medium Risk,39.45428177,Fast Moving,0.108093923,0.34,Low,0,0.34,A - Good,206.5718724,High Variation (~206),0
SKU0742,Personal Product 204,Personal Care,C,S004,PT Nusantara Supplier,WHMDN,Medan - Deli Serdang,BATCH5198,24/05/2025,20/05/2025,28/09/2029,108,24,6,4,0,0,3.25,870,7.38,6.5,9,2,$19.99,$20.28,$479.70,4.06,2,0.9028,FIFO,In Stock,3,30/06/2025,8.15%,66.86%,Promotional item,Medium,14,Low,Critical,FALSE,FALSE,0,Medium Risk,49.42708333,Fast Moving,0.135416667,0.19,Low,0,0.19,A - Good,202.6218382,High Variation (~206),0
SKU0743,Personal Product 242,Personal Care,B,S006,PT Frozen Express,WHDPS,Denpasar - Tabanan,BATCH1745,22/03/2025,22/03/2025,29/07/2029,171,195,26,1,1,0,13.28,5140,14.68,39.84,22,3,$8.93,$8.31,"$1,740.73",2.04,4,0.8846,FEFO,In Stock,1,07/07/2025,0.60%,74.05%,No Notes,Low,167,In Stock,Low,FALSE,FALSE,0,Low Risk,24.8574359,Fast Moving,0.068102564,0.35,Low,0,0.35,A - Good,206.5718724,High Variation (~206),0
SKU0744,Seafood Product 203,Seafood,C,S006,PT Frozen Express,WHBDG,Bandung - Rancaekek,BATCH3938,19/04/2025,03/04/2025,22/04/2025,143,79,20,11,1,0,8.07,2590,9.79,32.28,19,4,$5.21,$4.73,$411.69,3.06,3,0.7873,FIFO,Expiring Soon,0,07/07/2025,-1.11%,61.43%,No Notes,Medium,47,Low,Critical,FALSE,FALSE,0,Medium Risk,37.28544304,Fast Moving,0.102151899,0.85,Low,0,0.85,A - Good,192.2676003,Moderate Imbalance (~192),0
SKU0745,Seafood Product 240,Seafood,B,S003,PT Prima Distribusi,WHJKT,Jakarta - Cengkareng,BATCH3323,20/06/2025,04/06/2025,29/06/2025,81,291,57,9,3,1,29.51,1014,9.86,29.51,16,1,$5.74,$6.56,"$1,670.54",3.04,6,0.976,FIFO,Expiring Soon,0,31/07/2025,-2.40%,86.15%,High return rate,Medium,222,In Stock,Critical,FALSE,FALSE,0,Medium Risk,37.01426117,Fast Moving,0.101408935,0.02,Low,0,0.02,A - Good,213.1579776,Very Uneven (~213+),0
SKU0746,Frozen Product 499,Frozen,C,S005,PT Agro Raya,WHSBY,Surabaya - Sidoarjo,BATCH5312,22/05/2025,13/04/2025,29/01/2026,110,39,7,2,0,3,4.42,1080,8.82,44.2,28,10,$7.45,$7.10,$290.44,3.4,3,0.7917,FEFO,Low Stock,-1,05/07/2025,-8.39%,68.42%,No Notes,Medium,30,Low,Critical,TRUE,TRUE,1.18,Medium Risk,41.36666667,Fast Moving,0.113333333,2.08,Medium,1.18,3.26,B - Normal,199.2482854,High Variation (~206),10.36
SKU0747,Personal Product 162,Personal Care,C,S008,PT Hygienic Supplies,WHBDG,Bandung - Rancaekek,BATCH8208,20/04/2025,17/04/2025,26/12/2029,142,18,18,0,0,0,6.71,2200,2.68,67.1,42,10,$15.12,$15.37,$272.13,11.18,4,0.9891,FIFO,Low Stock,-1,21/08/2025,6.70%,93.07%,High return rate,High,0,Out of Stock,Critical,TRUE,TRUE,7.32,High Risk,136.0638889,Very Fast Moving,0.372777778,0.11,Low,7.32,7.43,A - Good,192.2676003,Moderate Imbalance (~192),22.64
SKU0748,Fresh Product 134,Fresh Produce,B,S003,PT Prima Distribusi,WHMDN,Medan - Deli Serdang,BATCH9108,21/05/2025,19/05/2025,25/05/2025,111,1,163,117,1,0,60.81,1282,0.02,243.24,129,4,$1.00,$1.05,"$1,179.88",1.55,21,0.9875,FEFO,Expiring Soon,0,26/07/2025,4.34%,60.01%,No Notes,Low,-280,Out of Stock,Critical,TRUE,TRUE,3.98,High Risk,22195.65,Very Fast Moving,60.81,0.05,Low,3.98,4.03,A - Good,202.6218382,High Variation (~206),15.96
SKU0749,Pantry Product 235,Pantry,C,S008,PT Hygienic Supplies,WHJKT,Jakarta - Cengkareng,BATCH6727,03/08/2025,29/07/2025,13/04/2027,37,149,18,15,1,0,14.71,5190,10.13,44.13,29,3,$3.56,$4.09,$531.10,2.96,7,0.9073,FIFO,In Stock,0,04/08/2025,-5.84%,97.75%,No Notes,Low,115,In Stock,Low,FALSE,FALSE,0,Low Risk,36.03456376,Fast Moving,0.098724832,0.28,Low,0,0.28,A - Good,213.1579776,Very Uneven (~213+),0
SKU0750,Dairy Product 261,Dairy,C,S005,PT Agro Raya,WHDPS,Denpasar - Tabanan,BATCH4479,24/03/2025,15/02/2025,18/04/2025,169,166,53,33,2,0,17.45,3760,9.51,52.35,27,3,$3.19,$3.52,$528.94,3.15,4,0.7765,FIFO,Expiring Soon,0,04/07/2025,9.45%,65.70%,No Notes,Medium,78,In Stock,Critical,FALSE,FALSE,0,Medium Risk,38.3689759,Fast Moving,0.105120482,0.67,Low,0,0.67,A - Good,206.5718724,High Variation (~206),0
SKU0751,Dairy Product 472,Dairy,C,S002,PT Indo Fresh,WHBDG,Bandung - Rancaekek,BATCH2545,05/05/2025,10/03/2025,02/06/2025,127,134,54,45,0,0,17.56,3920,7.63,52.68,34,3,$3.03,$2.81,$405.40,3.93,3,0.8687,FEFO,Expiring Soon,-1,06/09/2025,-4.37%,67.73%,No Notes,Medium,35,Low,Critical,FALSE,FALSE,0,Medium Risk,47.83134328,Fast Moving,0.131044776,0.39,Low,0,0.39,A - Good,192.2676003,Moderate Imbalance (~192),0
SKU0752,Personal Product 63,Personal Care,A,S007,PT Bakerindo,WHSBY,Surabaya - Sidoarjo,BATCH6300,11/04/2025,02/04/2025,14/11/2026,151,210,46,26,1,1,22.01,6890,9.54,154.07,81,7,$24.13,$25.07,"$5,066.82",3.14,14,0.8599,FIFO,Low Stock,0,30/08/2025,-5.04%,93.10%,No Notes,Medium,137,In Stock,Critical,FALSE,FALSE,0,Medium Risk,38.25547619,Fast Moving,0.104809524,0.98,Low,0,0.98,A - Good,199.2482854,High Variation (~206),0
SKU0753,Beverages Product 246,Beverages,C,S008,PT Hygienic Supplies,WHSBY,Surabaya - Sidoarjo,BATCH1095,10/04/2025,20/03/2025,17/12/2029,152,679,2,91,4,0,78.3,2954,8.67,156.6,82,2,$0.33,$0.36,$227.40,3.46,32,0.9673,FIFO,In Stock,-3,18/06/2025,-0.66%,69.48%,No Notes,Medium,582,In Stock,Critical,FALSE,FALSE,0,Medium Risk,42.09057437,Fast Moving,0.115316642,0.07,Low,0,0.07,A - Good,199.2482854,High Variation (~206),0
SKU0754,Frozen Product 486,Frozen,B,S010,PT DailyDairy,WHBDG,Bandung - Rancaekek,BATCH5635,17/07/2025,27/06/2025,25/01/2026,54,592,156,21,4,0,35.88,1167,16.5,71.76,43,2,$2.59,$2.93,"$1,531.21",1.82,8,0.7568,FIFO,In Stock,2,31/08/2025,8.15%,95.90%,No Notes,Low,411,In Stock,Low,FALSE,FALSE,0,Low Risk,22.12195946,Fast Moving,0.060608108,0.49,Low,0,0.49,A - Good,192.2676003,Moderate Imbalance (~192),0
SKU0755,Pantry Product 48,Pantry,A,S007,PT Bakerindo,WHSBY,Surabaya - Sidoarjo,BATCH7535,26/07/2025,21/07/2025,29/11/2027,45,178,56,63,1,1,28.97,8140,6.14,86.91,49,3,$13.44,$15.35,"$2,392.93",4.88,9,0.7676,FIFO,In Stock,2,14/08/2025,-6.87%,62.14%,No Notes,Medium,58,In Stock,Critical,FALSE,FALSE,0,Medium Risk,59.40477528,Very Fast Moving,0.162752809,0.7,Low,0,0.7,A - Good,199.2482854,High Variation (~206),0
SKU0756,Beverages Product 146,Beverages,C,S003,PT Prima Distribusi,WHJKT,Jakarta - Cengkareng,BATCH8083,25/06/2025,09/05/2025,26/03/2029,76,205,190,15,0,1,80.54,1742,2.55,563.78,288,7,$3.46,$3.73,$710.08,11.79,35,0.7791,FEFO,Low Stock,-2,14/06/2025,7.20%,90.09%,No Notes,High,0,Out of Stock,Critical,TRUE,TRUE,4.45,High Risk,143.4004878,Very Fast Moving,0.392878049,1.55,Low,4.45,6,A - Good,213.1579776,Very Uneven (~213+),16.9
SKU0757,Seafood Product 50,Seafood,C,S006,PT Frozen Express,WHDPS,Denpasar - Tabanan,BATCH8298,20/07/2025,25/05/2025,30/07/2025,51,98,36,20,0,1,12.08,2800,8.11,48.32,25,4,$3.60,$3.55,$352.90,3.7,4,0.8178,FEFO,Expiring Soon,0,11/07/2025,1.67%,81.24%,No Notes,Medium,42,Low,Critical,FALSE,FALSE,0,Medium Risk,44.99183673,Fast Moving,0.123265306,0.73,Low,0,0.73,A - Good,206.5718724,High Variation (~206),0
SKU0758,Pantry Product 47,Pantry,B,S007,PT Bakerindo,WHSBY,Surabaya - Sidoarjo,BATCH8112,05/04/2025,24/02/2025,21/04/2027,157,197,28,9,2,1,16.81,5090,11.72,50.43,34,3,$9.02,$9.93,"$1,776.92",2.56,6,0.7112,FEFO,In Stock,0,29/08/2025,7.20%,61.74%,Promotional item,Low,158,In Stock,Low,FALSE,FALSE,0,Low Risk,31.14543147,Fast Moving,0.085329949,0.87,Low,0,0.87,A - Good,199.2482854,High Variation (~206),0
SKU0759,Personal Product 347,Personal Care,B,S004,PT Nusantara Supplier,WHBDG,Bandung - Rancaekek,BATCH9596,06/05/2025,01/05/2025,19/04/2029,126,91,28,24,4,2,7.73,2170,11.77,23.19,21,3,$18.07,$17.63,"$1,644.50",2.55,2,0.7999,FEFO,In Stock,-1,12/07/2025,-5.99%,85.56%,No Notes,Low,35,Low,Low,FALSE,FALSE,0,Low Risk,31.00494505,Fast Moving,0.084945055,0.6,Low,0,0.6,A - Good,192.2676003,Moderate Imbalance (~192),0
SKU0760,Personal Product 245,Personal Care,C,S005,PT Agro Raya,WHBDG,Bandung - Rancaekek,BATCH5921,08/08/2025,16/06/2025,09/06/2030,32,26,12,0,0,2,3.33,1040,7.81,23.31,17,7,$10.47,$9.59,$272.24,3.84,1,0.919,FIFO,Low Stock,1,05/07/2025,7.52%,95.42%,No Notes,Medium,14,Low,Critical,FALSE,FALSE,0,Medium Risk,46.74807692,Fast Moving,0.128076923,0.57,Low,0,0.57,A - Good,192.2676003,Moderate Imbalance (~192),0
SKU0761,Pantry Product 283,Pantry,C,S002,PT Indo Fresh,WHJKT,Jakarta - Cengkareng,BATCH9366,01/05/2025,04/04/2025,07/12/2026,131,170,48,36,0,0,16.18,3450,10.51,80.9,47,5,$1.52,$1.54,$257.75,2.86,6,0.968,FEFO,In Stock,0,28/08/2025,-6.38%,72.17%,No Notes,Low,86,In Stock,Low,FALSE,FALSE,0,Low Risk,34.73941176,Fast Moving,0.095176471,0.16,Low,0,0.16,A - Good,213.1579776,Very Uneven (~213+),0
SKU0762,Beverages Product 417,Beverages,A,S005,PT Agro Raya,WHSBY,Surabaya - Sidoarjo,BATCH2339,06/07/2025,18/05/2025,17/10/2029,65,1,55,4,0,3,66.3,2343,0.02,265.2,136,4,$4.12,$3.94,"$4,714.08",1.74,29,0.8491,FIFO,In Stock,-3,26/08/2025,-7.74%,92.73%,No Notes,Low,-58,Out of Stock,Critical,TRUE,TRUE,3.98,High Risk,24199.5,Very Fast Moving,66.3,0.6,Low,3.98,4.58,A - Good,199.2482854,High Variation (~206),15.96
SKU0763,Frozen Product 403,Frozen,B,S003,PT Prima Distribusi,WHMDN,Medan - Deli Serdang,BATCH7819,29/08/2025,04/07/2025,18/03/2026,11,174,24,16,1,0,17.46,4250,9.97,34.92,25,2,$5.55,$6.25,$965.87,3.01,9,0.9159,FEFO,In Stock,1,31/07/2025,-5.31%,84.20%,No Notes,Medium,133,In Stock,Critical,FALSE,FALSE,0,Medium Risk,36.62586207,Fast Moving,0.100344828,0.17,Low,0,0.17,A - Good,202.6218382,High Variation (~206),0
SKU0764,Frozen Product 344,Frozen,A,S008,PT Hygienic Supplies,WHDPS,Denpasar - Tabanan,BATCH4066,04/07/2025,21/06/2025,28/03/2026,67,424,5,17,3,0,37.85,1419,11.2,37.85,25,1,$6.26,$6.43,"$2,655.09",2.68,11,0.934,FIFO,In Stock,0,30/08/2025,7.81%,75.46%,No Notes,Low,399,In Stock,Low,FALSE,FALSE,0,Low Risk,32.58313679,Fast Moving,0.089268868,0.07,Low,0,0.07,A - Good,206.5718724,High Variation (~206),0
SKU0765,Pantry Product 447,Pantry,C,S002,PT Indo Fresh,WHMDN,Medan - Deli Serdang,BATCH1095,26/04/2025,01/04/2025,01/06/2026,136,29,2,2,1,1,1.97,750,14.72,13.79,13,7,$12.43,$11.74,$360.44,2.04,2,0.9252,FIFO,In Stock,1,08/09/2025,-9.93%,67.83%,No Notes,Low,24,Low,Low,FALSE,FALSE,0,Low Risk,24.79482759,Fast Moving,0.067931034,0.52,Low,0,0.52,A - Good,202.6218382,High Variation (~206),0
SKU0766,Frozen Product 355,Frozen,C,S007,PT Bakerindo,WHDPS,Denpasar - Tabanan,BATCH6910,08/05/2025,25/03/2025,20/01/2026,124,80,24,5,1,2,13.42,2860,5.96,40.26,24,3,$7.41,$7.05,$592.48,5.03,5,0.8355,FEFO,In Stock,0,02/08/2025,-9.18%,69.55%,High return rate,Medium,50,In Stock,Critical,FALSE,FALSE,0,Medium Risk,61.22875,Very Fast Moving,0.16775,0.49,Low,0,0.49,A - Good,206.5718724,High Variation (~206),0
SKU0767,Fresh Product 58,Fresh Produce,C,S001,PT Segar Makmur,WHBDG,Bandung - Rancaekek,BATCH8882,03/09/2025,24/07/2025,09/09/2025,6,87,21,9,2,0,8.41,2250,10.34,25.23,16,3,$2.44,$2.34,$212.51,2.9,7,0.8018,FIFO,Expiring Soon,4,18/06/2025,-6.02%,84.78%,No Notes,Low,55,In Stock,Low,FALSE,FALSE,0,Low Risk,35.28333333,Fast Moving,0.096666667,0.59,Low,0,0.59,A - Good,192.2676003,Moderate Imbalance (~192),0
SKU0768,Household Product 440,Household,B,S009,PT Beverage Nusantara,WHBDG,Bandung - Rancaekek,BATCH8592,18/08/2025,09/08/2025,25/04/2028,22,78,6,20,2,1,5.9,1520,13.22,11.8,7,2,$13.56,$14.23,"$1,057.99",2.27,5,0.8165,FEFO,In Stock,0,17/07/2025,-4.18%,71.42%,High return rate,Low,50,In Stock,Low,FALSE,FALSE,0,Low Risk,27.60897436,Fast Moving,0.075641026,0.37,Low,0,0.37,A - Good,192.2676003,Moderate Imbalance (~192),0
SKU0769,Personal Product 379,Personal Care,C,S008,PT Hygienic Supplies,WHMDN,Medan - Deli Serdang,BATCH8364,12/05/2025,05/04/2025,21/06/2026,120,36,10,12,0,1,4.76,1230,7.56,9.52,9,2,$6.59,$7.12,$237.38,3.97,1,0.9309,FIFO,In Stock,0,15/08/2025,-6.88%,64.68%,No Notes,Medium,14,Low,Critical,FALSE,FALSE,0,Medium Risk,48.26111111,Fast Moving,0.132222222,0.14,Low,0,0.14,A - Good,202.6218382,High Variation (~206),0
SKU0770,Household Product 201,Household,B,S001,PT Segar Makmur,WHSBY,Surabaya - Sidoarjo,BATCH8074,07/09/2025,12/08/2025,05/04/2027,2,111,13,14,2,0,8.23,1990,13.49,24.69,19,3,$11.97,$12.47,"$1,328.46",2.22,4,0.933,FEFO,In Stock,3,27/06/2025,-4.30%,63.12%,No Notes,Low,82,In Stock,Low,FALSE,FALSE,0,Low Risk,27.06261261,Fast Moving,0.074144144,0.2,Low,0,0.2,A - Good,199.2482854,High Variation (~206),0
SKU0771,Pantry Product 149,Pantry,C,S001,PT Segar Makmur,WHMDN,Medan - Deli Serdang,BATCH9410,30/05/2025,23/04/2025,18/02/2029,102,218,10,20,2,0,13.52,3080,16.12,189.28,102,14,$0.88,$0.80,$191.40,1.86,4,0.7891,FEFO,Low Stock,1,11/08/2025,-6.69%,76.44%,No Notes,Low,186,In Stock,Low,FALSE,FALSE,0,Low Risk,22.63669725,Fast Moving,0.062018349,2.95,Medium,0,2.95,B - Normal,202.6218382,High Variation (~206),0
SKU0772,Pantry Product 217,Pantry,C,S010,PT DailyDairy,WHSBY,Surabaya - Sidoarjo,BATCH5388,21/04/2025,23/02/2025,29/08/2026,141,74,29,45,4,0,18.75,5590,3.95,56.25,30,3,$10.80,$10.03,$798.84,7.6,9,0.8636,FEFO,Low Stock,-5,11/07/2025,7.60%,93.16%,Temperature controlled,Medium,-4,Out of Stock,Critical,FALSE,FALSE,0,High Risk,92.48310811,Very Fast Moving,0.253378378,0.41,Low,0,0.41,A - Good,199.2482854,High Variation (~206),0
SKU0773,Personal Product 178,Personal Care,B,S008,PT Hygienic Supplies,WHMDN,Medan - Deli Serdang,BATCH5718,04/09/2025,20/07/2025,31/07/2027,5,83,26,0,0,1,11.54,3240,7.19,23.08,13,2,$15.91,$16.62,"$1,320.42",4.17,5,0.8554,FIFO,In Stock,3,11/07/2025,-9.65%,75.01%,No Notes,Medium,57,In Stock,Critical,FALSE,FALSE,0,Medium Risk,50.74819277,Very Fast Moving,0.139036145,0.29,Low,0,0.29,A - Good,202.6218382,High Variation (~206),0
SKU0774,Meat Product 113,Meat,A,S010,PT DailyDairy,WHSBY,Surabaya - Sidoarjo,BATCH3148,08/04/2025,11/02/2025,27/04/2025,154,244,0,44,2,0,22.04,8070,11.07,110.2,63,5,$10.41,$10.41,"$2,539.33",2.71,3,0.9177,FEFO,Expiring Soon,0,22/07/2025,-9.95%,63.96%,No Notes,Low,198,In Stock,Low,FALSE,FALSE,0,Low Risk,32.96967213,Fast Moving,0.090327869,0.41,Low,0,0.41,A - Good,199.2482854,High Variation (~206),0
SKU0775,Household Product 345,Household,C,S006,PT Frozen Express,WHMDN,Medan - Deli Serdang,BATCH4394,30/07/2025,12/07/2025,23/01/2030,41,14,2,1,1,3,1.8,590,7.78,9,12,5,$18.44,$16.82,$258.14,3.86,2,0.7481,FIFO,Low Stock,-2,16/06/2025,0.10%,91.08%,No Notes,Medium,10,Low,Critical,FALSE,FALSE,0,Medium Risk,46.92857143,Fast Moving,0.128571429,1.26,Low,0,1.26,A - Good,202.6218382,High Variation (~206),0
SKU0776,Dairy Product 81,Dairy,C,S010,PT DailyDairy,WHMDN,Medan - Deli Serdang,BATCH9089,15/08/2025,27/07/2025,04/09/2025,25,25,2,11,3,2,5.47,1910,4.57,16.41,11,3,$1.67,$1.52,$41.67,6.56,4,0.8627,FIFO,Low Stock,3,14/08/2025,-6.39%,75.31%,No Notes,Medium,9,Low,Critical,FALSE,FALSE,0,High Risk,79.862,Very Fast Moving,0.2188,0.41,Low,0,0.41,A - Good,202.6218382,High Variation (~206),0
SKU0777,Personal Product 184,Personal Care,A,S005,PT Agro Raya,WHSBY,Surabaya - Sidoarjo,BATCH3862,20/03/2025,27/01/2025,07/02/2027,173,260,14,46,1,1,24.97,8380,10.41,49.94,29,2,$15.16,$14.62,"$3,942.54",2.88,7,0.8912,FIFO,In Stock,-6,01/09/2025,-2.93%,85.60%,No Notes,Low,199,In Stock,Low,FALSE,FALSE,0,Low Risk,35.05403846,Fast Moving,0.096038462,0.22,Low,0,0.22,A - Good,199.2482854,High Variation (~206),0
SKU0778,Fresh Product 117,Fresh Produce,C,S002,PT Indo Fresh,WHDPS,Denpasar - Tabanan,BATCH5224,14/07/2025,23/06/2025,24/07/2025,57,106,46,37,0,0,26.99,9660,3.93,377.86,193,14,$2.20,$2.26,$233.06,7.64,10,0.7061,FEFO,Low Stock,0,04/09/2025,6.54%,84.64%,No Notes,Medium,23,Low,Critical,TRUE,TRUE,10.07,High Risk,92.93726415,Very Fast Moving,0.254622642,4.11,Medium,10.07,14.18,B - Normal,206.5718724,High Variation (~206),28.14
SKU0779,Pantry Product 459,Pantry,B,S003,PT Prima Distribusi,WHDPS,Denpasar - Tabanan,BATCH2706,08/04/2025,22/02/2025,08/01/2030,154,286,87,39,1,2,28.29,9750,10.11,56.58,31,2,$6.11,$5.55,"$1,748.66",2.97,19,0.8165,FIFO,In Stock,0,15/07/2025,5.29%,79.86%,No Notes,Low,159,In Stock,Low,FALSE,FALSE,0,Low Risk,36.10437063,Fast Moving,0.098916084,0.37,Low,0,0.37,A - Good,206.5718724,High Variation (~206),0
SKU0780,Personal Product 387,Personal Care,B,S002,PT Indo Fresh,WHJKT,Jakarta - Cengkareng,BATCH2669,06/04/2025,13/02/2025,05/09/2029,156,144,71,51,0,3,21.14,6980,6.81,21.14,14,1,$13.08,$14.33,"$1,883.04",4.4,6,0.9716,FIFO,In Stock,5,07/07/2025,3.28%,63.03%,Seasonal SKU,Medium,22,Low,Critical,FALSE,FALSE,0,Medium Risk,53.58402778,Very Fast Moving,0.146805556,0.03,Low,0,0.03,A - Good,213.1579776,Very Uneven (~213+),0
SKU0781,Household Product 467,Household,A,S006,PT Frozen Express,WHBDG,Bandung - Rancaekek,BATCH8233,27/06/2025,10/05/2025,16/06/2030,74,210,23,17,0,1,12.51,4190,16.79,125.1,66,10,$19.49,$22.05,"$4,091.91",1.79,5,0.9369,FEFO,In Stock,-6,28/08/2025,-0.89%,92.15%,No Notes,Low,170,In Stock,Low,FALSE,FALSE,0,Low Risk,21.74357143,Fast Moving,0.059571429,0.63,Low,0,0.63,A - Good,192.2676003,Moderate Imbalance (~192),0
SKU0782,Bakery Product 420,Bakery,C,S003,PT Prima Distribusi,WHJKT,Jakarta - Cengkareng,BATCH7811,20/07/2025,01/06/2025,25/07/2025,51,29,29,0,6,0,56.57,2036,0.51,113.14,63,2,$2.17,$2.42,$62.87,58.52,20,0.933,FIFO,Low Stock,0,09/08/2025,8.34%,80.43%,No Notes,,-6,Out of Stock,Critical,TRUE,TRUE,1.49,High Risk,712.0017241,Very Fast Moving,1.950689655,0.13,Low,1.49,1.62,A - Good,213.1579776,Very Uneven (~213+),10.98
SKU0783,Frozen Product 147,Frozen,B,S009,PT Beverage Nusantara,WHBDG,Bandung - Rancaekek,BATCH7101,19/08/2025,05/07/2025,24/04/2026,21,185,26,21,0,3,12.48,2970,14.82,24.96,18,2,$7.36,$7.08,"$1,362.25",2.02,7,0.8044,FEFO,In Stock,0,25/07/2025,-2.54%,69.23%,No Notes,Low,138,In Stock,Low,FALSE,FALSE,0,Low Risk,24.6227027,Fast Moving,0.067459459,0.39,Low,0,0.39,A - Good,192.2676003,Moderate Imbalance (~192),0
SKU0784,Meat Product 386,Meat,B,S009,PT Beverage Nusantara,WHMDN,Medan - Deli Serdang,BATCH8025,13/07/2025,17/06/2025,22/07/2025,58,180,43,5,0,0,14.28,5480,12.61,28.56,17,2,$9.42,$8.69,"$1,695.74",2.38,5,0.8775,FEFO,Expiring Soon,3,13/07/2025,9.41%,75.21%,No Notes,Low,132,In Stock,Low,FALSE,FALSE,0,Low Risk,28.95666667,Fast Moving,0.079333333,0.25,Low,0,0.25,A - Good,202.6218382,High Variation (~206),0
SKU0785,Frozen Product 350,Frozen,C,S006,PT Frozen Express,WHJKT,Jakarta - Cengkareng,BATCH1162,19/05/2025,04/04/2025,22/12/2025,113,288,89,28,4,1,28.34,1018,10.16,85.02,50,3,$2.14,$2.00,$616.12,2.95,12,0.798,FIFO,In Stock,0,30/08/2025,-6.65%,90.08%,No Notes,Low,167,In Stock,Low,FALSE,FALSE,0,Low Risk,35.91701389,Fast Moving,0.098402778,0.61,Low,0,0.61,A - Good,213.1579776,Very Uneven (~213+),0
SKU0786,Bakery Product 396,Bakery,C,S003,PT Prima Distribusi,WHMDN,Medan - Deli Serdang,BATCH1607,25/08/2025,14/07/2025,30/08/2025,15,301,97,2,1,0,37.97,8440,7.93,37.97,27,1,$0.72,$0.72,$216.09,3.78,10,0.7276,FIFO,Expiring Soon,0,28/06/2025,-8.44%,94.50%,Temperature controlled,Medium,201,In Stock,Critical,FALSE,FALSE,0,Medium Risk,46.04335548,Fast Moving,0.126146179,0.27,Low,0,0.27,A - Good,202.6218382,High Variation (~206),0
SKU0787,Personal Product 215,Personal Care,C,S007,PT Bakerindo,WHDPS,Denpasar - Tabanan,BATCH6638,24/06/2025,24/06/2025,27/03/2028,77,60,15,8,0,0,8.44,3280,7.11,84.4,43,10,$5.30,$5.26,$317.78,4.22,1,0.944,FEFO,Low Stock,1,04/07/2025,7.94%,86.13%,No Notes,Medium,37,Low,Critical,TRUE,TRUE,2.89,Medium Risk,51.34333333,Very Fast Moving,0.140666667,0.56,Low,2.89,3.45,A - Good,206.5718724,High Variation (~206),13.78
SKU0788,Dairy Product 207,Dairy,C,S008,PT Hygienic Supplies,WHBDG,Bandung - Rancaekek,BATCH8244,23/04/2025,10/03/2025,19/05/2025,139,157,31,13,1,0,28.43,6050,5.52,113.72,64,4,$1.71,$1.63,$268.60,5.43,11,0.8261,FEFO,Low Stock,-3,18/06/2025,3.34%,92.42%,No Notes,Medium,112,In Stock,Critical,FALSE,FALSE,0,Medium Risk,66.09522293,Very Fast Moving,0.181082803,0.7,Low,0,0.7,A - Good,192.2676003,Moderate Imbalance (~192),0
SKU0789,Dairy Product 155,Dairy,B,S002,PT Indo Fresh,WHJKT,Jakarta - Cengkareng,BATCH7389,25/04/2025,10/03/2025,12/05/2025,137,233,43,69,4,2,34.93,1123,6.67,34.93,23,1,$3.91,$3.86,$911.66,4.5,9,0.8729,FIFO,Expiring Soon,7,05/07/2025,2.38%,92.19%,No Notes,Medium,117,In Stock,Critical,FALSE,FALSE,0,Medium Risk,54.71866953,Very Fast Moving,0.149914163,0.13,Low,0,0.13,A - Good,213.1579776,Very Uneven (~213+),0
SKU0790,Meat Product 48,Meat,B,S009,PT Beverage Nusantara,WHDPS,Denpasar - Tabanan,BATCH6582,22/06/2025,05/05/2025,13/07/2025,79,357,11,69,1,1,39.17,1383,9.11,39.17,22,1,$4.47,$5.02,"$1,597.54",3.29,14,0.8498,FIFO,Expiring Soon,3,07/09/2025,5.32%,93.80%,Temperature controlled,Medium,276,In Stock,Critical,FALSE,FALSE,0,Medium Risk,40.0477591,Fast Moving,0.109719888,0.15,Low,0,0.15,A - Good,206.5718724,High Variation (~206),0
SKU0791,Pantry Product 124,Pantry,A,S005,PT Agro Raya,WHMDN,Medan - Deli Serdang,BATCH1982,03/05/2025,11/03/2025,15/12/2026,129,219,43,15,2,0,29.39,7540,7.45,58.78,35,2,$10.42,$9.48,"$2,281.32",4.03,7,0.9567,FEFO,In Stock,-1,07/08/2025,-6.67%,93.27%,No Notes,Medium,159,In Stock,Critical,FALSE,FALSE,0,Medium Risk,48.98333333,Fast Moving,0.134200913,0.09,Low,0,0.09,A - Good,202.6218382,High Variation (~206),0
SKU0792,Seafood Product 25,Seafood,C,S002,PT Indo Fresh,WHMDN,Medan - Deli Serdang,BATCH8424,25/06/2025,04/06/2025,28/06/2025,76,37,6,5,0,0,3.29,990,11.25,46.06,24,14,$14.21,$15.83,$525.87,2.67,2,0.7659,FIFO,Low Stock,-2,27/06/2025,-0.39%,86.53%,No Notes,Low,26,Low,Low,TRUE,TRUE,2.75,Low Risk,32.45540541,Fast Moving,0.088918919,3.28,Medium,2.75,6.03,B - Normal,202.6218382,High Variation (~206),13.5
SKU0793,Personal Product 322,Personal Care,B,S009,PT Beverage Nusantara,WHDPS,Denpasar - Tabanan,BATCH5902,12/07/2025,24/06/2025,28/06/2028,59,219,12,33,1,1,17.81,4520,12.3,17.81,15,1,$7.95,$8.54,"$1,740.81",2.44,8,0.7875,FIFO,In Stock,0,23/07/2025,8.75%,94.34%,No Notes,Low,173,In Stock,Low,FALSE,FALSE,0,Low Risk,29.68333333,Fast Moving,0.081324201,0.21,Low,0,0.21,A - Good,206.5718724,High Variation (~206),0
SKU0794,Meat Product 168,Meat,A,S009,PT Beverage Nusantara,WHDPS,Denpasar - Tabanan,BATCH8443,22/07/2025,16/07/2025,07/08/2025,49,722,17,45,1,1,35.82,1099,20.16,71.64,44,2,$4.45,$5.07,"$3,215.64",1.49,11,0.7103,FIFO,Expiring Soon,-2,17/07/2025,-3.27%,82.46%,No Notes,Low,659,In Stock,Low,FALSE,FALSE,0,Low Risk,18.10844875,Medium Moving,0.049612188,0.58,Low,0,0.58,A - Good,206.5718724,High Variation (~206),0
SKU0795,Fresh Product 32,Fresh Produce,C,S007,PT Bakerindo,WHBDG,Bandung - Rancaekek,BATCH8309,11/05/2025,07/05/2025,17/05/2025,121,343,128,52,1,0,44.24,1514,7.75,44.24,29,1,$1.76,$1.64,$603.82,3.87,13,0.7064,FEFO,Expiring Soon,3,15/06/2025,-4.17%,70.85%,No Notes,Medium,162,In Stock,Critical,FALSE,FALSE,0,Medium Risk,47.07755102,Fast Moving,0.128979592,0.29,Low,0,0.29,A - Good,192.2676003,Moderate Imbalance (~192),0
SKU0796,Pantry Product 266,Pantry,B,S007,PT Bakerindo,WHSBY,Surabaya - Sidoarjo,BATCH7937,13/04/2025,16/03/2025,28/01/2029,149,116,24,2,4,1,10.2,3760,11.37,30.6,24,3,$11.90,$13.19,"$1,380.75",2.64,4,0.9052,FEFO,In Stock,3,18/07/2025,5.69%,84.36%,No Notes,Low,86,In Stock,Low,FALSE,FALSE,0,Low Risk,32.09482759,Fast Moving,0.087931034,0.28,Low,0,0.28,A - Good,199.2482854,High Variation (~206),0
SKU0797,Dairy Product 66,Dairy,C,S008,PT Hygienic Supplies,WHMDN,Medan - Deli Serdang,BATCH9408,07/08/2025,13/06/2025,05/09/2025,33,54,8,4,0,0,8.19,3180,6.59,81.9,50,10,$1.38,$1.41,$74.51,4.55,1,0.874,FIFO,Low Stock,1,13/06/2025,-1.31%,81.19%,No Notes,Medium,42,Low,Critical,TRUE,TRUE,3.41,Medium Risk,55.35833333,Very Fast Moving,0.151666667,1.26,Low,3.41,4.67,A - Good,202.6218382,High Variation (~206),14.82
SKU0798,Frozen Product 383,Frozen,C,S003,PT Prima Distribusi,WHDPS,Denpasar - Tabanan,BATCH7694,07/06/2025,31/05/2025,03/01/2026,94,37,6,2,1,1,3.15,860,11.75,3.15,6,1,$4.06,$3.70,$150.21,2.55,2,0.829,FIFO,In Stock,-2,24/07/2025,6.45%,91.21%,No Notes,Low,28,Low,Low,FALSE,FALSE,0,Low Risk,31.07432432,Fast Moving,0.085135135,0.17,Low,0,0.17,A - Good,206.5718724,High Variation (~206),0
SKU0799,Fresh Product 79,Fresh Produce,C,S002,PT Indo Fresh,WHSBY,Surabaya - Sidoarjo,BATCH5968,23/06/2025,05/06/2025,01/07/2025,78,1,207,202,1,0,75.87,2907,0.01,75.87,39,1,$0.44,$0.46,$530.97,1.91,30,0.7985,FEFO,Expiring Soon,3,06/09/2025,9.21%,71.42%,No Notes,Low,-409,Out of Stock,Critical,TRUE,TRUE,0.99,High Risk,27692.55,Very Fast Moving,75.87,0.2,Low,0.99,1.19,A - Good,199.2482854,High Variation (~206),9.98
SKU0800,Dairy Product 302,Dairy,C,S007,PT Bakerindo,WHJKT,Jakarta - Cengkareng,BATCH4532,23/06/2025,12/06/2025,09/07/2025,78,581,151,44,0,0,50.39,1064,11.53,352.73,179,7,$0.91,$0.83,$531.38,2.6,16,0.9126,FEFO,Expiring Soon,0,09/09/2025,-9.30%,78.77%,Promotional item,Low,386,In Stock,Low,FALSE,FALSE,0,Low Risk,31.65636833,Fast Moving,0.086729776,0.61,Low,0,0.61,A - Good,213.1579776,Very Uneven (~213+),0
SKU0801,Fresh Product 23,Fresh Produce,C,S007,PT Bakerindo,WHMDN,Medan - Deli Serdang,BATCH8411,16/04/2025,18/02/2025,23/04/2025,146,190,24,33,1,1,16.78,4200,11.32,83.9,49,5,$0.85,$0.84,$161.90,2.65,15,0.8095,FEFO,Expiring Soon,-1,23/07/2025,-1.80%,83.41%,No Notes,Low,132,In Stock,Low,FALSE,FALSE,0,Low Risk,32.23526316,Fast Moving,0.088315789,0.95,Low,0,0.95,A - Good,202.6218382,High Variation (~206),0
SKU0802,Beverages Product 311,Beverages,C,S003,PT Prima Distribusi,WHBDG,Bandung - Rancaekek,BATCH8551,03/05/2025,16/03/2025,26/11/2029,129,532,102,144,0,0,51.57,1979,10.32,154.71,83,3,$1.35,$1.25,$717.67,2.91,13,0.8681,FEFO,In Stock,1,16/06/2025,4.58%,83.84%,No Notes,Low,286,In Stock,Low,FALSE,FALSE,0,Low Risk,35.38167293,Fast Moving,0.09693609,0.4,Low,0,0.4,A - Good,192.2676003,Moderate Imbalance (~192),0
SKU0803,Household Product 167,Household,C,S002,PT Indo Fresh,WHDPS,Denpasar - Tabanan,BATCH7711,23/03/2025,27/02/2025,20/09/2029,170,17,17,0,1,1,15.71,6060,1.08,47.13,26,3,$7.45,$7.50,$126.70,27.72,5,0.9926,FIFO,Low Stock,1,21/07/2025,-3.75%,84.40%,No Notes,,-1,Out of Stock,Critical,TRUE,TRUE,1.92,High Risk,337.3029412,Very Fast Moving,0.924117647,0.02,Low,1.92,1.94,A - Good,206.5718724,High Variation (~206),11.84
SKU0804,Fresh Product 344,Fresh Produce,C,S008,PT Hygienic Supplies,WHSBY,Surabaya - Sidoarjo,BATCH3713,28/03/2025,11/02/2025,01/04/2025,165,245,22,17,0,0,19.79,6110,12.38,19.79,16,1,$0.30,$0.29,$73.97,2.42,8,0.7049,FIFO,Expiring Soon,-6,28/06/2025,-9.48%,83.97%,No Notes,Low,206,In Stock,Low,FALSE,FALSE,0,Low Risk,29.48306122,Fast Moving,0.08077551,0.3,Low,0,0.3,A - Good,199.2482854,High Variation (~206),0
SKU0805,Beverages Product 159,Beverages,C,S009,PT Beverage Nusantara,WHJKT,Jakarta - Cengkareng,BATCH2395,29/03/2025,17/03/2025,17/05/2029,164,96,42,15,2,0,25.37,7140,3.78,50.74,27,2,$6.06,$5.71,$581.96,7.93,5,0.7348,FIFO,In Stock,-2,29/06/2025,1.24%,90.81%,No Notes,Medium,37,Low,Critical,FALSE,FALSE,0,High Risk,96.45885417,Very Fast Moving,0.264270833,0.53,Low,0,0.53,A - Good,213.1579776,Very Uneven (~213+),0
SKU0806,Beverages Product 258,Beverages,B,S001,PT Segar Makmur,WHJKT,Jakarta - Cengkareng,BATCH3944,25/03/2025,24/03/2025,18/03/2029,168,189,123,61,1,1,56.59,2172,3.34,169.77,88,3,$5.86,$6.16,"$1,106.80",8.98,21,0.7988,FEFO,Low Stock,-1,14/08/2025,-9.80%,66.86%,No Notes,Medium,4,Low,Critical,FALSE,FALSE,0,High Risk,109.2875661,Very Fast Moving,0.299417989,0.6,Low,0,0.6,A - Good,213.1579776,Very Uneven (~213+),0
SKU0807,Beverages Product 455,Beverages,A,S010,PT DailyDairy,WHMDN,Medan - Deli Serdang,BATCH6249,19/08/2025,25/07/2025,15/08/2029,21,975,215,71,1,2,78.67,2104,12.39,550.69,277,7,$4.61,$5.19,"$4,496.60",2.42,27,0.8543,FIFO,In Stock,4,09/07/2025,-6.46%,76.12%,No Notes,Low,688,In Stock,Low,FALSE,FALSE,0,Low Risk,29.45082051,Fast Moving,0.080687179,1.02,Low,0,1.02,A - Good,202.6218382,High Variation (~206),0
SKU0808,Fresh Product 224,Fresh Produce,C,S003,PT Prima Distribusi,WHMDN,Medan - Deli Serdang,BATCH6199,03/09/2025,10/08/2025,14/09/2025,6,277,13,22,1,0,23.58,7020,11.75,47.16,33,2,$1.10,$1.11,$303.98,2.55,10,0.7109,FEFO,Expiring Soon,1,29/08/2025,-7.80%,77.52%,Seasonal SKU,Low,241,In Stock,Low,FALSE,FALSE,0,Low Risk,31.07111913,Fast Moving,0.085126354,0.58,Low,0,0.58,A - Good,202.6218382,High Variation (~206),0
SKU0809,Pantry Product 147,Pantry,C,S003,PT Prima Distribusi,WHBDG,Bandung - Rancaekek,BATCH3526,06/07/2025,17/06/2025,05/01/2027,65,39,1,14,0,1,4.72,1600,8.26,18.88,12,4,$12.28,$13.41,$479.10,3.63,3,0.8603,FEFO,In Stock,-1,15/06/2025,-2.95%,95.70%,No Notes,Medium,24,Low,Critical,FALSE,FALSE,0,Medium Risk,44.17435897,Fast Moving,0.121025641,0.56,Low,0,0.56,A - Good,192.2676003,Moderate Imbalance (~192),0
SKU0810,Pantry Product 167,Pantry,C,S003,PT Prima Distribusi,WHJKT,Jakarta - Cengkareng,BATCH7388,26/08/2025,20/08/2025,27/04/2028,14,35,12,9,0,1,5.26,1800,6.65,36.82,25,7,$8.90,$9.23,$311.39,4.51,1,0.967,FEFO,Low Stock,-1,22/08/2025,-4.61%,83.19%,No Notes,Medium,14,Low,Critical,TRUE,TRUE,0.35,Medium Risk,54.85428571,Very Fast Moving,0.150285714,0.23,Low,0.35,0.58,A - Good,213.1579776,Very Uneven (~213+),8.7
SKU0811,Seafood Product 193,Seafood,B,S002,PT Indo Fresh,WHJKT,Jakarta - Cengkareng,BATCH4874,20/07/2025,19/06/2025,26/07/2025,51,404,91,24,1,0,29.7,1041,13.6,89.1,54,3,$4.61,$4.65,"$1,861.79",2.21,10,0.9708,FEFO,Expiring Soon,2,26/08/2025,3.95%,87.39%,No Notes,Low,288,In Stock,Low,FALSE,FALSE,0,Low Risk,26.83292079,Fast Moving,0.073514851,0.09,Low,0,0.09,A - Good,213.1579776,Very Uneven (~213+),0
SKU0812,Seafood Product 284,Seafood,C,S007,PT Bakerindo,WHJKT,Jakarta - Cengkareng,BATCH7676,09/05/2025,30/03/2025,12/05/2025,123,178,33,8,1,0,24.05,6210,7.4,168.35,89,7,$4.49,$4.17,$798.40,4.05,9,0.7114,FIFO,Low Stock,2,07/09/2025,-8.17%,62.01%,No Notes,Medium,136,In Stock,Critical,FALSE,FALSE,0,Medium Risk,49.31601124,Fast Moving,0.13511236,2.02,Medium,0,2.02,B - Normal,213.1579776,Very Uneven (~213+),0
SKU0813,Personal Product 346,Personal Care,C,S002,PT Indo Fresh,WHBDG,Bandung - Rancaekek,BATCH3057,20/04/2025,01/04/2025,14/12/2029,142,24,8,2,1,3,4.57,1370,5.25,9.14,14,2,$12.53,$14.34,$300.78,5.71,1,0.9605,FEFO,In Stock,0,14/07/2025,-1.02%,62.46%,Temperature controlled,Medium,13,Low,Critical,FALSE,FALSE,0,Medium Risk,69.50208333,Very Fast Moving,0.190416667,0.08,Low,0,0.08,A - Good,192.2676003,Moderate Imbalance (~192),0
SKU0814,Dairy Product 496,Dairy,C,S003,PT Prima Distribusi,WHSBY,Surabaya - Sidoarjo,BATCH5016,24/04/2025,21/03/2025,06/05/2025,138,30,30,0,4,1,38.02,1429,0.79,38.02,22,1,$2.11,$2.18,$63.38,38.02,12,0.7436,FEFO,Low Stock,-6,30/06/2025,-2.07%,66.79%,No Notes,,-4,Out of Stock,Critical,TRUE,TRUE,0.21,High Risk,462.5766667,Very Fast Moving,1.267333333,0.26,Low,0.21,0.47,A - Good,199.2482854,High Variation (~206),8.42
SKU0815,Fresh Product 238,Fresh Produce,C,S010,PT DailyDairy,WHSBY,Surabaya - Sidoarjo,BATCH1008,26/03/2025,23/03/2025,31/03/2025,167,912,142,81,1,0,79.24,1874,11.51,316.96,161,4,$0.36,$0.41,$326.40,2.61,20,0.8512,FEFO,Expiring Soon,-1,06/08/2025,0.69%,68.73%,No Notes,Low,688,In Stock,Low,FALSE,FALSE,0,Low Risk,31.71337719,Fast Moving,0.086885965,0.6,Low,0,0.6,A - Good,199.2482854,High Variation (~206),0
SKU0816,Household Product 195,Household,C,S006,PT Frozen Express,WHBDG,Bandung - Rancaekek,BATCH5609,13/04/2025,11/04/2025,21/02/2029,149,57,18,16,0,0,9.04,2900,6.31,90.4,50,10,$6.76,$6.20,$385.49,4.76,4,0.9907,FIFO,Low Stock,-5,03/07/2025,-2.24%,62.56%,No Notes,Medium,23,Low,Critical,TRUE,TRUE,3.69,Medium Risk,57.8877193,Very Fast Moving,0.158596491,0.09,Low,3.69,3.78,A - Good,192.2676003,Moderate Imbalance (~192),15.38
SKU0817,Seafood Product 203,Seafood,B,S002,PT Indo Fresh,WHBDG,Bandung - Rancaekek,BATCH8077,20/04/2025,07/04/2025,27/04/2025,142,208,0,2,2,0,23.58,7570,8.82,23.58,15,1,$6.77,$6.62,"$1,408.68",3.4,9,0.7411,FEFO,Expiring Soon,-3,14/06/2025,1.80%,93.21%,No Notes,Medium,204,In Stock,Critical,FALSE,FALSE,0,Medium Risk,41.37836538,Fast Moving,0.113365385,0.26,Low,0,0.26,A - Good,192.2676003,Moderate Imbalance (~192),0
SKU0818,Pantry Product 386,Pantry,C,S008,PT Hygienic Supplies,WHSBY,Surabaya - Sidoarjo,BATCH6269,09/07/2025,18/06/2025,26/03/2030,62,18,1,4,0,0,1.28,430,14.06,3.84,3,3,$0.37,$0.36,$6.63,2.13,2,0.9515,FIFO,In Stock,3,13/07/2025,8.41%,79.21%,No Notes,Low,13,Low,Low,FALSE,FALSE,0,Low Risk,25.95555556,Fast Moving,0.071111111,0.15,Low,0,0.15,A - Good,199.2482854,High Variation (~206),0
SKU0819,Seafood Product 468,Seafood,C,S003,PT Prima Distribusi,WHJKT,Jakarta - Cengkareng,BATCH1070,07/04/2025,09/02/2025,17/04/2025,155,130,15,24,4,2,12.62,3580,10.3,63.1,35,5,$3.82,$4.33,$496.64,2.91,8,0.8381,FIFO,Expiring Soon,0,15/06/2025,-0.43%,91.86%,No Notes,Low,87,In Stock,Low,FALSE,FALSE,0,Low Risk,35.43307692,Fast Moving,0.097076923,0.81,Low,0,0.81,A - Good,213.1579776,Very Uneven (~213+),0
SKU0820,Pantry Product 357,Pantry,A,S008,PT Hygienic Supplies,WHMDN,Medan - Deli Serdang,BATCH2270,25/04/2025,22/03/2025,08/10/2026,137,313,6,51,2,0,27.99,8630,11.18,391.86,202,14,$13.62,$14.69,"$4,263.72",2.68,12,0.7261,FIFO,Low Stock,4,16/06/2025,5.85%,75.64%,No Notes,Low,254,In Stock,Low,TRUE,TRUE,2.82,Low Risk,32.64009585,Fast Moving,0.08942492,3.83,Medium,2.82,6.65,B - Normal,202.6218382,High Variation (~206),13.64
SKU0821,Dairy Product 498,Dairy,B,S007,PT Bakerindo,WHDPS,Denpasar - Tabanan,BATCH3903,10/06/2025,18/04/2025,29/06/2025,91,480,85,80,1,0,37.32,1273,12.86,373.2,191,10,$3.13,$2.86,"$1,504.51",2.33,14,0.9487,FIFO,Low Stock,2,25/08/2025,2.19%,96.82%,No Notes,Low,314,In Stock,Low,FALSE,FALSE,0,Low Risk,28.37875,Fast Moving,0.07775,0.51,Low,0,0.51,A - Good,206.5718724,High Variation (~206),0
SKU0822,Personal Product 228,Personal Care,A,S001,PT Segar Makmur,WHBDG,Bandung - Rancaekek,BATCH6862,04/09/2025,23/08/2025,01/04/2028,5,258,42,39,0,0,18.59,6710,13.88,55.77,33,3,$21.37,$23.42,"$5,513.90",2.16,5,0.8155,FIFO,In Stock,-1,23/06/2025,4.16%,89.51%,No Notes,Low,177,In Stock,Low,FALSE,FALSE,0,Low Risk,26.2998062,Fast Moving,0.072054264,0.55,Low,0,0.55,A - Good,192.2676003,Moderate Imbalance (~192),0
SKU0823,Household Product 114,Household,C,S004,PT Nusantara Supplier,WHMDN,Medan - Deli Serdang,BATCH5599,09/06/2025,09/05/2025,23/08/2026,92,40,0,13,0,0,10.03,3210,3.99,70.21,36,7,$1.96,$2.06,$78.38,7.52,5,0.9067,FIFO,Low Stock,-1,09/09/2025,6.61%,91.08%,No Notes,Medium,27,Low,Critical,TRUE,TRUE,3.01,High Risk,91.52375,Very Fast Moving,0.25075,0.65,Low,3.01,3.66,A - Good,202.6218382,High Variation (~206),14.02
SKU0824,Household Product 203,Household,B,S002,PT Indo Fresh,WHSBY,Surabaya - Sidoarjo,BATCH9093,17/04/2025,07/04/2025,04/02/2029,145,72,25,47,3,0,14.49,3770,4.97,43.47,27,3,$19.06,$19.32,"$1,372.23",6.04,5,0.9123,FIFO,In Stock,-2,17/06/2025,-0.84%,79.86%,No Notes,Medium,-3,Out of Stock,Critical,FALSE,FALSE,0,High Risk,73.45625,Very Fast Moving,0.20125,0.26,Low,0,0.26,A - Good,199.2482854,High Variation (~206),0
SKU0825,Beverages Product 309,Beverages,B,S010,PT DailyDairy,WHBDG,Bandung - Rancaekek,BATCH3101,24/08/2025,08/07/2025,10/12/2029,16,582,120,269,5,0,99.5,3833,5.85,199,108,2,$2.91,$2.66,"$1,694.26",5.13,37,0.8493,FIFO,In Stock,0,24/08/2025,8.38%,97.63%,No Notes,Medium,188,In Stock,Critical,FALSE,FALSE,0,Medium Risk,62.40120275,Very Fast Moving,0.170962199,0.3,Low,0,0.3,A - Good,192.2676003,Moderate Imbalance (~192),0
SKU0826,Pantry Product 117,Pantry,B,S009,PT Beverage Nusantara,WHSBY,Surabaya - Sidoarjo,BATCH1378,22/07/2025,08/06/2025,10/05/2030,49,138,32,40,2,1,15.92,4800,8.67,15.92,13,1,$8.08,$8.65,"$1,114.86",3.46,7,0.9283,FEFO,In Stock,3,14/06/2025,-8.29%,89.39%,No Notes,Medium,64,In Stock,Critical,FALSE,FALSE,0,Medium Risk,42.10724638,Fast Moving,0.115362319,0.07,Low,0,0.07,A - Good,199.2482854,High Variation (~206),0
SKU0827,Frozen Product 481,Frozen,C,S007,PT Bakerindo,WHJKT,Jakarta - Cengkareng,BATCH7666,19/06/2025,02/06/2025,05/04/2026,82,142,43,26,0,0,15.82,4410,8.98,15.82,9,1,$2.97,$3.15,$422.27,3.34,4,0.9596,FIFO,In Stock,-1,14/06/2025,7.49%,89.43%,No Notes,Medium,73,In Stock,Critical,FALSE,FALSE,0,Medium Risk,40.66408451,Fast Moving,0.111408451,0.04,Low,0,0.04,A - Good,213.1579776,Very Uneven (~213+),0
SKU0828,Frozen Product 265,Frozen,C,S001,PT Segar Makmur,WHBDG,Bandung - Rancaekek,BATCH7882,28/08/2025,25/07/2025,06/05/2026,12,109,21,2,0,0,8.75,2050,12.46,26.25,16,3,$1.71,$1.87,$185.91,2.41,3,0.8517,FEFO,In Stock,0,31/07/2025,7.61%,90.13%,High return rate,Low,86,In Stock,Low,FALSE,FALSE,0,Low Risk,29.30045872,Fast Moving,0.080275229,0.44,Low,0,0.44,A - Good,192.2676003,Moderate Imbalance (~192),0
SKU0829,Seafood Product 451,Seafood,A,S010,PT DailyDairy,WHJKT,Jakarta - Cengkareng,BATCH2219,14/07/2025,17/05/2025,23/07/2025,57,168,32,14,0,3,19.61,5300,8.57,137.27,78,7,$13.08,$13.92,"$2,196.89",3.5,6,0.9911,FIFO,Low Stock,0,15/08/2025,-1.35%,71.54%,No Notes,Medium,122,In Stock,Critical,FALSE,FALSE,0,Medium Risk,42.60505952,Fast Moving,0.11672619,0.06,Low,0,0.06,A - Good,213.1579776,Very Uneven (~213+),0
SKU0830,Seafood Product 321,Seafood,C,S002,PT Indo Fresh,WHJKT,Jakarta - Cengkareng,BATCH1393,10/05/2025,03/04/2025,19/05/2025,122,72,5,9,3,1,4.67,990,15.42,14.01,14,3,$5.43,$5.54,$390.82,1.95,6,0.9807,FEFO,Expiring Soon,-5,08/08/2025,-1.91%,89.01%,No Notes,Low,55,In Stock,Low,FALSE,FALSE,0,Low Risk,23.67430556,Fast Moving,0.064861111,0.06,Low,0,0.06,A - Good,213.1579776,Very Uneven (~213+),0
SKU0831,Frozen Product 491,Frozen,B,S006,PT Frozen Express,WHJKT,Jakarta - Cengkareng,BATCH4878,16/06/2025,17/04/2025,25/04/2026,85,374,79,163,0,0,45.95,1434,8.14,91.9,47,2,$2.33,$2.52,$873.25,3.69,14,0.8863,FIFO,In Stock,-3,25/06/2025,6.68%,76.30%,No Notes,Medium,132,In Stock,Critical,FALSE,FALSE,0,Medium Risk,44.84425134,Fast Moving,0.122860963,0.23,Low,0,0.23,A - Good,213.1579776,Very Uneven (~213+),0
SKU0832,Beverages Product 321,Beverages,C,S008,PT Hygienic Supplies,WHDPS,Denpasar - Tabanan,BATCH1994,09/08/2025,12/06/2025,31/01/2027,31,282,85,87,0,0,29.21,9040,9.65,292.1,155,10,$2.09,$1.97,$589.58,3.11,13,0.7977,FIFO,Low Stock,-2,23/07/2025,1.72%,66.68%,No Notes,Medium,110,In Stock,Critical,TRUE,TRUE,0.35,Medium Risk,37.8072695,Fast Moving,0.10358156,2.02,Medium,0.35,2.37,B - Normal,206.5718724,High Variation (~206),8.7
SKU0833,Household Product 34,Household,C,S003,PT Prima Distribusi,WHJKT,Jakarta - Cengkareng,BATCH5939,19/05/2025,10/04/2025,08/09/2026,113,136,24,15,1,1,9.55,2310,14.24,47.75,28,5,$1.05,$1.06,$142.75,2.11,3,0.7029,FEFO,In Stock,-5,01/09/2025,-7.71%,73.62%,Seasonal SKU,Low,96,In Stock,Low,FALSE,FALSE,0,Low Risk,25.63051471,Fast Moving,0.070220588,1.49,Low,0,1.49,A - Good,213.1579776,Very Uneven (~213+),0
SKU0834,Pantry Product 151,Pantry,B,S007,PT Bakerindo,WHMDN,Medan - Deli Serdang,BATCH7735,16/08/2025,02/08/2025,31/01/2030,24,209,22,29,3,2,13.43,4940,15.56,13.43,9,1,$7.23,$8.31,"$1,511.74",1.93,6,0.7469,FIFO,In Stock,1,13/07/2025,7.18%,83.90%,No Notes,Low,155,In Stock,Low,FALSE,FALSE,0,Low Risk,23.45430622,Fast Moving,0.064258373,0.25,Low,0,0.25,A - Good,202.6218382,High Variation (~206),0
SKU0835,Household Product 451,Household,C,S010,PT DailyDairy,WHDPS,Denpasar - Tabanan,BATCH1425,15/08/2025,17/07/2025,10/07/2028,25,28,6,5,1,2,2.71,680,10.33,27.1,19,10,$10.19,$10.48,$285.36,2.9,2,0.7859,FEFO,Low Stock,-2,26/06/2025,-1.87%,69.96%,No Notes,Low,16,Low,Low,FALSE,FALSE,0,Low Risk,35.32678571,Fast Moving,0.096785714,2.14,Medium,0,2.14,B - Normal,206.5718724,High Variation (~206),0
SKU0836,Fresh Product 305,Fresh Produce,C,S002,PT Indo Fresh,WHDPS,Denpasar - Tabanan,BATCH3064,22/07/2025,12/06/2025,03/08/2025,49,233,104,18,1,0,41.11,1326,5.67,123.33,69,3,$2.08,$2.27,$483.82,5.29,17,0.9573,FEFO,Expiring Soon,1,26/07/2025,-2.92%,65.64%,No Notes,Medium,110,In Stock,Critical,FALSE,FALSE,0,Medium Risk,64.39978541,Very Fast Moving,0.176437768,0.13,Low,0,0.13,A - Good,206.5718724,High Variation (~206),0
SKU0837,Beverages Product 228,Beverages,B,S003,PT Prima Distribusi,WHBDG,Bandung - Rancaekek,BATCH1991,05/08/2025,28/07/2025,03/11/2026,35,373,56,89,1,0,39.74,8600,9.39,119.22,66,3,$4.23,$4.82,"$1,577.79",3.2,16,0.8525,FEFO,In Stock,0,27/06/2025,-7.59%,70.47%,No Notes,Medium,227,In Stock,Critical,FALSE,FALSE,0,Medium Risk,38.88766756,Fast Moving,0.106541555,0.44,Low,0,0.44,A - Good,192.2676003,Moderate Imbalance (~192),0
SKU0838,Personal Product 387,Personal Care,C,S006,PT Frozen Express,WHSBY,Surabaya - Sidoarjo,BATCH3385,13/04/2025,04/04/2025,25/04/2029,149,26,10,1,5,1,3.75,880,6.93,15,8,4,$22.96,$25.56,$596.89,4.33,3,0.9845,FEFO,In Stock,-3,01/08/2025,5.10%,91.95%,No Notes,Medium,10,Low,Critical,FALSE,FALSE,0,Medium Risk,52.64423077,Very Fast Moving,0.144230769,0.06,Low,0,0.06,A - Good,199.2482854,High Variation (~206),0
SKU0839,Meat Product 497,Meat,A,S001,PT Segar Makmur,WHDPS,Denpasar - Tabanan,BATCH1939,12/04/2025,28/03/2025,21/04/2025,150,412,12,10,2,1,26.49,8660,15.55,52.98,27,2,$10.73,$11.82,"$4,420.68",1.93,7,0.7644,FIFO,Expiring Soon,4,17/07/2025,9.82%,81.66%,No Notes,Low,388,In Stock,Low,FALSE,FALSE,0,Low Risk,23.46808252,Fast Moving,0.064296117,0.47,Low,0,0.47,A - Good,206.5718724,High Variation (~206),0
SKU0840,Personal Product 328,Personal Care,C,S004,PT Nusantara Supplier,WHJKT,Jakarta - Cengkareng,BATCH8794,14/06/2025,01/05/2025,06/07/2027,87,86,24,14,1,0,12.8,4260,6.72,12.8,12,1,$1.53,$1.64,$131.23,4.47,2,0.7239,FEFO,In Stock,-1,25/06/2025,-2.67%,88.56%,No Notes,Medium,47,Low,Critical,FALSE,FALSE,0,Medium Risk,54.3255814,Very Fast Moving,0.148837209,0.28,Low,0,0.28,A - Good,213.1579776,Very Uneven (~213+),0
SKU0841,Household Product 290,Household,C,S006,PT Frozen Express,WHDPS,Denpasar - Tabanan,BATCH6384,25/06/2025,15/06/2025,29/10/2028,76,18,7,3,3,1,3.57,1150,5.04,10.71,14,3,$13.31,$14.88,$239.62,5.95,4,0.8187,FIFO,Low Stock,0,13/07/2025,-9.63%,88.90%,No Notes,Medium,5,Low,Critical,FALSE,FALSE,0,Medium Risk,72.39166667,Very Fast Moving,0.198333333,0.54,Low,0,0.54,A - Good,206.5718724,High Variation (~206),0
SKU0842,Personal Product 254,Personal Care,B,S004,PT Nusantara Supplier,WHJKT,Jakarta - Cengkareng,BATCH4772,30/03/2025,01/03/2025,29/06/2027,163,155,47,37,1,1,18.2,4500,8.52,72.8,44,4,$11.96,$12.74,"$1,853.21",3.52,6,0.911,FIFO,In Stock,0,10/08/2025,9.82%,93.29%,No Notes,Medium,70,In Stock,Critical,FALSE,FALSE,0,Medium Risk,42.85806452,Fast Moving,0.117419355,0.36,Low,0,0.36,A - Good,213.1579776,Very Uneven (~213+),0
SKU0843,Beverages Product 418,Beverages,A,S006,PT Frozen Express,WHMDN,Medan - Deli Serdang,BATCH4018,19/07/2025,28/05/2025,15/10/2028,52,663,208,144,2,0,69.72,2657,9.51,348.6,178,5,$7.67,$8.10,"$5,082.16",3.15,27,0.8954,FIFO,In Stock,1,25/07/2025,4.01%,77.68%,Promotional item,Medium,309,In Stock,Critical,FALSE,FALSE,0,Medium Risk,38.38280543,Fast Moving,0.105158371,0.52,Low,0,0.52,A - Good,202.6218382,High Variation (~206),0
SKU0844,Fresh Product 59,Fresh Produce,C,S003,PT Prima Distribusi,WHSBY,Surabaya - Sidoarjo,BATCH6896,20/05/2025,18/05/2025,26/05/2025,112,512,136,139,1,0,71.12,2547,7.2,497.84,253,7,$1.50,$1.36,$769.89,4.17,18,0.9623,FIFO,Low Stock,2,15/08/2025,8.69%,86.93%,No Notes,Medium,236,In Stock,Critical,FALSE,FALSE,0,Medium Risk,50.70078125,Very Fast Moving,0.13890625,0.26,Low,0,0.26,A - Good,199.2482854,High Variation (~206),0
SKU0845,Dairy Product 454,Dairy,C,S005,PT Agro Raya,WHBDG,Bandung - Rancaekek,BATCH5029,15/06/2025,04/06/2025,09/07/2025,86,178,50,19,1,2,26.57,7400,6.7,132.85,70,5,$2.16,$2.43,$384.78,4.48,11,0.9865,FIFO,Low Stock,1,07/09/2025,6.62%,62.15%,No Notes,Medium,108,In Stock,Critical,FALSE,FALSE,0,Medium Risk,54.48342697,Very Fast Moving,0.149269663,0.07,Low,0,0.07,A - Good,192.2676003,Moderate Imbalance (~192),0
SKU0846,Meat Product 52,Meat,C,S001,PT Segar Makmur,WHBDG,Bandung - Rancaekek,BATCH6544,04/06/2025,06/04/2025,12/06/2025,97,86,0,6,1,0,6.86,2100,12.54,96.04,57,14,$7.53,$7.36,$647.24,2.39,4,0.757,FIFO,Low Stock,0,01/08/2025,-0.15%,94.13%,No Notes,Low,79,In Stock,Low,TRUE,TRUE,1.46,Low Risk,29.11511628,Fast Moving,0.079767442,3.4,Medium,1.46,4.86,B - Normal,192.2676003,Moderate Imbalance (~192),10.92
SKU0847,Bakery Product 191,Bakery,C,S003,PT Prima Distribusi,WHDPS,Denpasar - Tabanan,BATCH2071,03/04/2025,27/03/2025,08/04/2025,159,581,171,59,0,0,60.1,1822,9.67,420.7,219,7,$0.61,$0.56,$354.76,3.1,22,0.8728,FIFO,Low Stock,3,24/08/2025,1.65%,67.40%,No Notes,Medium,351,In Stock,Critical,FALSE,FALSE,0,Medium Risk,37.75645439,Fast Moving,0.103442341,0.89,Low,0,0.89,A - Good,206.5718724,High Variation (~206),0
SKU0848,Dairy Product 194,Dairy,B,S006,PT Frozen Express,WHSBY,Surabaya - Sidoarjo,BATCH5006,09/04/2025,10/02/2025,29/04/2025,153,380,21,32,1,2,44.67,1049,8.51,312.69,165,7,$3.32,$3.51,"$1,262.25",3.53,15,0.7901,FIFO,Low Stock,0,23/06/2025,0.80%,60.67%,No Notes,Medium,326,In Stock,Critical,FALSE,FALSE,0,Medium Risk,42.90671053,Fast Moving,0.117552632,1.47,Low,0,1.47,A - Good,199.2482854,High Variation (~206),0
SKU0849,Household Product 151,Household,B,S003,PT Prima Distribusi,WHSBY,Surabaya - Sidoarjo,BATCH5588,08/07/2025,14/05/2025,25/10/2026,63,213,50,56,1,0,18.59,5810,11.46,92.95,53,5,$4.32,$4.74,$920.42,2.62,8,0.8113,FIFO,In Stock,-1,06/07/2025,3.64%,67.71%,No Notes,Low,106,In Stock,Low,FALSE,FALSE,0,Low Risk,31.85610329,Fast Moving,0.087276995,0.94,Low,0,0.94,A - Good,199.2482854,High Variation (~206),0
SKU0850,Personal Product 108,Personal Care,B,S002,PT Indo Fresh,WHMDN,Medan - Deli Serdang,BATCH2062,24/03/2025,14/03/2025,03/09/2029,169,67,14,26,1,0,8.92,3430,7.51,17.84,17,2,$16.61,$16.90,"$1,112.64",3.99,3,0.8047,FEFO,In Stock,-3,19/06/2025,2.65%,64.92%,No Notes,Medium,26,Low,Critical,FALSE,FALSE,0,Medium Risk,48.59402985,Fast Moving,0.133134328,0.39,Low,0,0.39,A - Good,202.6218382,High Variation (~206),0
SKU0851,Bakery Product 266,Bakery,C,S008,PT Hygienic Supplies,WHBDG,Bandung - Rancaekek,BATCH7125,19/06/2025,17/05/2025,26/06/2025,82,311,85,15,1,2,57.87,1854,5.37,173.61,91,3,$1.17,$1.07,$365.05,5.58,18,0.9454,FEFO,Expiring Soon,-1,08/07/2025,1.47%,61.98%,No Notes,Medium,210,In Stock,Critical,FALSE,FALSE,0,Medium Risk,67.9181672,Very Fast Moving,0.18607717,0.16,Low,0,0.16,A - Good,192.2676003,Moderate Imbalance (~192),0
SKU0852,Pantry Product 327,Pantry,B,S010,PT DailyDairy,WHJKT,Jakarta - Cengkareng,BATCH4325,18/07/2025,20/06/2025,10/10/2027,53,101,11,13,1,1,5.99,1330,16.86,11.98,12,2,$12.83,$14.71,"$1,296.18",1.78,5,0.9293,FIFO,In Stock,2,21/07/2025,-9.49%,60.55%,No Notes,Low,76,In Stock,Low,FALSE,FALSE,0,Low Risk,21.6470297,Fast Moving,0.059306931,0.14,Low,0,0.14,A - Good,213.1579776,Very Uneven (~213+),0
SKU0853,Bakery Product 194,Bakery,B,S010,PT DailyDairy,WHBDG,Bandung - Rancaekek,BATCH2388,06/06/2025,29/05/2025,10/06/2025,95,389,184,119,0,0,57.65,2005,6.75,288.25,146,5,$3.74,$4.15,"$1,455.91",4.45,19,0.7237,FIFO,Low Stock,0,03/08/2025,-8.02%,71.62%,No Notes,Medium,86,In Stock,Critical,FALSE,FALSE,0,Medium Risk,54.09318766,Very Fast Moving,0.148200514,1.38,Low,0,1.38,A - Good,192.2676003,Moderate Imbalance (~192),0
SKU0854,Seafood Product 299,Seafood,A,S001,PT Segar Makmur,WHMDN,Medan - Deli Serdang,BATCH7981,01/05/2025,03/04/2025,09/05/2025,131,211,53,10,0,1,16.91,3740,12.48,67.64,39,4,$14.21,$13.40,"$2,998.86",2.4,7,0.761,FEFO,Expiring Soon,0,16/07/2025,0.25%,80.73%,No Notes,Low,148,In Stock,Low,FALSE,FALSE,0,Low Risk,29.25189573,Fast Moving,0.08014218,0.96,Low,0,0.96,A - Good,202.6218382,High Variation (~206),0
SKU0855,Household Product 163,Household,C,S005,PT Agro Raya,WHMDN,Medan - Deli Serdang,BATCH8236,03/09/2025,20/08/2025,05/09/2027,6,97,28,3,1,0,8.68,2820,11.18,26.04,21,3,$2.25,$2.50,$218.40,2.68,4,0.8487,FEFO,In Stock,0,19/06/2025,3.19%,67.13%,Seasonal SKU,Low,65,In Stock,Low,FALSE,FALSE,0,Low Risk,32.66185567,Fast Moving,0.089484536,0.45,Low,0,0.45,A - Good,202.6218382,High Variation (~206),0
SKU0856,Meat Product 257,Meat,B,S009,PT Beverage Nusantara,WHDPS,Denpasar - Tabanan,BATCH5528,29/03/2025,29/01/2025,05/04/2025,164,129,12,28,1,2,20.21,7150,6.38,40.42,28,2,$9.14,$9.13,"$1,178.70",4.7,7,0.7926,FIFO,Expiring Soon,3,28/08/2025,3%,72.88%,Promotional item,Medium,88,In Stock,Critical,FALSE,FALSE,0,Medium Risk,57.18333333,Very Fast Moving,0.156666667,0.41,Low,0,0.41,A - Good,206.5718724,High Variation (~206),0
SKU0857,Fresh Product 103,Fresh Produce,B,S006,PT Frozen Express,WHBDG,Bandung - Rancaekek,BATCH5096,21/03/2025,02/03/2025,29/03/2025,172,540,76,41,0,2,32.64,1187,16.54,228.48,122,7,$1.75,$1.78,$943.54,1.81,9,0.9622,FEFO,Expiring Soon,0,16/08/2025,6.20%,88.54%,No Notes,Low,423,In Stock,Low,FALSE,FALSE,0,Low Risk,22.06222222,Fast Moving,0.060444444,0.26,Low,0,0.26,A - Good,192.2676003,Moderate Imbalance (~192),0
SKU0858,Personal Product 438,Personal Care,A,S009,PT Beverage Nusantara,WHSBY,Surabaya - Sidoarjo,BATCH5617,07/09/2025,17/07/2025,12/05/2028,2,248,32,35,1,0,23.24,6230,10.67,46.48,24,2,$19.37,$17.50,"$4,804.75",2.81,15,0.7643,FEFO,In Stock,-3,20/07/2025,2.60%,66.42%,No Notes,Low,180,In Stock,Low,FALSE,FALSE,0,Low Risk,34.20403226,Fast Moving,0.093709677,0.47,Low,0,0.47,A - Good,199.2482854,High Variation (~206),0
SKU0859,Household Product 388,Household,A,S001,PT Segar Makmur,WHMDN,Medan - Deli Serdang,BATCH3445,26/03/2025,30/01/2025,07/02/2029,167,171,15,13,0,1,11.15,2570,15.34,55.75,34,5,$19.25,$18.12,"$3,291.53",1.96,4,0.9354,FEFO,In Stock,0,11/08/2025,9.13%,82.92%,No Notes,Low,143,In Stock,Low,FALSE,FALSE,0,Low Risk,23.7997076,Fast Moving,0.065204678,0.32,Low,0,0.32,A - Good,202.6218382,High Variation (~206),0
SKU0860,Beverages Product 243,Beverages,A,S004,PT Nusantara Supplier,WHDPS,Denpasar - Tabanan,BATCH8679,12/04/2025,25/02/2025,17/05/2029,150,744,209,104,0,2,98.64,343,7.54,394.56,201,4,$4.66,$4.88,"$3,465.03",3.98,28,0.9085,FEFO,In Stock,2,28/07/2025,-8.33%,60.48%,No Notes,Medium,431,In Stock,Critical,FALSE,FALSE,0,Medium Risk,48.39193548,Fast Moving,0.132580645,0.37,Low,0,0.37,A - Good,206.5718724,High Variation (~206),0
SKU0861,Seafood Product 97,Seafood,A,S007,PT Bakerindo,WHMDN,Medan - Deli Serdang,BATCH8372,18/07/2025,25/05/2025,28/07/2025,53,305,47,36,2,1,26.66,5650,11.44,26.66,14,1,$10.01,$9.34,"$3,052.78",2.62,10,0.8304,FIFO,Expiring Soon,2,24/07/2025,8.81%,74.04%,High return rate,Low,220,In Stock,Low,FALSE,FALSE,0,Low Risk,31.90459016,Fast Moving,0.087409836,0.17,Low,0,0.17,A - Good,202.6218382,High Variation (~206),0
SKU0862,Seafood Product 378,Seafood,C,S001,PT Segar Makmur,WHMDN,Medan - Deli Serdang,BATCH6567,25/03/2025,11/03/2025,02/04/2025,168,151,11,14,0,4,14.05,3270,10.75,98.35,52,7,$4.50,$4.30,$679.35,2.79,6,0.81,FEFO,Expiring Soon,0,17/07/2025,3.23%,90.62%,No Notes,Low,126,In Stock,Low,FALSE,FALSE,0,Low Risk,33.96192053,Fast Moving,0.093046358,1.33,Low,0,1.33,A - Good,202.6218382,High Variation (~206),0
SKU0863,Bakery Product 399,Bakery,C,S009,PT Beverage Nusantara,WHSBY,Surabaya - Sidoarjo,BATCH1380,18/06/2025,13/05/2025,24/06/2025,83,343,119,89,3,2,37.67,1268,9.11,150.68,81,4,$1.35,$1.34,$462.84,3.29,15,0.7081,FIFO,Expiring Soon,0,23/08/2025,2.56%,97.80%,No Notes,Medium,132,In Stock,Critical,FALSE,FALSE,0,Medium Risk,40.0861516,Fast Moving,0.109825073,1.17,Low,0,1.17,A - Good,199.2482854,High Variation (~206),0
SKU0864,Personal Product 170,Personal Care,B,S010,PT DailyDairy,WHDPS,Denpasar - Tabanan,BATCH7404,07/04/2025,14/03/2025,25/06/2029,155,42,23,13,1,0,8.2,2270,5.12,8.2,12,1,$20.32,$18.87,$853.34,5.86,5,0.726,FIFO,In Stock,-4,21/07/2025,-7.40%,87.87%,Fragile,Medium,5,Low,Critical,FALSE,FALSE,0,Medium Risk,71.26190476,Very Fast Moving,0.195238095,0.27,Low,0,0.27,A - Good,206.5718724,High Variation (~206),0
SKU0865,Dairy Product 56,Dairy,B,S006,PT Frozen Express,WHDPS,Denpasar - Tabanan,BATCH5991,17/05/2025,12/05/2025,13/06/2025,115,467,65,100,5,0,34.11,1235,13.69,102.33,60,3,$2.11,$2.30,$987.47,2.19,14,0.8699,FIFO,Expiring Soon,-2,27/08/2025,6.96%,90.91%,No Notes,Low,297,In Stock,Low,FALSE,FALSE,0,Low Risk,26.65985011,Fast Moving,0.073040685,0.39,Low,0,0.39,A - Good,206.5718724,High Variation (~206),0
SKU0866,Dairy Product 424,Dairy,C,S010,PT DailyDairy,WHMDN,Medan - Deli Serdang,BATCH4260,03/09/2025,30/08/2025,15/09/2025,6,67,9,10,0,0,5.35,1650,12.52,37.45,27,7,$0.81,$0.79,$54.60,2.4,4,0.74,FEFO,Expiring Soon,-1,04/08/2025,-3.69%,86.88%,No Notes,Low,48,Low,Low,FALSE,FALSE,0,Low Risk,29.14552239,Fast Moving,0.079850746,1.82,Low,0,1.82,A - Good,202.6218382,High Variation (~206),0
SKU0867,Meat Product 269,Meat,C,S002,PT Indo Fresh,WHMDN,Medan - Deli Serdang,BATCH9495,26/08/2025,26/08/2025,11/09/2025,14,93,25,24,1,1,11.31,3880,8.22,45.24,25,4,$3.50,$3.99,$325.80,3.65,8,0.8849,FIFO,Expiring Soon,0,30/07/2025,-5.11%,89.07%,No Notes,Medium,43,Low,Critical,FALSE,FALSE,0,Medium Risk,44.38870968,Fast Moving,0.121612903,0.46,Low,0,0.46,A - Good,202.6218382,High Variation (~206),0
SKU0868,Bakery Product 81,Bakery,C,S002,PT Indo Fresh,WHBDG,Bandung - Rancaekek,BATCH8835,25/04/2025,09/03/2025,30/04/2025,137,51,1,16,0,1,5.08,1720,10.04,25.4,15,5,$2.58,$2.53,$131.45,2.99,2,0.7465,FIFO,Expiring Soon,3,22/07/2025,4.01%,85.40%,No Notes,Low,34,Low,Low,FALSE,FALSE,0,Low Risk,36.35686275,Fast Moving,0.099607843,1.27,Low,0,1.27,A - Good,192.2676003,Moderate Imbalance (~192),0
SKU0869,Household Product 67,Household,C,S004,PT Nusantara Supplier,WHSBY,Surabaya - Sidoarjo,BATCH8778,22/05/2025,12/05/2025,14/05/2030,110,100,22,4,0,0,7.95,2240,12.58,31.8,20,4,$5.11,$5.10,$511.14,2.38,5,0.8369,FEFO,In Stock,-3,26/06/2025,-0.04%,82.32%,No Notes,Low,74,In Stock,Low,FALSE,FALSE,0,Low Risk,29.0175,Fast Moving,0.0795,0.65,Low,0,0.65,A - Good,199.2482854,High Variation (~206),0
SKU0870,Beverages Product 235,Beverages,C,S005,PT Agro Raya,WHBDG,Bandung - Rancaekek,BATCH8302,08/09/2025,04/09/2025,27/06/2027,1,114,29,29,1,1,11.2,2660,10.18,11.2,13,1,$5.92,$6.04,$674.56,2.95,4,0.7955,FEFO,In Stock,-3,24/06/2025,-6.76%,73.83%,No Notes,Low,55,In Stock,Low,FALSE,FALSE,0,Low Risk,35.85964912,Fast Moving,0.098245614,0.2,Low,0,0.2,A - Good,192.2676003,Moderate Imbalance (~192),0
SKU0871,Pantry Product 467,Pantry,B,S010,PT DailyDairy,WHMDN,Medan - Deli Serdang,BATCH1640,15/05/2025,29/03/2025,17/12/2028,117,237,83,37,2,0,22.67,8090,10.45,22.67,19,1,$4.86,$4.84,"$1,151.20",2.87,7,0.8194,FIFO,In Stock,6,04/08/2025,4.99%,92.15%,No Notes,Low,115,In Stock,Low,FALSE,FALSE,0,Low Risk,34.91371308,Fast Moving,0.095654008,0.18,Low,0,0.18,A - Good,202.6218382,High Variation (~206),0
SKU0872,Personal Product 178,Personal Care,C,S005,PT Agro Raya,WHMDN,Medan - Deli Serdang,BATCH7800,06/04/2025,22/03/2025,30/03/2027,156,145,45,1,0,1,14.01,4610,10.35,56.04,31,4,$4.13,$4.52,$598.49,2.9,7,0.9665,FIFO,In Stock,2,22/06/2025,7.21%,70.60%,No Notes,Low,99,In Stock,Low,FALSE,FALSE,0,Low Risk,35.26655172,Fast Moving,0.09662069,0.13,Low,0,0.13,A - Good,202.6218382,High Variation (~206),0
SKU0873,Frozen Product 467,Frozen,B,S003,PT Prima Distribusi,WHDPS,Denpasar - Tabanan,BATCH1715,16/08/2025,01/08/2025,23/05/2026,24,540,104,103,1,2,48.42,1755,11.15,338.94,173,7,$2.98,$2.93,"$1,611.04",2.69,20,0.8137,FIFO,In Stock,-1,05/08/2025,-4.81%,72.46%,No Notes,Low,332,In Stock,Low,FALSE,FALSE,0,Low Risk,32.72833333,Fast Moving,0.089666667,1.3,Low,0,1.3,A - Good,206.5718724,High Variation (~206),0
SKU0874,Pantry Product 342,Pantry,B,S002,PT Indo Fresh,WHBDG,Bandung - Rancaekek,BATCH2986,06/05/2025,13/04/2025,25/08/2028,126,242,61,50,0,0,24.68,6750,9.81,345.52,181,14,$5.35,$6.09,"$1,293.61",3.06,11,0.969,FIFO,Low Stock,2,27/08/2025,9.67%,72.81%,No Notes,Medium,131,In Stock,Critical,TRUE,TRUE,4.19,Medium Risk,37.22396694,Fast Moving,0.101983471,0.43,Low,4.19,4.62,A - Good,192.2676003,Moderate Imbalance (~192),16.38
SKU0875,Beverages Product 210,Beverages,B,S008,PT Hygienic Supplies,WHBDG,Bandung - Rancaekek,BATCH9291,07/07/2025,05/07/2025,04/09/2027,64,291,146,124,1,0,45.6,1579,6.38,136.8,72,3,$5.06,$4.97,"$1,472.14",4.7,17,0.7394,FEFO,In Stock,1,06/09/2025,3.26%,61.92%,Fragile,Medium,20,Low,Critical,FALSE,FALSE,0,Medium Risk,57.19587629,Very Fast Moving,0.156701031,0.78,Low,0,0.78,A - Good,192.2676003,Moderate Imbalance (~192),0
SKU0876,Bakery Product 382,Bakery,C,S007,PT Bakerindo,WHBDG,Bandung - Rancaekek,BATCH1175,31/05/2025,15/05/2025,02/06/2025,101,124,19,57,0,1,17.57,6200,7.06,17.57,10,1,$3.20,$3.13,$396.97,4.25,7,0.9427,FIFO,Expiring Soon,2,11/06/2025,-4.65%,90.02%,No Notes,Medium,48,Low,Critical,FALSE,FALSE,0,Medium Risk,51.71814516,Very Fast Moving,0.141693548,0.06,Low,0,0.06,A - Good,192.2676003,Moderate Imbalance (~192),0
SKU0877,Seafood Product 384,Seafood,C,S008,PT Hygienic Supplies,WHMDN,Medan - Deli Serdang,BATCH2352,14/05/2025,09/04/2025,18/05/2025,118,162,18,8,0,0,10.68,3570,15.17,21.36,15,2,$4.08,$4.27,$660.21,1.98,7,0.9414,FIFO,Expiring Soon,2,15/07/2025,5.54%,93.82%,Promotional item,Low,136,In Stock,Low,FALSE,FALSE,0,Low Risk,24.06296296,Fast Moving,0.065925926,0.12,Low,0,0.12,A - Good,202.6218382,High Variation (~206),0
SKU0878,Household Product 88,Household,B,S001,PT Segar Makmur,WHDPS,Denpasar - Tabanan,BATCH5819,15/08/2025,08/08/2025,12/08/2027,25,68,12,7,0,0,5.87,1380,11.58,17.61,18,3,$19.72,$19.84,"$1,341.19",2.59,3,0.8952,FEFO,In Stock,0,19/08/2025,-6.78%,96.81%,Seasonal SKU,Low,49,Low,Low,FALSE,FALSE,0,Low Risk,31.50808824,Fast Moving,0.086323529,0.31,Low,0,0.31,A - Good,206.5718724,High Variation (~206),0
SKU0879,Beverages Product 79,Beverages,B,S008,PT Hygienic Supplies,WHSBY,Surabaya - Sidoarjo,BATCH1564,26/07/2025,30/05/2025,12/10/2027,45,352,72,17,2,0,38.32,8160,9.19,191.6,105,5,$3.79,$3.72,"$1,332.95",3.27,11,0.7196,FIFO,In Stock,0,15/07/2025,3.38%,65.76%,No Notes,Medium,261,In Stock,Critical,FALSE,FALSE,0,Medium Risk,39.73522727,Fast Moving,0.108863636,1.4,Low,0,1.4,A - Good,199.2482854,High Variation (~206),0
SKU0880,Household Product 416,Household,C,S009,PT Beverage Nusantara,WHJKT,Jakarta - Cengkareng,BATCH6051,02/06/2025,05/05/2025,15/04/2030,99,106,16,18,0,2,7.81,2030,13.57,15.62,12,2,$4.17,$4.15,$441.71,2.21,1,0.7442,FIFO,In Stock,3,25/06/2025,5.65%,82.02%,Fragile,Low,72,In Stock,Low,FALSE,FALSE,0,Low Risk,26.89292453,Fast Moving,0.073679245,0.51,Low,0,0.51,A - Good,213.1579776,Very Uneven (~213+),0
SKU0881,Beverages Product 476,Beverages,B,S004,PT Nusantara Supplier,WHSBY,Surabaya - Sidoarjo,BATCH2497,10/07/2025,09/07/2025,23/08/2027,61,261,27,27,3,0,20.28,4850,12.87,20.28,12,1,$6.02,$5.70,"$1,570.49",2.33,9,0.7749,FEFO,In Stock,-2,06/09/2025,5.45%,83.22%,No Notes,Low,204,In Stock,Low,FALSE,FALSE,0,Low Risk,28.36091954,Fast Moving,0.077701149,0.23,Low,0,0.23,A - Good,199.2482854,High Variation (~206),0
SKU0882,Seafood Product 99,Seafood,C,S002,PT Indo Fresh,WHBDG,Bandung - Rancaekek,BATCH3736,16/08/2025,14/08/2025,21/08/2025,24,64,16,13,1,1,8.77,2900,7.3,35.08,22,4,$3.31,$3.53,$211.74,4.11,3,0.7343,FEFO,Expiring Soon,3,06/07/2025,-1.36%,78.67%,Promotional item,Medium,34,Low,Critical,FALSE,FALSE,0,Medium Risk,50.01640625,Very Fast Moving,0.13703125,1.06,Low,0,1.06,A - Good,192.2676003,Moderate Imbalance (~192),0
SKU0883,Seafood Product 321,Seafood,C,S004,PT Nusantara Supplier,WHDPS,Denpasar - Tabanan,BATCH8010,18/07/2025,11/07/2025,27/07/2025,53,55,19,24,2,0,7.19,2150,7.65,14.38,13,2,$14.33,$15.39,$788.24,3.92,2,0.9014,FIFO,Expiring Soon,-2,13/08/2025,-0.17%,97.80%,Promotional item,Medium,10,Low,Critical,FALSE,FALSE,0,Medium Risk,47.71545455,Fast Moving,0.130727273,0.2,Low,0,0.2,A - Good,206.5718724,High Variation (~206),0
SKU0884,Dairy Product 206,Dairy,C,S006,PT Frozen Express,WHJKT,Jakarta - Cengkareng,BATCH8516,02/06/2025,19/05/2025,15/06/2025,99,262,20,17,2,0,17.28,6030,15.16,69.12,40,4,$0.95,$0.86,$248.72,1.98,7,0.8494,FIFO,Expiring Soon,0,17/06/2025,0.40%,94.18%,No Notes,Low,223,In Stock,Low,FALSE,FALSE,0,Low Risk,24.07328244,Fast Moving,0.065954198,0.6,Low,0,0.6,A - Good,213.1579776,Very Uneven (~213+),0
SKU0885,Pantry Product 189,Pantry,B,S001,PT Segar Makmur,WHJKT,Jakarta - Cengkareng,BATCH5940,16/07/2025,28/05/2025,03/11/2028,55,104,22,6,0,0,6.77,2500,15.36,20.31,16,3,$13.89,$14.30,"$1,444.19",1.95,5,0.82,FEFO,In Stock,-1,27/08/2025,-7.31%,73.04%,No Notes,Low,76,In Stock,Low,FALSE,FALSE,0,Low Risk,23.76009615,Fast Moving,0.065096154,0.54,Low,0,0.54,A - Good,213.1579776,Very Uneven (~213+),0
SKU0886,Household Product 473,Household,C,S010,PT DailyDairy,WHBDG,Bandung - Rancaekek,BATCH6314,07/07/2025,28/05/2025,17/01/2027,64,171,39,4,0,0,18.46,4290,9.26,36.92,24,2,$0.97,$1.03,$166.28,3.24,7,0.7045,FEFO,In Stock,2,15/06/2025,4.26%,74.22%,No Notes,Medium,128,In Stock,Critical,FALSE,FALSE,0,Medium Risk,39.40292398,Fast Moving,0.107953216,0.59,Low,0,0.59,A - Good,192.2676003,Moderate Imbalance (~192),0
SKU0887,Beverages Product 69,Beverages,A,S006,PT Frozen Express,WHBDG,Bandung - Rancaekek,BATCH6209,31/03/2025,05/02/2025,06/02/2030,162,376,61,146,0,2,53.65,1828,7.01,160.95,82,3,$7.21,$6.60,"$2,709.64",4.28,13,0.9228,FEFO,In Stock,-1,01/09/2025,-8.41%,85.93%,No Notes,Medium,169,In Stock,Critical,FALSE,FALSE,0,Medium Risk,52.08045213,Very Fast Moving,0.14268617,0.23,Low,0,0.23,A - Good,192.2676003,Moderate Imbalance (~192),0
SKU0888,Pantry Product 300,Pantry,B,S008,PT Hygienic Supplies,WHMDN,Medan - Deli Serdang,BATCH4808,02/05/2025,31/03/2025,03/12/2029,130,98,6,20,0,1,11.96,4510,8.19,119.6,63,10,$10.90,$10.37,"$1,068.45",3.66,6,0.9089,FIFO,Low Stock,2,11/08/2025,2.37%,72.69%,Seasonal SKU,Medium,72,In Stock,Critical,TRUE,TRUE,1.81,Medium Risk,44.54489796,Fast Moving,0.122040816,0.91,Low,1.81,2.72,A - Good,202.6218382,High Variation (~206),11.62
SKU0889,Seafood Product 378,Seafood,C,S007,PT Bakerindo,WHBDG,Bandung - Rancaekek,BATCH1981,04/04/2025,27/03/2025,08/04/2025,158,104,34,7,0,1,6.23,2420,16.69,18.69,14,3,$6.29,$6.16,$654.61,1.8,1,0.7347,FEFO,Expiring Soon,-1,08/07/2025,-7.03%,85.60%,No Notes,Low,63,In Stock,Low,FALSE,FALSE,0,Low Risk,21.86490385,Fast Moving,0.059903846,0.8,Low,0,0.8,A - Good,192.2676003,Moderate Imbalance (~192),0
SKU0890,Dairy Product 105,Dairy,B,S001,PT Segar Makmur,WHBDG,Bandung - Rancaekek,BATCH6385,09/04/2025,01/04/2025,30/04/2025,153,293,75,44,4,0,38.91,1486,7.53,38.91,26,1,$3.73,$4.01,"$1,093.36",3.98,16,0.7487,FEFO,Expiring Soon,-3,31/07/2025,3.65%,76.65%,No Notes,Medium,170,In Stock,Critical,FALSE,FALSE,0,Medium Risk,48.47150171,Fast Moving,0.132798635,0.25,Low,0,0.25,A - Good,192.2676003,Moderate Imbalance (~192),0
SKU0891,Beverages Product 267,Beverages,A,S007,PT Bakerindo,WHSBY,Surabaya - Sidoarjo,BATCH6427,03/09/2025,13/08/2025,16/12/2027,6,614,86,159,0,0,47.43,1259,12.95,332.01,173,7,$7.93,$7.47,"$4,869.57",2.32,14,0.9815,FIFO,In Stock,0,14/08/2025,-8.63%,70.86%,No Notes,Low,369,In Stock,Low,FALSE,FALSE,0,Low Risk,28.19535831,Fast Moving,0.077247557,0.13,Low,0,0.13,A - Good,199.2482854,High Variation (~206),0
SKU0892,Personal Product 341,Personal Care,C,S004,PT Nusantara Supplier,WHBDG,Bandung - Rancaekek,BATCH9543,07/04/2025,18/03/2025,27/05/2028,155,91,37,16,0,2,10.78,3870,8.44,32.34,18,3,$8.44,$8.49,$767.81,3.55,5,0.7227,FIFO,In Stock,2,15/07/2025,-5.38%,80.78%,No Notes,Medium,38,Low,Critical,FALSE,FALSE,0,Medium Risk,43.23846154,Fast Moving,0.118461538,0.83,Low,0,0.83,A - Good,192.2676003,Moderate Imbalance (~192),0
SKU0893,Fresh Product 252,Fresh Produce,B,S002,PT Indo Fresh,WHBDG,Bandung - Rancaekek,BATCH3318,27/08/2025,28/06/2025,09/09/2025,13,911,165,136,1,1,66.76,1856,13.65,133.52,74,2,$2.04,$2.33,"$1,854.07",2.2,20,0.7813,FIFO,Expiring Soon,0,24/08/2025,-4.07%,83.80%,Temperature controlled,Low,609,In Stock,Low,FALSE,FALSE,0,Low Risk,26.74796926,Fast Moving,0.073282108,0.44,Low,0,0.44,A - Good,192.2676003,Moderate Imbalance (~192),0
SKU0894,Pantry Product 408,Pantry,C,S004,PT Nusantara Supplier,WHBDG,Bandung - Rancaekek,BATCH7983,03/05/2025,18/03/2025,10/10/2026,129,381,86,12,0,0,27.45,7090,13.88,54.9,31,2,$1.05,$1.19,$399.78,2.16,8,0.7361,FEFO,In Stock,0,01/08/2025,0.46%,96.42%,No Notes,Low,283,In Stock,Low,FALSE,FALSE,0,Low Risk,26.29724409,Fast Moving,0.072047244,0.53,Low,0,0.53,A - Good,192.2676003,Moderate Imbalance (~192),0
SKU0895,Dairy Product 218,Dairy,B,S003,PT Prima Distribusi,WHDPS,Denpasar - Tabanan,BATCH5675,08/07/2025,02/06/2025,24/07/2025,63,465,83,93,0,0,47.69,1615,9.75,95.38,54,2,$3.37,$3.19,"$1,565.56",3.08,21,0.9665,FEFO,Expiring Soon,0,20/06/2025,-2.58%,80.65%,No Notes,Medium,289,In Stock,Critical,FALSE,FALSE,0,Medium Risk,37.43408602,Fast Moving,0.10255914,0.07,Low,0,0.07,A - Good,206.5718724,High Variation (~206),0
SKU0896,Household Product 247,Household,A,S002,PT Indo Fresh,WHSBY,Surabaya - Sidoarjo,BATCH3748,31/05/2025,01/05/2025,12/07/2028,101,231,47,3,1,2,18.47,5750,12.51,92.35,51,5,$19.97,$20.78,"$4,614.11",2.4,6,0.9522,FEFO,In Stock,0,17/07/2025,4.63%,74.20%,No Notes,Low,180,In Stock,Low,FALSE,FALSE,0,Low Risk,29.18419913,Fast Moving,0.07995671,0.24,Low,0,0.24,A - Good,199.2482854,High Variation (~206),0
SKU0897,Beverages Product 390,Beverages,A,S003,PT Prima Distribusi,WHMDN,Medan - Deli Serdang,BATCH8002,04/09/2025,12/07/2025,24/10/2028,5,786,123,122,0,1,77.89,1817,10.09,389.45,201,5,$6.42,$6.97,"$5,043.60",2.97,25,0.7468,FIFO,In Stock,-1,02/08/2025,2.85%,93.12%,No Notes,Low,541,In Stock,Low,FALSE,FALSE,0,Low Risk,36.17029262,Fast Moving,0.099096692,1.27,Low,0,1.27,A - Good,202.6218382,High Variation (~206),0
SKU0898,Dairy Product 373,Dairy,C,S003,PT Prima Distribusi,WHSBY,Surabaya - Sidoarjo,BATCH6011,04/06/2025,06/05/2025,25/06/2025,97,395,88,127,2,0,59.54,204,6.63,119.08,62,2,$1.46,$1.57,$576.58,4.52,17,0.7076,FEFO,Expiring Soon,6,23/07/2025,7.47%,90.14%,No Notes,Medium,178,In Stock,Critical,FALSE,FALSE,0,Medium Risk,55.01797468,Very Fast Moving,0.150734177,0.58,Low,0,0.58,A - Good,199.2482854,High Variation (~206),0
SKU0899,Frozen Product 171,Frozen,A,S003,PT Prima Distribusi,WHMDN,Medan - Deli Serdang,BATCH4106,21/07/2025,21/07/2025,25/02/2026,50,507,195,27,1,0,47.65,1307,10.64,190.6,103,4,$6.94,$6.95,"$3,517.36",2.82,7,0.7369,FIFO,In Stock,3,07/07/2025,-3.61%,92.59%,No Notes,Low,284,In Stock,Low,FALSE,FALSE,0,Low Risk,34.30424063,Fast Moving,0.093984221,1.05,Low,0,1.05,A - Good,202.6218382,High Variation (~206),0
SKU0900,Bakery Product 208,Bakery,B,S007,PT Bakerindo,WHMDN,Medan - Deli Serdang,BATCH9020,06/06/2025,18/05/2025,11/06/2025,95,619,121,188,1,2,69.8,2623,8.87,209.4,111,3,$1.91,$1.74,"$1,182.79",3.38,13,0.8229,FIFO,Expiring Soon,2,19/07/2025,-5.31%,81.28%,No Notes,Medium,309,In Stock,Critical,FALSE,FALSE,0,Medium Risk,41.15831987,Fast Moving,0.11276252,0.53,Low,0,0.53,A - Good,202.6218382,High Variation (~206),0
SKU0901,Personal Product 64,Personal Care,A,S007,PT Bakerindo,WHDPS,Denpasar - Tabanan,BATCH8148,30/07/2025,14/07/2025,31/08/2027,41,239,44,32,1,0,15.38,4610,15.54,30.76,21,2,$24.15,$23.15,"$5,771.28",1.93,6,0.8222,FEFO,In Stock,3,06/07/2025,9.60%,87.56%,No Notes,Low,162,In Stock,Low,FALSE,FALSE,0,Low Risk,23.48828452,Fast Moving,0.064351464,0.36,Low,0,0.36,A - Good,206.5718724,High Variation (~206),0
SKU0902,Pantry Product 189,Pantry,B,S001,PT Segar Makmur,WHMDN,Medan - Deli Serdang,BATCH4970,24/05/2025,24/04/2025,11/10/2027,108,272,29,60,0,2,19.11,4460,14.23,267.54,142,14,$4.43,$4.01,"$1,204.42",2.11,7,0.7813,FIFO,Low Stock,-1,25/07/2025,6.51%,74.69%,No Notes,Low,183,In Stock,Low,FALSE,FALSE,0,Low Risk,25.64393382,Fast Moving,0.070257353,3.06,Medium,0,3.06,B - Normal,202.6218382,High Variation (~206),0
SKU0903,Beverages Product 358,Beverages,A,S003,PT Prima Distribusi,WHSBY,Surabaya - Sidoarjo,BATCH3414,08/04/2025,23/03/2025,26/10/2028,154,748,27,78,2,1,74.15,2828,10.09,74.15,38,1,$5.48,$5.75,"$4,098.14",2.97,20,0.7843,FIFO,In Stock,3,24/06/2025,-9.85%,75.52%,No Notes,Low,641,In Stock,Low,FALSE,FALSE,0,Low Risk,36.18282086,Fast Moving,0.099131016,0.22,Low,0,0.22,A - Good,199.2482854,High Variation (~206),0
SKU0904,Beverages Product 83,Beverages,B,S001,PT Segar Makmur,WHJKT,Jakarta - Cengkareng,BATCH7297,17/08/2025,23/07/2025,28/03/2030,23,731,79,44,2,2,59.86,1623,12.21,598.6,304,10,$1.88,$1.84,"$1,370.84",2.46,32,0.9283,FIFO,Low Stock,-2,05/07/2025,-8.24%,74.44%,No Notes,Low,606,In Stock,Low,FALSE,FALSE,0,Low Risk,29.88905609,Fast Moving,0.081887825,0.72,Low,0,0.72,A - Good,213.1579776,Very Uneven (~213+),0
SKU0905,Household Product 85,Household,C,S007,PT Bakerindo,WHSBY,Surabaya - Sidoarjo,BATCH9202,16/03/2025,10/02/2025,24/11/2027,177,11,5,4,1,0,1.74,540,6.32,6.96,5,4,$6.54,$6.23,$71.92,4.75,1,0.921,FEFO,Low Stock,3,26/06/2025,5.02%,91.62%,No Notes,Medium,1,Low,Critical,FALSE,FALSE,0,Medium Risk,57.73636364,Very Fast Moving,0.158181818,0.32,Low,0,0.32,A - Good,199.2482854,High Variation (~206),0
SKU0906,Bakery Product 449,Bakery,C,S002,PT Indo Fresh,WHJKT,Jakarta - Cengkareng,BATCH6642,31/03/2025,07/02/2025,06/04/2025,162,389,211,155,1,1,66.66,182,5.84,666.6,341,10,$0.68,$0.63,$264.64,5.14,26,0.8683,FIFO,Low Stock,-1,06/08/2025,2.21%,74.13%,No Notes,Medium,22,Low,Critical,TRUE,TRUE,4.16,Medium Risk,62.54730077,Very Fast Moving,0.171362468,1.32,Low,4.16,5.48,A - Good,213.1579776,Very Uneven (~213+),16.32
SKU0907,Personal Product 204,Personal Care,A,S005,PT Agro Raya,WHJKT,Jakarta - Cengkareng,BATCH1025,28/07/2025,22/07/2025,30/04/2029,43,141,30,30,1,0,19.66,6030,7.17,58.98,33,3,$17.91,$18.01,"$2,525.14",4.18,4,0.8308,FIFO,In Stock,-5,12/06/2025,-4.32%,93.30%,No Notes,Medium,80,In Stock,Critical,FALSE,FALSE,0,Medium Risk,50.8929078,Very Fast Moving,0.139432624,0.51,Low,0,0.51,A - Good,213.1579776,Very Uneven (~213+),0
SKU0908,Bakery Product 148,Bakery,C,S007,PT Bakerindo,WHBDG,Bandung - Rancaekek,BATCH4053,26/07/2025,11/06/2025,30/07/2025,45,359,4,144,1,0,47.88,144,7.5,143.64,79,3,$1.79,$1.69,$643.18,4,16,0.7657,FIFO,Expiring Soon,0,15/08/2025,-5.61%,84.58%,No Notes,Medium,210,In Stock,Critical,FALSE,FALSE,0,Medium Risk,48.68022284,Fast Moving,0.133370474,0.7,Low,0,0.7,A - Good,192.2676003,Moderate Imbalance (~192),0
SKU0909,Frozen Product 57,Frozen,C,S008,PT Hygienic Supplies,WHDPS,Denpasar - Tabanan,BATCH4292,17/07/2025,14/07/2025,01/03/2026,54,47,47,0,0,0,44.89,1214,1.05,44.89,27,1,$6.62,$7.09,$311.08,28.65,17,0.9516,FIFO,Low Stock,3,16/08/2025,1.47%,85.92%,No Notes,,0,Out of Stock,Critical,FALSE,FALSE,0,High Risk,348.6138298,Very Fast Moving,0.955106383,0.05,Low,0,0.05,A - Good,206.5718724,High Variation (~206),0
SKU0910,Personal Product 210,Personal Care,A,S008,PT Hygienic Supplies,WHDPS,Denpasar - Tabanan,BATCH3721,13/08/2025,08/08/2025,08/03/2030,27,142,15,41,1,1,22.35,8570,6.35,67.05,38,3,$17.80,$18.01,"$2,528.25",4.72,7,0.8738,FEFO,In Stock,0,30/08/2025,0.88%,89.74%,No Notes,Medium,85,In Stock,Critical,FALSE,FALSE,0,Medium Risk,57.44894366,Very Fast Moving,0.157394366,0.38,Low,0,0.38,A - Good,206.5718724,High Variation (~206),0
SKU0911,Meat Product 176,Meat,C,S001,PT Segar Makmur,WHDPS,Denpasar - Tabanan,BATCH8949,11/07/2025,29/05/2025,31/07/2025,60,237,90,63,0,1,26.93,8840,8.8,107.72,56,4,$2.92,$2.81,$692.21,3.41,5,0.9373,FIFO,Expiring Soon,0,08/09/2025,7.82%,66.29%,Seasonal SKU,Medium,84,In Stock,Critical,FALSE,FALSE,0,Medium Risk,41.47447257,Fast Moving,0.113628692,0.25,Low,0,0.25,A - Good,206.5718724,High Variation (~206),0
SKU0912,Beverages Product 405,Beverages,A,S001,PT Segar Makmur,WHJKT,Jakarta - Cengkareng,BATCH1118,17/07/2025,23/06/2025,20/06/2029,54,1,363,310,0,1,97.01,2082,0.01,485.05,247,5,$7.14,$7.52,"$7,993.22",2.6,37,0.7159,FEFO,In Stock,2,09/07/2025,-6.24%,68.35%,No Notes,Low,-672,Out of Stock,Critical,TRUE,TRUE,4.99,High Risk,35408.65,Very Fast Moving,97.01,1.42,Low,4.99,6.41,A - Good,213.1579776,Very Uneven (~213+),17.98
SKU0913,Seafood Product 220,Seafood,A,S006,PT Frozen Express,WHSBY,Surabaya - Sidoarjo,BATCH6164,19/03/2025,26/01/2025,27/03/2025,174,209,43,45,1,0,16.03,3920,13.04,16.03,17,1,$10.03,$10.91,"$2,096.31",2.3,7,0.9595,FIFO,Expiring Soon,2,25/07/2025,-4.36%,97.96%,No Notes,Low,120,In Stock,Low,FALSE,FALSE,0,Low Risk,27.99497608,Fast Moving,0.076698565,0.04,Low,0,0.04,A - Good,199.2482854,High Variation (~206),0
SKU0914,Bakery Product 30,Bakery,A,S006,PT Frozen Express,WHSBY,Surabaya - Sidoarjo,BATCH8486,15/08/2025,21/06/2025,17/08/2025,25,1,127,104,0,1,65.42,2424,0.02,196.26,99,3,$2.06,$1.91,"$2,389.42",1.69,26,0.8744,FEFO,Expiring Soon,0,23/08/2025,-7.06%,73.99%,Seasonal SKU,Low,-230,Out of Stock,Critical,TRUE,TRUE,2.98,High Risk,23878.3,Very Fast Moving,65.42,0.38,Low,2.98,3.36,A - Good,199.2482854,High Variation (~206),13.96
SKU0915,Household Product 144,Household,B,S004,PT Nusantara Supplier,WHSBY,Surabaya - Sidoarjo,BATCH8785,17/05/2025,15/04/2025,03/11/2029,115,183,62,16,0,3,19.58,6760,9.35,78.32,41,4,$9.90,$9.77,"$1,811.13",3.21,9,0.7209,FEFO,In Stock,1,17/06/2025,-5.48%,79.58%,No Notes,Medium,105,In Stock,Critical,FALSE,FALSE,0,Medium Risk,39.05300546,Fast Moving,0.106994536,1.12,Low,0,1.12,A - Good,199.2482854,High Variation (~206),0
SKU0916,Personal Product 491,Personal Care,B,S006,PT Frozen Express,WHJKT,Jakarta - Cengkareng,BATCH1749,31/03/2025,08/02/2025,06/04/2028,162,169,38,41,2,2,12.36,2710,13.67,173.04,88,14,$8.20,$9.22,"$1,386.12",2.19,2,0.92,FEFO,Low Stock,1,15/06/2025,-2.36%,62.98%,No Notes,Low,88,In Stock,Low,TRUE,TRUE,0.33,Low Risk,26.69467456,Fast Moving,0.073136095,1.12,Low,0.33,1.45,A - Good,213.1579776,Very Uneven (~213+),8.66
SKU0917,Pantry Product 205,Pantry,C,S010,PT DailyDairy,WHJKT,Jakarta - Cengkareng,BATCH8800,12/06/2025,01/05/2025,04/11/2028,89,253,25,39,1,3,18.57,4540,13.62,55.71,36,3,$2.84,$2.76,$718.39,2.2,9,0.9893,FIFO,In Stock,2,22/07/2025,0.25%,95.03%,No Notes,Low,188,In Stock,Low,FALSE,FALSE,0,Low Risk,26.79071146,Fast Moving,0.073399209,0.03,Low,0,0.03,A - Good,213.1579776,Very Uneven (~213+),0
SKU0918,Dairy Product 74,Dairy,C,S009,PT Beverage Nusantara,WHDPS,Denpasar - Tabanan,BATCH3094,03/05/2025,02/04/2025,11/05/2025,129,157,35,25,0,0,21.05,6250,7.46,84.2,46,4,$3.59,$3.98,$563.08,4.02,10,0.8123,FIFO,Expiring Soon,2,02/08/2025,1.68%,86.26%,No Notes,Medium,97,In Stock,Critical,FALSE,FALSE,0,Medium Risk,48.93789809,Fast Moving,0.134076433,0.75,Low,0,0.75,A - Good,206.5718724,High Variation (~206),0
SKU0919,Personal Product 448,Personal Care,B,S008,PT Hygienic Supplies,WHBDG,Bandung - Rancaekek,BATCH8899,18/05/2025,06/04/2025,09/01/2027,114,92,31,28,1,1,16.1,3390,5.71,112.7,58,7,$15.15,$16.11,"$1,393.53",5.25,4,0.9465,FIFO,Low Stock,0,09/08/2025,-7.28%,61.78%,No Notes,Medium,32,Low,Critical,TRUE,TRUE,1.29,Medium Risk,63.875,Very Fast Moving,0.175,0.37,Low,1.29,1.66,A - Good,192.2676003,Moderate Imbalance (~192),10.58
SKU0920,Beverages Product 338,Beverages,A,S002,PT Indo Fresh,WHJKT,Jakarta - Cengkareng,BATCH3625,21/05/2025,23/03/2025,19/07/2026,111,699,74,79,1,1,49.44,1614,14.14,494.4,248,10,$5.53,$5.04,"$3,865.40",2.12,14,0.902,FEFO,Low Stock,0,22/07/2025,-1.82%,86.11%,No Notes,Low,545,In Stock,Low,FALSE,FALSE,0,Low Risk,25.81630901,Fast Moving,0.070729614,0.98,Low,0,0.98,A - Good,213.1579776,Very Uneven (~213+),0
SKU0921,Meat Product 132,Meat,B,S008,PT Hygienic Supplies,WHJKT,Jakarta - Cengkareng,BATCH9757,23/03/2025,11/02/2025,01/04/2025,170,162,30,6,4,0,14.8,4330,10.95,44.4,26,3,$6.40,$6.72,"$1,036.70",2.74,8,0.8211,FEFO,Expiring Soon,-3,29/08/2025,2.21%,97.60%,No Notes,Low,122,In Stock,Low,FALSE,FALSE,0,Low Risk,33.34567901,Fast Moving,0.091358025,0.54,Low,0,0.54,A - Good,213.1579776,Very Uneven (~213+),0
SKU0922,Seafood Product 115,Seafood,B,S010,PT DailyDairy,WHDPS,Denpasar - Tabanan,BATCH7176,24/08/2025,27/06/2025,01/09/2025,16,95,4,22,7,0,10.54,3530,9.01,21.08,20,2,$13.23,$13.36,"$1,257.11",3.33,5,0.9624,FEFO,Expiring Soon,2,18/06/2025,-2.14%,87.03%,No Notes,Medium,62,In Stock,Critical,FALSE,FALSE,0,Medium Risk,40.49578947,Fast Moving,0.110947368,0.08,Low,0,0.08,A - Good,206.5718724,High Variation (~206),0
SKU0923,Pantry Product 439,Pantry,A,S007,PT Bakerindo,WHBDG,Bandung - Rancaekek,BATCH2895,14/07/2025,26/06/2025,26/12/2027,57,309,56,48,2,0,27.06,1043,11.42,81.18,45,3,$10.54,$10.86,"$3,255.78",2.63,10,0.9916,FIFO,In Stock,0,26/08/2025,2.98%,94.08%,Temperature controlled,Low,203,In Stock,Low,FALSE,FALSE,0,Low Risk,31.96407767,Fast Moving,0.087572816,0.03,Low,0,0.03,A - Good,192.2676003,Moderate Imbalance (~192),0
SKU0924,Personal Product 382,Personal Care,A,S002,PT Indo Fresh,WHDPS,Denpasar - Tabanan,BATCH6134,07/06/2025,14/05/2025,22/02/2027,94,156,5,34,0,0,13.49,5000,11.56,13.49,10,1,$17.84,$18.52,"$2,782.67",2.59,4,0.879,FIFO,In Stock,-4,01/08/2025,1.57%,83.23%,Temperature controlled,Low,117,In Stock,Low,FALSE,FALSE,0,Low Risk,31.56314103,Fast Moving,0.086474359,0.12,Low,0,0.12,A - Good,206.5718724,High Variation (~206),0
SKU0925,Dairy Product 199,Dairy,B,S007,PT Bakerindo,WHSBY,Surabaya - Sidoarjo,BATCH3069,08/06/2025,06/05/2025,06/07/2025,93,529,76,88,1,2,45.69,9740,11.58,45.69,24,1,$3.39,$3.55,"$1,791.51",2.59,16,0.9937,FIFO,Expiring Soon,0,27/08/2025,-5.05%,83.12%,No Notes,Low,364,In Stock,Low,FALSE,FALSE,0,Low Risk,31.52523629,Fast Moving,0.08637051,0.01,Low,0,0.01,A - Good,199.2482854,High Variation (~206),0
SKU0926,Pantry Product 236,Pantry,C,S006,PT Frozen Express,WHBDG,Bandung - Rancaekek,BATCH9189,26/06/2025,14/05/2025,17/09/2027,75,21,21,0,4,0,9.48,2440,2.22,28.44,22,3,$13.49,$15.30,$283.25,13.54,7,0.7473,FEFO,Low Stock,-1,22/08/2025,0.21%,72.34%,No Notes,High,-4,Out of Stock,Critical,TRUE,TRUE,0.78,High Risk,164.7714286,Very Fast Moving,0.451428571,0.76,Low,0.78,1.54,A - Good,192.2676003,Moderate Imbalance (~192),9.56
SKU0927,Dairy Product 341,Dairy,C,S001,PT Segar Makmur,WHDPS,Denpasar - Tabanan,BATCH9230,20/06/2025,07/05/2025,06/07/2025,81,253,54,50,3,0,25.11,7910,10.08,125.55,65,5,$2.43,$2.46,$616.00,2.98,7,0.7347,FIFO,Expiring Soon,1,05/08/2025,8.98%,62.07%,No Notes,Low,146,In Stock,Low,FALSE,FALSE,0,Low Risk,36.22588933,Fast Moving,0.099249012,1.33,Low,0,1.33,A - Good,206.5718724,High Variation (~206),0
SKU0928,Beverages Product 245,Beverages,A,S004,PT Nusantara Supplier,WHMDN,Medan - Deli Serdang,BATCH7171,27/06/2025,24/06/2025,08/06/2030,74,549,126,52,0,3,42.16,1606,13.02,126.48,72,3,$4.88,$5.15,"$2,680.11",2.3,9,0.848,FEFO,In Stock,3,21/08/2025,-6.41%,87.13%,No Notes,Low,371,In Stock,Low,FALSE,FALSE,0,Low Risk,28.0298725,Fast Moving,0.076794171,0.46,Low,0,0.46,A - Good,202.6218382,High Variation (~206),0
SKU0929,Dairy Product 376,Dairy,C,S004,PT Nusantara Supplier,WHJKT,Jakarta - Cengkareng,BATCH7419,26/07/2025,07/07/2025,17/08/2025,45,134,50,33,0,1,17.09,4420,7.84,17.09,13,1,$3.76,$4.14,$503.79,3.83,8,0.7534,FIFO,Expiring Soon,0,07/09/2025,6.59%,83.04%,No Notes,Medium,51,In Stock,Critical,FALSE,FALSE,0,Medium Risk,46.5511194,Fast Moving,0.127537313,0.25,Low,0,0.25,A - Good,213.1579776,Very Uneven (~213+),0
SKU0930,Seafood Product 348,Seafood,B,S008,PT Hygienic Supplies,WHSBY,Surabaya - Sidoarjo,BATCH2176,01/06/2025,29/04/2025,10/06/2025,100,266,47,37,0,1,29.47,8070,9.03,29.47,19,1,$6.17,$5.89,"$1,642.20",3.32,13,0.9112,FEFO,Expiring Soon,-1,04/08/2025,7.43%,82.03%,No Notes,Medium,182,In Stock,Critical,FALSE,FALSE,0,Medium Risk,40.43815789,Fast Moving,0.110789474,0.09,Low,0,0.09,A - Good,199.2482854,High Variation (~206),0
SKU0931,Dairy Product 439,Dairy,B,S009,PT Beverage Nusantara,WHMDN,Medan - Deli Serdang,BATCH6298,16/08/2025,29/06/2025,27/08/2025,24,267,48,29,0,1,23.44,6780,11.39,93.76,51,4,$3.40,$3.65,$907.45,2.63,10,0.7126,FIFO,Expiring Soon,3,11/06/2025,-5.37%,86.69%,No Notes,Low,190,In Stock,Low,FALSE,FALSE,0,Low Risk,32.04344569,Fast Moving,0.087790262,1.15,Low,0,1.15,A - Good,202.6218382,High Variation (~206),0
SKU0932,Pantry Product 296,Pantry,C,S003,PT Prima Distribusi,WHMDN,Medan - Deli Serdang,BATCH5769,15/03/2025,17/01/2025,27/11/2028,178,95,69,2,0,0,29.16,8440,3.26,204.12,110,7,$4.43,$4.95,$420.66,9.21,13,0.9658,FIFO,Low Stock,-3,14/08/2025,5.27%,93.82%,No Notes,Medium,24,Low,Critical,TRUE,TRUE,3.74,High Risk,112.0357895,Very Fast Moving,0.306947368,0.24,Low,3.74,3.98,A - Good,202.6218382,High Variation (~206),15.48
SKU0933,Beverages Product 377,Beverages,C,S001,PT Segar Makmur,WHSBY,Surabaya - Sidoarjo,BATCH3418,15/04/2025,22/03/2025,09/11/2026,147,52,1,13,1,0,6.59,1660,7.89,13.18,14,2,$7.04,$7.50,$366.13,3.8,1,0.7401,FEFO,In Stock,-2,15/06/2025,-0.36%,75.75%,No Notes,Medium,37,Low,Critical,FALSE,FALSE,0,Medium Risk,46.25673077,Fast Moving,0.126730769,0.52,Low,0,0.52,A - Good,199.2482854,High Variation (~206),0
SKU0934,Personal Product 50,Personal Care,B,S006,PT Frozen Express,WHMDN,Medan - Deli Serdang,BATCH2922,26/07/2025,24/06/2025,10/11/2026,45,102,22,14,1,0,9.21,2760,11.07,18.42,16,2,$8.20,$9.34,$836.25,2.71,2,0.8964,FEFO,In Stock,1,26/06/2025,7.28%,61.02%,No Notes,Low,65,In Stock,Low,FALSE,FALSE,0,Low Risk,32.95735294,Fast Moving,0.090294118,0.21,Low,0,0.21,A - Good,202.6218382,High Variation (~206),0
SKU0935,Dairy Product 370,Dairy,C,S007,PT Bakerindo,WHBDG,Bandung - Rancaekek,BATCH4946,01/09/2025,07/08/2025,11/09/2025,8,118,44,46,2,2,20.24,5300,5.83,40.48,26,2,$2.43,$2.22,$286.93,5.15,6,0.9259,FEFO,Expiring Soon,2,02/08/2025,-5.96%,62.36%,No Notes,Medium,26,Low,Critical,FALSE,FALSE,0,Medium Risk,62.60677966,Very Fast Moving,0.171525424,0.15,Low,0,0.15,A - Good,192.2676003,Moderate Imbalance (~192),0
SKU0936,Personal Product 335,Personal Care,B,S007,PT Bakerindo,WHJKT,Jakarta - Cengkareng,BATCH7260,14/05/2025,27/04/2025,04/01/2030,118,88,17,19,3,0,11.21,3510,7.85,33.63,20,3,$14.44,$13.27,"$1,270.73",3.82,4,0.7872,FEFO,In Stock,1,24/07/2025,-3.64%,64.09%,Seasonal SKU,Medium,49,Low,Critical,FALSE,FALSE,0,Medium Risk,46.49602273,Fast Moving,0.127386364,0.64,Low,0,0.64,A - Good,213.1579776,Very Uneven (~213+),0
SKU0937,Fresh Product 251,Fresh Produce,C,S009,PT Beverage Nusantara,WHBDG,Bandung - Rancaekek,BATCH8856,04/09/2025,18/08/2025,16/09/2025,5,56,10,2,0,0,7.57,1870,7.4,30.28,20,4,$1.82,$1.75,$102.10,4.06,6,0.8863,FIFO,Expiring Soon,2,26/06/2025,5.92%,62.55%,No Notes,Medium,44,Low,Critical,FALSE,FALSE,0,Medium Risk,49.34017857,Fast Moving,0.135178571,0.45,Low,0,0.45,A - Good,192.2676003,Moderate Imbalance (~192),0
SKU0938,Frozen Product 331,Frozen,B,S007,PT Bakerindo,WHSBY,Surabaya - Sidoarjo,BATCH2629,16/04/2025,27/03/2025,14/11/2025,146,273,47,30,1,2,22.23,7970,12.28,44.46,28,2,$5.04,$5.39,"$1,375.54",2.44,7,0.9291,FIFO,In Stock,0,03/07/2025,7.69%,97.50%,No Notes,Low,195,In Stock,Low,FALSE,FALSE,0,Low Risk,29.72142857,Fast Moving,0.081428571,0.14,Low,0,0.14,A - Good,199.2482854,High Variation (~206),0
SKU0939,Household Product 11,Household,A,S007,PT Bakerindo,WHDPS,Denpasar - Tabanan,BATCH9004,25/04/2025,21/04/2025,14/04/2029,137,139,19,27,0,0,10.48,3770,13.26,31.44,17,3,$19.00,$18.45,"$2,640.97",2.26,2,0.7743,FIFO,In Stock,-6,14/08/2025,3.37%,71.79%,No Notes,Low,93,In Stock,Low,FALSE,FALSE,0,Low Risk,27.51942446,Fast Moving,0.075395683,0.68,Low,0,0.68,A - Good,206.5718724,High Variation (~206),0
SKU0940,Personal Product 93,Personal Care,B,S010,PT DailyDairy,WHBDG,Bandung - Rancaekek,BATCH8327,08/09/2025,19/07/2025,18/10/2029,1,275,27,28,0,0,19.58,7260,14.04,97.9,53,5,$4.70,$4.32,"$1,291.68",2.14,5,0.989,FEFO,In Stock,-3,25/08/2025,2.70%,84.31%,Temperature controlled,Low,220,In Stock,Low,FALSE,FALSE,0,Low Risk,25.988,Fast Moving,0.0712,0.05,Low,0,0.05,A - Good,192.2676003,Moderate Imbalance (~192),0
SKU0941,Dairy Product 83,Dairy,B,S002,PT Indo Fresh,WHDPS,Denpasar - Tabanan,BATCH2386,06/07/2025,29/06/2025,14/07/2025,65,509,96,49,1,2,42.64,1055,11.94,170.56,86,4,$1.98,$2.04,"$1,007.46",2.51,18,0.9884,FEFO,Expiring Soon,1,25/07/2025,1.09%,83.09%,No Notes,Low,363,In Stock,Low,FALSE,FALSE,0,Low Risk,30.57681729,Fast Moving,0.083772102,0.05,Low,0,0.05,A - Good,206.5718724,High Variation (~206),0
SKU0942,Dairy Product 484,Dairy,C,S001,PT Segar Makmur,WHBDG,Bandung - Rancaekek,BATCH9510,25/06/2025,29/04/2025,03/07/2025,76,295,76,63,0,1,36.58,9220,8.06,146.32,79,4,$0.98,$1.05,$290.01,3.72,10,0.7119,FEFO,Expiring Soon,0,17/06/2025,8.24%,67.36%,No Notes,Medium,156,In Stock,Critical,FALSE,FALSE,0,Medium Risk,45.26,Fast Moving,0.124,1.15,Low,0,1.15,A - Good,192.2676003,Moderate Imbalance (~192),0
SKU0943,Dairy Product 252,Dairy,C,S006,PT Frozen Express,WHDPS,Denpasar - Tabanan,BATCH9818,11/06/2025,10/05/2025,07/07/2025,90,584,120,100,0,1,37.66,115,15.51,150.64,77,4,$0.96,$0.93,$563.21,1.93,15,0.921,FIFO,Expiring Soon,-1,13/06/2025,9.70%,94.25%,Seasonal SKU,Low,364,In Stock,Low,FALSE,FALSE,0,Low Risk,23.5375,Fast Moving,0.064486301,0.32,Low,0,0.32,A - Good,206.5718724,High Variation (~206),0
SKU0944,Meat Product 97,Meat,A,S003,PT Prima Distribusi,WHSBY,Surabaya - Sidoarjo,BATCH4539,16/07/2025,09/06/2025,25/07/2025,55,688,96,43,4,2,35.38,8200,19.45,106.14,60,3,$3.97,$3.85,"$2,730.33",1.54,19,0.9649,FEFO,Expiring Soon,-1,05/08/2025,-6.36%,60.09%,Temperature controlled,Low,545,In Stock,Low,FALSE,FALSE,0,Low Risk,18.76991279,Medium Moving,0.051424419,0.11,Low,0,0.11,A - Good,199.2482854,High Variation (~206),0
SKU0945,Bakery Product 282,Bakery,B,S005,PT Agro Raya,WHSBY,Surabaya - Sidoarjo,BATCH3675,04/06/2025,10/05/2025,11/06/2025,97,553,72,50,0,1,46.75,1222,11.83,93.5,48,2,$1.90,$2.10,"$1,049.21",2.54,24,0.8786,FEFO,Expiring Soon,-3,30/08/2025,5.38%,90.13%,No Notes,Low,431,In Stock,Low,FALSE,FALSE,0,Low Risk,30.85669078,Fast Moving,0.084538879,0.24,Low,0,0.24,A - Good,199.2482854,High Variation (~206),0
SKU0946,Beverages Product 482,Beverages,B,S003,PT Prima Distribusi,WHDPS,Denpasar - Tabanan,BATCH5413,19/07/2025,09/06/2025,10/12/2026,52,681,75,140,0,0,53.52,2037,12.72,160.56,84,3,$2.09,$2.06,"$1,425.20",2.36,19,0.9554,FIFO,In Stock,-1,24/07/2025,-1.20%,81.80%,No Notes,Low,466,In Stock,Low,FALSE,FALSE,0,Low Risk,28.68546256,Fast Moving,0.078590308,0.13,Low,0,0.13,A - Good,206.5718724,High Variation (~206),0
SKU0947,Pantry Product 262,Pantry,C,S010,PT DailyDairy,WHBDG,Bandung - Rancaekek,BATCH6183,25/05/2025,05/04/2025,04/04/2027,107,88,87,1,0,1,27.89,7180,3.16,83.67,50,3,$7.98,$8.36,$701.99,9.51,10,0.8241,FEFO,Low Stock,-1,23/07/2025,9.95%,72.76%,Temperature controlled,Medium,0,Out of Stock,Critical,FALSE,FALSE,0,High Risk,115.6801136,Very Fast Moving,0.316931818,0.53,Low,0,0.53,A - Good,192.2676003,Moderate Imbalance (~192),0
SKU0948,Meat Product 139,Meat,A,S002,PT Indo Fresh,WHDPS,Denpasar - Tabanan,BATCH2080,12/08/2025,22/07/2025,30/08/2025,28,322,105,38,0,0,31.3,1214,10.29,62.6,39,2,$10.26,$10.02,"$3,304.78",2.92,16,0.842,FIFO,Expiring Soon,1,25/07/2025,-4.59%,90.98%,No Notes,Low,179,In Stock,Low,FALSE,FALSE,0,Low Risk,35.47981366,Fast Moving,0.097204969,0.32,Low,0,0.32,A - Good,206.5718724,High Variation (~206),0
SKU0949,Beverages Product 75,Beverages,A,S004,PT Nusantara Supplier,WHSBY,Surabaya - Sidoarjo,BATCH7179,07/09/2025,24/08/2025,26/03/2027,2,482,101,70,1,1,45.82,1068,10.52,137.46,72,3,$7.93,$7.84,"$3,820.14",2.85,17,0.8128,FEFO,In Stock,-6,27/08/2025,-9.93%,97.43%,No Notes,Low,310,In Stock,Low,FALSE,FALSE,0,Low Risk,34.69771784,Fast Moving,0.095062241,0.56,Low,0,0.56,A - Good,199.2482854,High Variation (~206),0
SKU0950,Dairy Product 270,Dairy,C,S005,PT Agro Raya,WHDPS,Denpasar - Tabanan,BATCH9666,07/05/2025,15/04/2025,17/05/2025,125,124,27,34,0,0,16.91,4590,7.33,67.64,41,4,$3.68,$3.98,$455.80,4.09,8,0.8766,FEFO,Expiring Soon,4,01/07/2025,3.36%,90.90%,No Notes,Medium,63,In Stock,Critical,FALSE,FALSE,0,Medium Risk,49.77540323,Fast Moving,0.136370968,0.49,Low,0,0.49,A - Good,206.5718724,High Variation (~206),0
SKU0951,Fresh Product 25,Fresh Produce,C,S003,PT Prima Distribusi,WHSBY,Surabaya - Sidoarjo,BATCH6655,02/06/2025,12/04/2025,07/06/2025,99,69,40,29,1,0,15.93,6030,4.33,15.93,12,1,$0.69,$0.70,$47.82,6.93,1,0.8106,FEFO,Expiring Soon,-1,10/07/2025,-4.95%,79.45%,No Notes,Medium,-1,Out of Stock,Critical,FALSE,FALSE,0,High Risk,84.2673913,Very Fast Moving,0.230869565,0.19,Low,0,0.19,A - Good,199.2482854,High Variation (~206),0
SKU0952,Meat Product 352,Meat,C,S009,PT Beverage Nusantara,WHBDG,Bandung - Rancaekek,BATCH3337,25/03/2025,01/03/2025,03/04/2025,168,156,60,56,1,0,17.82,3880,8.75,71.28,40,4,$2.67,$2.45,$416.75,3.43,8,0.7676,FEFO,Expiring Soon,-6,03/09/2025,-0.60%,70.09%,No Notes,Medium,39,Low,Critical,FALSE,FALSE,0,Medium Risk,41.69423077,Fast Moving,0.114230769,0.93,Low,0,0.93,A - Good,192.2676003,Moderate Imbalance (~192),0
SKU0953,Pantry Product 190,Pantry,A,S004,PT Nusantara Supplier,WHDPS,Denpasar - Tabanan,BATCH8500,25/05/2025,14/05/2025,11/05/2030,107,240,46,35,1,1,24.91,5740,9.63,174.37,88,7,$13.28,$15.12,"$3,187.46",3.11,10,0.825,FEFO,Low Stock,4,26/07/2025,5.67%,73.73%,No Notes,Medium,158,In Stock,Critical,FALSE,FALSE,0,Medium Risk,37.88395833,Fast Moving,0.103791667,1.23,Low,0,1.23,A - Good,206.5718724,High Variation (~206),0
SKU0954,Frozen Product 142,Frozen,B,S007,PT Bakerindo,WHDPS,Denpasar - Tabanan,BATCH2424,13/07/2025,14/05/2025,28/03/2026,58,260,82,76,1,3,23.35,8460,11.13,163.45,84,7,$4.03,$3.64,"$1,048.24",2.69,6,0.779,FEFO,In Stock,-3,19/07/2025,8.26%,83.15%,No Notes,Low,101,In Stock,Low,FALSE,FALSE,0,Low Risk,32.77980769,Fast Moving,0.089807692,1.55,Low,0,1.55,A - Good,206.5718724,High Variation (~206),0
SKU0955,Household Product 325,Household,B,S002,PT Indo Fresh,WHJKT,Jakarta - Cengkareng,BATCH3705,10/07/2025,04/06/2025,17/01/2027,61,174,12,31,0,2,13.74,3680,12.66,96.18,52,7,$6.01,$5.46,"$1,044.89",2.37,8,0.8784,FIFO,In Stock,0,30/08/2025,-4.94%,93.50%,No Notes,Low,131,In Stock,Low,FALSE,FALSE,0,Low Risk,28.82241379,Fast Moving,0.078965517,0.85,Low,0,0.85,A - Good,213.1579776,Very Uneven (~213+),0
SKU0956,Pantry Product 253,Pantry,C,S001,PT Segar Makmur,WHMDN,Medan - Deli Serdang,BATCH3235,20/03/2025,18/02/2025,24/01/2029,173,19,2,3,0,2,1.59,570,11.95,11.13,13,7,$10.43,$9.91,$198.14,2.51,1,0.9217,FEFO,Low Stock,5,06/07/2025,-3.12%,72.08%,No Notes,Low,14,Low,Low,FALSE,FALSE,0,Low Risk,30.54473684,Fast Moving,0.083684211,0.55,Low,0,0.55,A - Good,202.6218382,High Variation (~206),0
SKU0957,Beverages Product 273,Beverages,B,S002,PT Indo Fresh,WHMDN,Medan - Deli Serdang,BATCH4115,06/09/2025,10/07/2025,19/02/2030,3,259,32,28,0,0,24.51,7030,10.57,98.04,53,4,$6.32,$6.38,"$1,637.66",2.84,10,0.7922,FIFO,In Stock,0,17/07/2025,-0.23%,87.08%,No Notes,Low,199,In Stock,Low,FALSE,FALSE,0,Low Risk,34.54111969,Fast Moving,0.094633205,0.83,Low,0,0.83,A - Good,202.6218382,High Variation (~206),0
SKU0958,Beverages Product 126,Beverages,B,S009,PT Beverage Nusantara,WHDPS,Denpasar - Tabanan,BATCH8350,30/08/2025,20/08/2025,24/01/2030,10,246,191,55,0,0,96.96,2553,2.54,678.72,347,7,$7.31,$8.24,"$1,797.37",11.82,37,0.7313,FIFO,Low Stock,1,18/08/2025,0.64%,73.49%,High return rate,High,0,Out of Stock,Critical,TRUE,TRUE,4.46,High Risk,143.8634146,Very Fast Moving,0.394146341,1.88,Low,4.46,6.34,A - Good,206.5718724,High Variation (~206),16.92
SKU0959,Frozen Product 488,Frozen,B,S001,PT Segar Makmur,WHMDN,Medan - Deli Serdang,BATCH3793,06/05/2025,13/04/2025,07/02/2026,126,378,69,28,1,1,24.02,5190,15.74,72.06,37,3,$3.71,$3.36,"$1,401.85",1.91,10,0.7392,FIFO,In Stock,1,28/07/2025,1.80%,94.44%,No Notes,Low,280,In Stock,Low,FALSE,FALSE,0,Low Risk,23.19391534,Fast Moving,0.063544974,0.78,Low,0,0.78,A - Good,202.6218382,High Variation (~206),0
SKU0960,Meat Product 277,Meat,C,S002,PT Indo Fresh,WHSBY,Surabaya - Sidoarjo,BATCH5809,25/06/2025,09/06/2025,15/07/2025,76,58,8,10,0,0,3.73,1190,15.55,18.65,18,5,$2.97,$3.11,$172.09,1.93,3,0.8356,FIFO,Expiring Soon,5,09/09/2025,-7.26%,80.15%,No Notes,Low,40,Low,Low,FALSE,FALSE,0,Low Risk,23.47327586,Fast Moving,0.064310345,0.82,Low,0,0.82,A - Good,199.2482854,High Variation (~206),0
SKU0961,Pantry Product 112,Pantry,C,S005,PT Agro Raya,WHDPS,Denpasar - Tabanan,BATCH8999,31/08/2025,28/08/2025,05/04/2029,9,94,52,42,6,2,14.33,5230,6.56,28.66,23,2,$6.83,$6.78,$641.78,4.57,4,0.846,FEFO,In Stock,0,09/09/2025,7.21%,78.64%,No Notes,Medium,-6,Out of Stock,Critical,FALSE,FALSE,0,Medium Risk,55.64308511,Very Fast Moving,0.152446809,0.31,Low,0,0.31,A - Good,206.5718724,High Variation (~206),0
SKU0962,Seafood Product 182,Seafood,A,S002,PT Indo Fresh,WHJKT,Jakarta - Cengkareng,BATCH7587,12/06/2025,21/05/2025,17/06/2025,89,239,83,89,0,2,29.15,1103,8.2,29.15,18,1,$14.55,$14.52,"$3,478.53",3.66,10,0.9355,FIFO,Expiring Soon,-2,28/08/2025,-6.82%,92.01%,No Notes,Medium,67,In Stock,Critical,FALSE,FALSE,0,Medium Risk,44.51778243,Fast Moving,0.121966527,0.06,Low,0,0.06,A - Good,213.1579776,Very Uneven (~213+),0
SKU0963,Dairy Product 271,Dairy,C,S009,PT Beverage Nusantara,WHBDG,Bandung - Rancaekek,BATCH8985,27/05/2025,27/05/2025,06/06/2025,105,97,13,21,0,0,7.56,2910,12.83,7.56,7,1,$3.79,$4.21,$367.32,2.34,3,0.8035,FIFO,Expiring Soon,-2,17/06/2025,2.01%,73.34%,No Notes,Low,63,In Stock,Low,FALSE,FALSE,0,Low Risk,28.44742268,Fast Moving,0.077938144,0.2,Low,0,0.2,A - Good,192.2676003,Moderate Imbalance (~192),0
SKU0964,Frozen Product 192,Frozen,C,S005,PT Agro Raya,WHSBY,Surabaya - Sidoarjo,BATCH9788,23/05/2025,02/04/2025,04/01/2026,109,91,12,10,1,1,7.72,2710,11.79,7.72,7,1,$1.36,$1.40,$123.87,2.55,1,0.7508,FEFO,In Stock,-1,27/08/2025,-1.66%,77.47%,No Notes,Low,68,In Stock,Low,FALSE,FALSE,0,Low Risk,30.96483516,Fast Moving,0.084835165,0.25,Low,0,0.25,A - Good,199.2482854,High Variation (~206),0
SKU0965,Pantry Product 225,Pantry,A,S003,PT Prima Distribusi,WHBDG,Bandung - Rancaekek,BATCH1095,11/06/2025,20/05/2025,15/11/2028,90,239,14,35,3,1,22.84,5980,10.46,68.52,39,3,$11.20,$11.13,"$2,676.11",2.87,5,0.7804,FIFO,In Stock,1,26/08/2025,-8.45%,92.22%,No Notes,Low,187,In Stock,Low,FALSE,FALSE,0,Low Risk,34.88117155,Fast Moving,0.095564854,0.66,Low,0,0.66,A - Good,192.2676003,Moderate Imbalance (~192),0
SKU0966,Fresh Product 203,Fresh Produce,C,S007,PT Bakerindo,WHSBY,Surabaya - Sidoarjo,BATCH4260,01/09/2025,03/07/2025,06/09/2025,8,125,95,30,2,1,40.86,1584,3.06,81.72,42,2,$1.18,$1.11,$147.70,9.81,20,0.867,FEFO,Expiring Soon,9,16/06/2025,-3.71%,83.83%,No Notes,Medium,-2,Out of Stock,Critical,FALSE,FALSE,0,High Risk,119.3112,Very Fast Moving,0.32688,0.27,Low,0,0.27,A - Good,199.2482854,High Variation (~206),0
SKU0967,Fresh Product 251,Fresh Produce,C,S009,PT Beverage Nusantara,WHMDN,Medan - Deli Serdang,BATCH3087,19/03/2025,27/02/2025,02/04/2025,174,220,27,12,0,1,26.54,6790,8.29,79.62,47,3,$2.32,$2.35,$511.21,3.62,11,0.7113,FEFO,Expiring Soon,0,07/07/2025,0.62%,76.55%,No Notes,Medium,181,In Stock,Critical,FALSE,FALSE,0,Medium Risk,44.03227273,Fast Moving,0.120636364,0.87,Low,0,0.87,A - Good,202.6218382,High Variation (~206),0
SKU0968,Beverages Product 423,Beverages,A,S007,PT Bakerindo,WHBDG,Bandung - Rancaekek,BATCH1346,12/08/2025,04/08/2025,20/03/2027,28,951,151,138,3,0,75.72,2028,12.56,227.16,118,3,$7.00,$7.58,"$6,661.66",2.39,30,0.893,FIFO,In Stock,1,27/07/2025,-2.38%,60.58%,No Notes,Low,659,In Stock,Low,FALSE,FALSE,0,Low Risk,29.06182965,Fast Moving,0.079621451,0.32,Low,0,0.32,A - Good,192.2676003,Moderate Imbalance (~192),0
SKU0969,Beverages Product 122,Beverages,A,S001,PT Segar Makmur,WHSBY,Surabaya - Sidoarjo,BATCH1131,23/05/2025,26/04/2025,26/09/2029,109,2,232,216,3,2,90.32,2038,0.02,180.64,92,2,$7.05,$6.63,"$11,100.00",1.72,35,0.7695,FEFO,In Stock,0,03/08/2025,1.54%,77.85%,No Notes,Low,-449,Out of Stock,Critical,TRUE,TRUE,1.98,High Risk,16483.4,Very Fast Moving,45.16,0.46,Low,1.98,2.44,A - Good,199.2482854,High Variation (~206),11.96
SKU0970,Fresh Product 220,Fresh Produce,B,S004,PT Nusantara Supplier,WHDPS,Denpasar - Tabanan,BATCH9376,01/08/2025,21/07/2025,15/08/2025,39,416,157,40,0,0,66.62,1756,6.24,466.34,241,7,$2.35,$2.42,$977.18,4.8,22,0.8609,FIFO,Low Stock,0,05/08/2025,-9.83%,94.42%,No Notes,Medium,219,In Stock,Critical,TRUE,TRUE,0.76,Medium Risk,58.45264423,Very Fast Moving,0.160144231,0.97,Low,0.76,1.73,A - Good,206.5718724,High Variation (~206),9.52
SKU0971,Household Product 359,Household,C,S004,PT Nusantara Supplier,WHMDN,Medan - Deli Serdang,BATCH2688,21/07/2025,07/06/2025,17/03/2029,50,22,2,1,3,1,1.37,440,16.06,5.48,12,4,$16.00,$17.53,$352.04,1.87,2,0.7832,FIFO,In Stock,-1,16/08/2025,8.68%,79.96%,No Notes,Low,16,Low,Low,FALSE,FALSE,0,Low Risk,22.72954545,Fast Moving,0.062272727,0.87,Low,0,0.87,A - Good,202.6218382,High Variation (~206),0
SKU0972,Pantry Product 325,Pantry,C,S003,PT Prima Distribusi,WHBDG,Bandung - Rancaekek,BATCH7574,10/08/2025,08/08/2025,07/05/2027,30,68,16,17,1,0,6.17,2120,11.02,18.51,13,3,$8.21,$7.39,$558.46,2.72,4,0.734,FEFO,In Stock,0,16/08/2025,-2.54%,63.21%,No Notes,Low,34,Low,Low,FALSE,FALSE,0,Low Risk,33.11838235,Fast Moving,0.090735294,0.8,Low,0,0.8,A - Good,192.2676003,Moderate Imbalance (~192),0
SKU0973,Bakery Product 316,Bakery,B,S004,PT Nusantara Supplier,WHJKT,Jakarta - Cengkareng,BATCH7673,27/08/2025,25/07/2025,01/09/2025,13,769,111,47,2,1,57.71,1926,13.33,403.97,203,7,$1.37,$1.25,"$1,057.22",2.25,18,0.8575,FEFO,Expiring Soon,2,12/06/2025,2.17%,92.30%,No Notes,Low,609,In Stock,Low,FALSE,FALSE,0,Low Risk,27.39161248,Fast Moving,0.075045514,1,Low,0,1,A - Good,213.1579776,Very Uneven (~213+),0
SKU0974,Meat Product 173,Meat,B,S007,PT Bakerindo,WHMDN,Medan - Deli Serdang,BATCH7997,25/08/2025,15/07/2025,15/09/2025,15,106,25,22,0,0,9.71,3110,10.92,97.1,58,10,$8.36,$7.98,$885.99,2.75,8,0.8318,FIFO,Low Stock,0,02/08/2025,0.65%,61.55%,Promotional item,Low,59,In Stock,Low,FALSE,FALSE,0,Low Risk,33.43537736,Fast Moving,0.091603774,1.68,Low,0,1.68,A - Good,202.6218382,High Variation (~206),0
SKU0975,Meat Product 180,Meat,A,S007,PT Bakerindo,WHBDG,Bandung - Rancaekek,BATCH3977,20/06/2025,18/06/2025,26/06/2025,81,389,118,86,1,2,38.45,1015,10.12,38.45,24,1,$6.00,$5.59,"$2,335.59",2.97,13,0.8269,FIFO,Expiring Soon,5,03/09/2025,8.27%,86.20%,No Notes,Low,184,In Stock,Low,FALSE,FALSE,0,Low Risk,36.0777635,Fast Moving,0.098843188,0.17,Low,0,0.17,A - Good,192.2676003,Moderate Imbalance (~192),0
SKU0976,Seafood Product 147,Seafood,C,S008,PT Hygienic Supplies,WHSBY,Surabaya - Sidoarjo,BATCH8059,07/04/2025,27/03/2025,11/04/2025,155,34,5,0,0,0,2.99,1070,11.37,2.99,5,1,$13.33,$12.08,$453.11,2.64,3,0.7395,FEFO,Expiring Soon,-1,09/07/2025,-3.28%,93.72%,No Notes,Low,29,Low,Low,FALSE,FALSE,0,Low Risk,32.09852941,Fast Moving,0.087941176,0.26,Low,0,0.26,A - Good,199.2482854,High Variation (~206),0
SKU0977,Seafood Product 50,Seafood,B,S001,PT Segar Makmur,WHDPS,Denpasar - Tabanan,BATCH6907,07/08/2025,21/06/2025,15/08/2025,33,264,68,72,0,0,23.88,7660,11.06,47.76,27,2,$5.81,$6.67,"$1,534.16",2.71,11,0.7143,FEFO,Expiring Soon,-3,26/06/2025,4.74%,86.21%,No Notes,Low,124,In Stock,Low,FALSE,FALSE,0,Low Risk,33.01590909,Fast Moving,0.090454545,0.57,Low,0,0.57,A - Good,206.5718724,High Variation (~206),0
SKU0978,Bakery Product 333,Bakery,B,S005,PT Agro Raya,WHBDG,Bandung - Rancaekek,BATCH2429,13/04/2025,16/02/2025,18/04/2025,149,779,141,55,0,0,45.15,1574,17.25,90.3,52,2,$1.49,$1.71,"$1,163.59",1.74,15,0.8522,FIFO,Expiring Soon,-2,24/08/2025,9.19%,79.66%,No Notes,Low,583,In Stock,Low,FALSE,FALSE,0,Low Risk,21.15500642,Fast Moving,0.057958922,0.3,Low,0,0.3,A - Good,192.2676003,Moderate Imbalance (~192),0
SKU0979,Pantry Product 22,Pantry,A,S010,PT DailyDairy,WHBDG,Bandung - Rancaekek,BATCH8303,22/07/2025,24/05/2025,04/07/2030,49,176,36,4,2,0,15.22,3610,11.56,76.1,39,5,$14.91,$16.94,"$2,623.97",2.59,10,0.9684,FIFO,In Stock,2,31/08/2025,-3.67%,95.95%,No Notes,Low,134,In Stock,Low,FALSE,FALSE,0,Low Risk,31.56420455,Fast Moving,0.086477273,0.16,Low,0,0.16,A - Good,192.2676003,Moderate Imbalance (~192),0
SKU0980,Pantry Product 155,Pantry,C,S008,PT Hygienic Supplies,WHBDG,Bandung - Rancaekek,BATCH1717,26/04/2025,18/04/2025,06/03/2027,136,71,13,22,2,1,11.78,3750,6.03,117.8,65,10,$4.62,$4.54,$328.18,4.98,4,0.8137,FIFO,Low Stock,-1,18/07/2025,4.55%,84.60%,No Notes,Medium,34,Low,Critical,TRUE,TRUE,3.97,Medium Risk,60.55915493,Very Fast Moving,0.165915493,1.86,Low,3.97,5.83,A - Good,192.2676003,Moderate Imbalance (~192),15.94
SKU0981,Meat Product 450,Meat,B,S009,PT Beverage Nusantara,WHSBY,Surabaya - Sidoarjo,BATCH2923,08/06/2025,11/04/2025,27/06/2025,93,210,73,58,1,3,24.49,8780,8.57,48.98,29,2,$5.13,$4.86,"$1,076.46",3.5,10,0.9496,FEFO,Expiring Soon,1,01/09/2025,1.03%,62.73%,No Notes,Medium,78,In Stock,Critical,FALSE,FALSE,0,Medium Risk,42.56595238,Fast Moving,0.116619048,0.1,Low,0,0.1,A - Good,199.2482854,High Variation (~206),0
SKU0982,Pantry Product 488,Pantry,C,S009,PT Beverage Nusantara,WHJKT,Jakarta - Cengkareng,BATCH5491,29/07/2025,15/06/2025,07/12/2029,42,48,31,4,3,1,12.49,2880,3.84,87.43,49,7,$12.33,$13.55,$591.75,7.81,4,0.9879,FIFO,Low Stock,3,03/08/2025,5.55%,97.71%,Temperature controlled,Medium,10,Low,Critical,TRUE,TRUE,3.16,High Risk,94.97604167,Very Fast Moving,0.260208333,0.08,Low,3.16,3.24,A - Good,213.1579776,Very Uneven (~213+),14.32
SKU0983,Fresh Product 498,Fresh Produce,C,S004,PT Nusantara Supplier,WHMDN,Medan - Deli Serdang,BATCH9723,06/05/2025,12/03/2025,19/05/2025,126,340,32,74,0,0,30.47,1175,11.16,121.88,67,4,$1.09,$1.25,$370.67,2.69,9,0.8851,FIFO,Expiring Soon,0,19/08/2025,-5.42%,86.84%,No Notes,Low,234,In Stock,Low,FALSE,FALSE,0,Low Risk,32.71044118,Fast Moving,0.089617647,0.46,Low,0,0.46,A - Good,202.6218382,High Variation (~206),0
SKU0984,Frozen Product 288,Frozen,C,S007,PT Bakerindo,WHMDN,Medan - Deli Serdang,BATCH4390,07/04/2025,27/03/2025,12/12/2025,155,516,49,93,1,0,44.49,1198,11.6,44.49,23,1,$1.08,$0.99,$559.50,2.59,15,0.898,FIFO,In Stock,3,20/08/2025,-1.27%,62.76%,No Notes,Low,373,In Stock,Low,FALSE,FALSE,0,Low Risk,31.47063953,Fast Moving,0.08622093,0.1,Low,0,0.1,A - Good,202.6218382,High Variation (~206),0
SKU0985,Pantry Product 5,Pantry,C,S009,PT Beverage Nusantara,WHMDN,Medan - Deli Serdang,BATCH9602,04/05/2025,18/04/2025,22/04/2030,128,91,13,9,4,0,6.8,2610,13.38,27.2,18,4,$3.16,$3.25,$287.46,2.24,3,0.9174,FEFO,In Stock,-2,12/08/2025,7.95%,77.15%,No Notes,Low,65,In Stock,Low,FALSE,FALSE,0,Low Risk,27.27472527,Fast Moving,0.074725275,0.33,Low,0,0.33,A - Good,202.6218382,High Variation (~206),0
SKU0986,Meat Product 61,Meat,C,S003,PT Prima Distribusi,WHBDG,Bandung - Rancaekek,BATCH5781,29/08/2025,27/08/2025,10/09/2025,11,50,23,23,3,0,10.12,3640,4.94,10.12,12,1,$9.13,$9.16,$456.49,6.07,6,0.8299,FIFO,Expiring Soon,-4,05/08/2025,-5.31%,92.17%,No Notes,Medium,1,Low,Critical,FALSE,FALSE,0,High Risk,73.876,Very Fast Moving,0.2024,0.17,Low,0,0.17,A - Good,192.2676003,Moderate Imbalance (~192),0
SKU0987,Meat Product 405,Meat,B,S001,PT Segar Makmur,WHBDG,Bandung - Rancaekek,BATCH1022,18/07/2025,07/06/2025,26/07/2025,53,159,68,91,3,0,28.67,9280,5.55,143.35,81,5,$8.30,$8.96,"$1,319.95",5.41,6,0.7669,FEFO,Low Stock,4,21/06/2025,-8.98%,61.66%,No Notes,Medium,-3,Out of Stock,Critical,FALSE,FALSE,0,Medium Risk,65.81477987,Very Fast Moving,0.180314465,1.17,Low,0,1.17,A - Good,192.2676003,Moderate Imbalance (~192),0
SKU0988,Bakery Product 43,Bakery,C,S009,PT Beverage Nusantara,WHSBY,Surabaya - Sidoarjo,BATCH5831,06/08/2025,17/07/2025,11/08/2025,34,332,30,13,1,0,42.31,1326,7.85,42.31,25,1,$1.98,$1.89,$657.59,3.82,18,0.9076,FIFO,Expiring Soon,3,21/06/2025,7.32%,64.71%,No Notes,Medium,288,In Stock,Critical,FALSE,FALSE,0,Medium Risk,46.51551205,Fast Moving,0.127439759,0.09,Low,0,0.09,A - Good,199.2482854,High Variation (~206),0
SKU0989,Household Product 113,Household,C,S005,PT Agro Raya,WHBDG,Bandung - Rancaekek,BATCH9804,06/07/2025,25/05/2025,07/08/2026,65,75,11,9,1,1,6.84,1770,10.96,13.68,15,2,$8.54,$8.62,$640.31,2.74,4,0.741,FIFO,In Stock,0,13/06/2025,9.64%,97.00%,No Notes,Low,54,In Stock,Low,FALSE,FALSE,0,Low Risk,33.288,Fast Moving,0.0912,0.52,Low,0,0.52,A - Good,192.2676003,Moderate Imbalance (~192),0
SKU0990,Pantry Product 446,Pantry,C,S010,PT DailyDairy,WHDPS,Denpasar - Tabanan,BATCH4614,19/07/2025,29/06/2025,09/01/2029,52,13,7,3,1,1,2.64,570,4.92,7.92,7,3,$8.59,$7.92,$111.63,6.09,3,0.8801,FEFO,Low Stock,-2,14/08/2025,3.99%,75.51%,No Notes,Medium,2,Low,Critical,FALSE,FALSE,0,High Risk,74.12307692,Very Fast Moving,0.203076923,0.36,Low,0,0.36,A - Good,206.5718724,High Variation (~206),0
SKU0991,Household Product 386,Household,C,S007,PT Bakerindo,WHBDG,Bandung - Rancaekek,BATCH8109,18/05/2025,25/04/2025,04/09/2027,114,117,38,29,0,0,13.97,4590,8.38,69.85,44,5,$2.66,$2.86,$311.48,3.58,5,0.8375,FIFO,In Stock,1,10/07/2025,1.89%,71.86%,High return rate,Medium,50,In Stock,Critical,FALSE,FALSE,0,Medium Risk,43.58162393,Fast Moving,0.119401709,0.81,Low,0,0.81,A - Good,192.2676003,Moderate Imbalance (~192),0
SKU0992,Frozen Product 418,Frozen,C,S003,PT Prima Distribusi,WHBDG,Bandung - Rancaekek,BATCH3955,17/04/2025,07/03/2025,16/02/2026,145,158,21,28,0,0,13.63,4800,11.59,40.89,23,3,$4.74,$4.85,$748.56,2.59,4,0.8062,FEFO,In Stock,1,07/09/2025,8.98%,60.23%,No Notes,Low,109,In Stock,Low,FALSE,FALSE,0,Low Risk,31.48702532,Fast Moving,0.086265823,0.58,Low,0,0.58,A - Good,192.2676003,Moderate Imbalance (~192),0
SKU0993,Personal Product 419,Personal Care,B,S007,PT Bakerindo,WHDPS,Denpasar - Tabanan,BATCH3351,23/07/2025,19/07/2025,12/12/2026,48,165,24,16,2,0,13.27,4300,12.43,66.35,36,5,$7.07,$8.09,"$1,167.03",2.41,3,0.8755,FEFO,In Stock,2,09/08/2025,0.75%,82.44%,No Notes,Low,123,In Stock,Low,FALSE,FALSE,0,Low Risk,29.35484848,Fast Moving,0.080424242,0.62,Low,0,0.62,A - Good,206.5718724,High Variation (~206),0
SKU0994,Pantry Product 207,Pantry,C,S002,PT Indo Fresh,WHDPS,Denpasar - Tabanan,BATCH2633,05/08/2025,12/07/2025,29/08/2026,35,97,6,18,1,1,7.04,1690,13.78,14.08,15,2,$3.35,$3.67,$325.02,2.18,4,0.9109,FEFO,In Stock,1,07/09/2025,-2.78%,72.78%,Seasonal SKU,Low,72,In Stock,Low,FALSE,FALSE,0,Low Risk,26.49072165,Fast Moving,0.07257732,0.18,Low,0,0.18,A - Good,206.5718724,High Variation (~206),0
SKU0995,Beverages Product 330,Beverages,C,S001,PT Segar Makmur,WHBDG,Bandung - Rancaekek,BATCH5385,08/07/2025,29/06/2025,26/12/2026,63,244,54,39,3,1,33.68,8480,7.24,235.76,125,7,$2.39,$2.74,$583.01,4.14,15,0.7398,FIFO,Low Stock,0,08/09/2025,2.21%,66.35%,No Notes,Medium,148,In Stock,Critical,FALSE,FALSE,0,Medium Risk,50.38196721,Very Fast Moving,0.138032787,1.82,Low,0,1.82,A - Good,192.2676003,Moderate Imbalance (~192),0
SKU0996,Fresh Product 377,Fresh Produce,C,S006,PT Frozen Express,WHJKT,Jakarta - Cengkareng,BATCH8871,20/07/2025,02/06/2025,25/07/2025,51,382,64,48,1,0,31.9,6780,11.97,319,166,10,$0.99,$1.05,$379.21,2.51,8,0.7906,FEFO,Low Stock,2,20/08/2025,-6.23%,80.85%,No Notes,Low,269,In Stock,Low,FALSE,FALSE,0,Low Risk,30.48036649,Fast Moving,0.083507853,2.09,Medium,0,2.09,B - Normal,213.1579776,Very Uneven (~213+),0
SKU0997,Frozen Product 125,Frozen,C,S001,PT Segar Makmur,WHDPS,Denpasar - Tabanan,BATCH9906,16/03/2025,09/03/2025,19/11/2025,177,208,27,96,0,1,40.03,1019,5.2,200.15,107,5,$2.54,$2.31,$527.28,5.77,15,0.744,FIFO,Low Stock,0,04/09/2025,1.33%,88.43%,Promotional item,Medium,85,In Stock,Critical,FALSE,FALSE,0,Medium Risk,70.24495192,Very Fast Moving,0.192451923,1.28,Low,0,1.28,A - Good,206.5718724,High Variation (~206),0
SKU0998,Fresh Product 454,Fresh Produce,C,S007,PT Bakerindo,WHBDG,Bandung - Rancaekek,BATCH1393,09/09/2025,26/08/2025,15/09/2025,0,264,48,13,1,2,26.13,7970,10.1,261.3,133,10,$0.69,$0.71,$181.39,2.97,9,0.9217,FEFO,Low Stock,0,22/07/2025,5.47%,91.92%,Promotional item,Low,202,In Stock,Low,FALSE,FALSE,0,Low Risk,36.12670455,Fast Moving,0.098977273,0.78,Low,0,0.78,A - Good,192.2676003,Moderate Imbalance (~192),0
SKU0999,Meat Product 451,Meat,C,S007,PT Bakerindo,WHJKT,Jakarta - Cengkareng,BATCH2804,07/05/2025,23/04/2025,17/05/2025,125,33,33,0,2,2,23.48,6760,1.41,117.4,64,5,$2.38,$2.71,$78.48,21.35,13,0.924,FIFO,Low Stock,0,04/08/2025,0.46%,93.18%,No Notes,High,-2,Out of Stock,Critical,TRUE,TRUE,3.59,High Risk,259.7030303,Very Fast Moving,0.711515152,0.38,Low,3.59,3.97,A - Good,213.1579776,Very Uneven (~213+),15.18
SKU1000,Pantry Product 61,Pantry,B,S006,PT Frozen Express,WHJKT,Jakarta - Cengkareng,BATCH3475,29/08/2025,18/08/2025,18/01/2030,11,102,18,10,1,0,11.88,2740,8.59,23.76,13,2,$10.98,$10.08,"$1,120.29",3.49,11,0.87,FEFO,In Stock,1,04/07/2025,-5.75%,93.05%,No Notes,Medium,73,In Stock,Critical,FALSE,FALSE,0,Medium Risk,42.51176471,Fast Moving,0.116470588,0.26,Low,0,0.26,A - Good,213.1579776,Very Uneven (~213+),0
